Question,Answer,Category,question,answer,category
የጥርስ እንክብካቤ እንዴት መከላከል ይቻላል?,የጥርስ እንክብካቤ ብዙውን ጊዜ በአካል እንቅስቃሴ እና በጤናማ መመገብ ይታወቃል።,definition,የጥርስ እንክብካቤ እንዴት መከላከል ይቻላል?,የጥርስ እንክብካቤ ብዙውን ጊዜ በአካል እንቅስቃሴ እና በጤናማ መመገብ ይታወቃል።,definition
የልብ ጤና ምን ምልክቶች ይኖሩታል?,የልብ ጤና ምልክቶቹ በሰው ሰው ይለያያሉ ፣ ግን ብዙ ጊዜ ታዋቂ ይሆናሉ።,list,የልብ ጤና ምን ምልክቶች ይኖሩታል?,የልብ ጤና ምልክቶቹ በሰው ሰው ይለያያሉ ፣ ግን ብዙ ጊዜ ታዋቂ ይሆናሉ።,list
ኢንፍሉዌንዛ ለእጅግ አደገኛ ነው?,ኢንፍሉዌንዛ ምልክቶቹ በሰው ሰው ይለያያሉ ፣ ግን ብዙ ጊዜ ታዋቂ ይሆናሉ።,list,ኢንፍሉዌንዛ ለእጅግ አደገኛ ነው?,ኢንፍሉዌንዛ ምልክቶቹ በሰው ሰው ይለያያሉ ፣ ግን ብዙ ጊዜ ታዋቂ ይሆናሉ።,list
የስኳር በሽታ ከመደበኛ ምግብ ጋር ምን ግንኙነት አለው?,የስኳር በሽታ በመቆጣጠር እና በመመገብ ሊቀንስ ይችላል።,description,የስኳር በሽታ ከመደበኛ ምግብ ጋር ምን ግንኙነት አለው?,የስኳር በሽታ በመቆጣጠር እና በመመገብ ሊቀንስ ይችላል።,description
የህፃናት ጤና እንዴት መከላከል ይቻላል?,የህፃናት ጤና ምልክቶቹ በሰው ሰው ይለያያሉ ፣ ግን ብዙ ጊዜ ታዋቂ ይሆናሉ።,definition,የህፃናት ጤና እንዴት መከላከል ይቻላል?,የህፃናት ጤና ምልክቶቹ በሰው ሰው ይለያያሉ ፣ ግን ብዙ ጊዜ ታዋቂ ይሆናሉ።,definition
ኢንፍሉዌንዛ እንዴት ማስተካከል ይቻላል?,ኢንፍሉዌንዛ ለመከላከል የጤና መመሪያዎችን መከተል አስፈላጊ ነው።,definition,ኢንፍሉዌንዛ እንዴት ማስተካከል ይቻላል?,ኢንፍሉዌንዛ ለመከላከል የጤና መመሪያዎችን መከተል አስፈላጊ ነው።,definition
የልብ ጤና ምን ያስከትላል?,የልብ ጤና በሰውነት ላይ ትልቅ ተፅዕኖ ያሳያል።,list,የልብ ጤና ምን ያስከትላል?,የልብ ጤና በሰውነት ላይ ትልቅ ተፅዕኖ ያሳያል።,list
የውስጥ እብጠት ለእጅግ አደገኛ ነው?,የውስጥ እብጠት ብዙውን ጊዜ በአካል እንቅስቃሴ እና በጤናማ መመገብ ይታወቃል።,list,የውስጥ እብጠት ለእጅግ አደገኛ ነው?,የውስጥ እብጠት ብዙውን ጊዜ በአካል እንቅስቃሴ እና በጤናማ መመገብ ይታወቃል።,list
የደም ግፊት ምን ያስከትላል?,የደም ግፊት ለመከላከል የጤና መመሪያዎችን መከተል አስፈላጊ ነው።,list,የደም ግፊት ምን ያስከትላል?,የደም ግፊት ለመከላከል የጤና መመሪያዎችን መከተል አስፈላጊ ነው።,list
የደም ግፊት ምን ምልክቶች ይኖሩታል?,የደም ግፊት አብዛኛውን ጊዜ በተፈጥሯዊ መንገድ ሊቀንስ ይችላል።,list,የደም ግፊት ምን ምልክቶች ይኖሩታል?,የደም ግፊት አብዛኛውን ጊዜ በተፈጥሯዊ መንገድ ሊቀንስ ይችላል።,list
የህፃናት ጤና እንዴት ማስተካከል ይቻላል?,የህፃናት ጤና ብዙውን ጊዜ በአካል እንቅስቃሴ እና በጤናማ መመገብ ይታወቃል።,definition,የህፃናት ጤና እንዴት ማስተካከል ይቻላል?,የህፃናት ጤና ብዙውን ጊዜ በአካል እንቅስቃሴ እና በጤናማ መመገብ ይታወቃል።,definition
ቫይታሚን ምን ያስከትላል?,ቫይታሚን አብዛኛውን ጊዜ በተፈጥሯዊ መንገድ ሊቀንስ ይችላል።,list,ቫይታሚን ምን ያስከትላል?,ቫይታሚን አብዛኛውን ጊዜ በተፈጥሯዊ መንገድ ሊቀንስ ይችላል።,list
ኮቪድ-19 እንዴት መከላከል ይቻላል?,ኮቪድ-19 አብዛኛውን ጊዜ በተፈጥሯዊ መንገድ ሊቀንስ ይችላል።,definition,ኮቪድ-19 እንዴት መከላከል ይቻላል?,ኮቪድ-19 አብዛኛውን ጊዜ በተፈጥሯዊ መንገድ ሊቀንስ ይችላል።,definition
የህፃናት ጤና እንዴት ማስታወቂያ ይሁን?,የህፃናት ጤና ብዙውን ጊዜ በአካል እንቅስቃሴ እና በጤናማ መመገብ ይታወቃል።,definition,የህፃናት ጤና እንዴት ማስታወቂያ ይሁን?,የህፃናት ጤና ብዙውን ጊዜ በአካል እንቅስቃሴ እና በጤናማ መመገብ ይታወቃል።,definition
የልብ ጤና ምን መመገብ አለብኝ?,የልብ ጤና በሰውነት ላይ ትልቅ ተፅዕኖ ያሳያል።,list,የልብ ጤና ምን መመገብ አለብኝ?,የልብ ጤና በሰውነት ላይ ትልቅ ተፅዕኖ ያሳያል።,list
ቫይታሚን ምን መመገብ አለብኝ?,ቫይታሚን ብዙውን ጊዜ በአካል እንቅስቃሴ እና በጤናማ መመገብ ይታወቃል።,list,ቫይታሚን ምን መመገብ አለብኝ?,ቫይታሚን ብዙውን ጊዜ በአካል እንቅስቃሴ እና በጤናማ መመገብ ይታወቃል።,list
የእንቁላል ጤና ምን ምልክቶች ይኖሩታል?,የእንቁላል ጤና በመቆጣጠር እና በመመገብ ሊቀንስ ይችላል።,list,የእንቁላል ጤና ምን ምልክቶች ይኖሩታል?,የእንቁላል ጤና በመቆጣጠር እና በመመገብ ሊቀንስ ይችላል።,list
ኢንፍሉዌንዛ እንዴት ማስተካከል ይቻላል?,ኢንፍሉዌንዛ ለመከላከል የጤና መመሪያዎችን መከተል አስፈላጊ ነው።,definition,ኢንፍሉዌንዛ እንዴት ማስተካከል ይቻላል?,ኢንፍሉዌንዛ ለመከላከል የጤና መመሪያዎችን መከተል አስፈላጊ ነው።,definition
የልብ ጤና ለእጅግ አደገኛ ነው?,የልብ ጤና ምልክቶቹ በሰው ሰው ይለያያሉ ፣ ግን ብዙ ጊዜ ታዋቂ ይሆናሉ።,list,የልብ ጤና ለእጅግ አደገኛ ነው?,የልብ ጤና ምልክቶቹ በሰው ሰው ይለያያሉ ፣ ግን ብዙ ጊዜ ታዋቂ ይሆናሉ።,list
የእንቁላል ጤና ምንድን ነው?,የእንቁላል ጤና አብዛኛውን ጊዜ በተፈጥሯዊ መንገድ ሊቀንስ ይችላል።,description,የእንቁላል ጤና ምንድን ነው?,የእንቁላል ጤና አብዛኛውን ጊዜ በተፈጥሯዊ መንገድ ሊቀንስ ይችላል።,description
የእንቅልፍ ጥራት እንዴት መከላከል ይቻላል?,የእንቅልፍ ጥራት አብዛኛውን ጊዜ በተፈጥሯዊ መንገድ ሊቀንስ ይችላል።,definition,የእንቅልፍ ጥራት እንዴት መከላከል ይቻላል?,የእንቅልፍ ጥራት አብዛኛውን ጊዜ በተፈጥሯዊ መንገድ ሊቀንስ ይችላል።,definition
የእንቅስቃሴ እጅግ ጥቅም እንዴት ማስታወቂያ ይሁን?,የእንቅስቃሴ እጅግ ጥቅም ብዙውን ጊዜ በአካል እንቅስቃሴ እና በጤናማ መመገብ ይታወቃል።,definition,የእንቅስቃሴ እጅግ ጥቅም እንዴት ማስታወቂያ ይሁን?,የእንቅስቃሴ እጅግ ጥቅም ብዙውን ጊዜ በአካል እንቅስቃሴ እና በጤናማ መመገብ ይታወቃል።,definition
የህፃናት ጤና በህፃናት ውስጥ እንዴት ይታያል?,የህፃናት ጤና በመቆጣጠር እና በመመገብ ሊቀንስ ይችላል።,definition,የህፃናት ጤና በህፃናት ውስጥ እንዴት ይታያል?,የህፃናት ጤና በመቆጣጠር እና በመመገብ ሊቀንስ ይችላል።,definition
ቫይታሚን ምን ያስከትላል?,ቫይታሚን ለመከላከል የጤና መመሪያዎችን መከተል አስፈላጊ ነው።,list,ቫይታሚን ምን ያስከትላል?,ቫይታሚን ለመከላከል የጤና መመሪያዎችን መከተል አስፈላጊ ነው።,list
ኮቪድ-19 እንዴት ማስተካከል ይቻላል?,ኮቪድ-19 ለመከላከል የጤና መመሪያዎችን መከተል አስፈላጊ ነው።,definition,ኮቪድ-19 እንዴት ማስተካከል ይቻላል?,ኮቪድ-19 ለመከላከል የጤና መመሪያዎችን መከተል አስፈላጊ ነው።,definition
የእንቅልፍ ጥራት እንዴት ማስተካከል ይቻላል?,የእንቅልፍ ጥራት ብዙውን ጊዜ በአካል እንቅስቃሴ እና በጤናማ መመገብ ይታወቃል።,definition,የእንቅልፍ ጥራት እንዴት ማስተካከል ይቻላል?,የእንቅልፍ ጥራት ብዙውን ጊዜ በአካል እንቅስቃሴ እና በጤናማ መመገብ ይታወቃል።,definition
የእርግዝና እንክብካቤ ምን ምልክቶች ይኖሩታል?,የእርግዝና እንክብካቤ ለመከላከል የጤና መመሪያዎችን መከተል አስፈላጊ ነው።,list,የእርግዝና እንክብካቤ ምን ምልክቶች ይኖሩታል?,የእርግዝና እንክብካቤ ለመከላከል የጤና መመሪያዎችን መከተል አስፈላጊ ነው።,list
የስኳር በሽታ እንዴት ማስታወቂያ ይሁን?,የስኳር በሽታ ብዙውን ጊዜ በአካል እንቅስቃሴ እና በጤናማ መመገብ ይታወቃል።,definition,የስኳር በሽታ እንዴት ማስታወቂያ ይሁን?,የስኳር በሽታ ብዙውን ጊዜ በአካል እንቅስቃሴ እና በጤናማ መመገብ ይታወቃል።,definition
የምግብ መመገብ ከመደበኛ ምግብ ጋር ምን ግንኙነት አለው?,የምግብ መመገብ በተወሰነ ህክምና እና በቅድሚያ መከላከል ሊተካ ይችላል።,list,የምግብ መመገብ ከመደበኛ ምግብ ጋር ምን ግንኙነት አለው?,የምግብ መመገብ በተወሰነ ህክምና እና በቅድሚያ መከላከል ሊተካ ይችላል።,list
የስኳር በሽታ ምን ምልክቶች ይኖሩታል?,የስኳር በሽታ ምልክቶቹ በሰው ሰው ይለያያሉ ፣ ግን ብዙ ጊዜ ታዋቂ ይሆናሉ።,list,የስኳር በሽታ ምን ምልክቶች ይኖሩታል?,የስኳር በሽታ ምልክቶቹ በሰው ሰው ይለያያሉ ፣ ግን ብዙ ጊዜ ታዋቂ ይሆናሉ።,list
የእንቁላል ጤና በህፃናት ውስጥ እንዴት ይታያል?,የእንቁላል ጤና አብዛኛውን ጊዜ በተፈጥሯዊ መንገድ ሊቀንስ ይችላል።,definition,የእንቁላል ጤና በህፃናት ውስጥ እንዴት ይታያል?,የእንቁላል ጤና አብዛኛውን ጊዜ በተፈጥሯዊ መንገድ ሊቀንስ ይችላል።,definition
የጥርስ እንክብካቤ ምንድን ነው?,የጥርስ እንክብካቤ በተወሰነ ህክምና እና በቅድሚያ መከላከል ሊተካ ይችላል።,description,የጥርስ እንክብካቤ ምንድን ነው?,የጥርስ እንክብካቤ በተወሰነ ህክምና እና በቅድሚያ መከላከል ሊተካ ይችላል።,description
የህፃናት ጤና ምን ያስከትላል?,የህፃናት ጤና በሰውነት ላይ ትልቅ ተፅዕኖ ያሳያል።,list,የህፃናት ጤና ምን ያስከትላል?,የህፃናት ጤና በሰውነት ላይ ትልቅ ተፅዕኖ ያሳያል።,list
የእንቁላል ጤና ምን መመገብ አለብኝ?,የእንቁላል ጤና በተወሰነ ህክምና እና በቅድሚያ መከላከል ሊተካ ይችላል።,list,የእንቁላል ጤና ምን መመገብ አለብኝ?,የእንቁላል ጤና በተወሰነ ህክምና እና በቅድሚያ መከላከል ሊተካ ይችላል።,list
ኢንፍሉዌንዛ ከመደበኛ ምግብ ጋር ምን ግንኙነት አለው?,ኢንፍሉዌንዛ በተወሰነ ህክምና እና በቅድሚያ መከላከል ሊተካ ይችላል።,list,ኢንፍሉዌንዛ ከመደበኛ ምግብ ጋር ምን ግንኙነት አለው?,ኢንፍሉዌንዛ በተወሰነ ህክምና እና በቅድሚያ መከላከል ሊተካ ይችላል።,list
ኢንፍሉዌንዛ ከመደበኛ ምግብ ጋር ምን ግንኙነት አለው?,ኢንፍሉዌንዛ ለመከላከል የጤና መመሪያዎችን መከተል አስፈላጊ ነው።,list,ኢንፍሉዌንዛ ከመደበኛ ምግብ ጋር ምን ግንኙነት አለው?,ኢንፍሉዌንዛ ለመከላከል የጤና መመሪያዎችን መከተል አስፈላጊ ነው።,list
ኮቪድ-19 እንዴት ማስታወቂያ ይሁን?,ኮቪድ-19 በተወሰነ ህክምና እና በቅድሚያ መከላከል ሊተካ ይችላል።,definition,ኮቪድ-19 እንዴት ማስታወቂያ ይሁን?,ኮቪድ-19 በተወሰነ ህክምና እና በቅድሚያ መከላከል ሊተካ ይችላል።,definition
የቆዳ ችግኝ እንዴት ማስተካከል ይቻላል?,የቆዳ ችግኝ በመቆጣጠር እና በመመገብ ሊቀንስ ይችላል።,definition,የቆዳ ችግኝ እንዴት ማስተካከል ይቻላል?,የቆዳ ችግኝ በመቆጣጠር እና በመመገብ ሊቀንስ ይችላል።,definition
የልብ ጤና ምንድን ነው?,የልብ ጤና ብዙውን ጊዜ በአካል እንቅስቃሴ እና በጤናማ መመገብ ይታወቃል።,description,የልብ ጤና ምንድን ነው?,የልብ ጤና ብዙውን ጊዜ በአካል እንቅስቃሴ እና በጤናማ መመገብ ይታወቃል።,description
ኢንፍሉዌንዛ እንዴት ማስታወቂያ ይሁን?,ኢንፍሉዌንዛ አብዛኛውን ጊዜ በተፈጥሯዊ መንገድ ሊቀንስ ይችላል።,definition,ኢንፍሉዌንዛ እንዴት ማስታወቂያ ይሁን?,ኢንፍሉዌንዛ አብዛኛውን ጊዜ በተፈጥሯዊ መንገድ ሊቀንስ ይችላል።,definition
ቫይረስ ምንድን ነው?,ቫይረስ ምልክቶቹ በሰው ሰው ይለያያሉ ፣ ግን ብዙ ጊዜ ታዋቂ ይሆናሉ።,description,ቫይረስ ምንድን ነው?,ቫይረስ ምልክቶቹ በሰው ሰው ይለያያሉ ፣ ግን ብዙ ጊዜ ታዋቂ ይሆናሉ።,description
የልብ ጤና በህፃናት ውስጥ እንዴት ይታያል?,የልብ ጤና በሰውነት ላይ ትልቅ ተፅዕኖ ያሳያል።,definition,የልብ ጤና በህፃናት ውስጥ እንዴት ይታያል?,የልብ ጤና በሰውነት ላይ ትልቅ ተፅዕኖ ያሳያል።,definition
የእጅ ንጽህና እንዴት ማስተካከል ይቻላል?,የእጅ ንጽህና ብዙውን ጊዜ በአካል እንቅስቃሴ እና በጤናማ መመገብ ይታወቃል።,definition,የእጅ ንጽህና እንዴት ማስተካከል ይቻላል?,የእጅ ንጽህና ብዙውን ጊዜ በአካል እንቅስቃሴ እና በጤናማ መመገብ ይታወቃል።,definition
የእጅ ንጽህና እንዴት ማስታወቂያ ይሁን?,የእጅ ንጽህና በሰውነት ላይ ትልቅ ተፅዕኖ ያሳያል።,definition,የእጅ ንጽህና እንዴት ማስታወቂያ ይሁን?,የእጅ ንጽህና በሰውነት ላይ ትልቅ ተፅዕኖ ያሳያል።,definition
የውስጥ እብጠት እንዴት ማስታወቂያ ይሁን?,የውስጥ እብጠት ብዙውን ጊዜ በአካል እንቅስቃሴ እና በጤናማ መመገብ ይታወቃል።,definition,የውስጥ እብጠት እንዴት ማስታወቂያ ይሁን?,የውስጥ እብጠት ብዙውን ጊዜ በአካል እንቅስቃሴ እና በጤናማ መመገብ ይታወቃል።,definition
ኢንፍሉዌንዛ እንዴት ማስታወቂያ ይሁን?,ኢንፍሉዌንዛ በሰውነት ላይ ትልቅ ተፅዕኖ ያሳያል።,definition,ኢንፍሉዌንዛ እንዴት ማስታወቂያ ይሁን?,ኢንፍሉዌንዛ በሰውነት ላይ ትልቅ ተፅዕኖ ያሳያል።,definition
የጥርስ እንክብካቤ ምንድን ነው?,የጥርስ እንክብካቤ በሰውነት ላይ ትልቅ ተፅዕኖ ያሳያል።,description,የጥርስ እንክብካቤ ምንድን ነው?,የጥርስ እንክብካቤ በሰውነት ላይ ትልቅ ተፅዕኖ ያሳያል።,description
ኢንፍሉዌንዛ እንዴት ማስተካከል ይቻላል?,ኢንፍሉዌንዛ በሰውነት ላይ ትልቅ ተፅዕኖ ያሳያል።,definition,ኢንፍሉዌንዛ እንዴት ማስተካከል ይቻላል?,ኢንፍሉዌንዛ በሰውነት ላይ ትልቅ ተፅዕኖ ያሳያል።,definition
የምግብ መመገብ ከመደበኛ ምግብ ጋር ምን ግንኙነት አለው?,የምግብ መመገብ ለመከላከል የጤና መመሪያዎችን መከተል አስፈላጊ ነው።,list,የምግብ መመገብ ከመደበኛ ምግብ ጋር ምን ግንኙነት አለው?,የምግብ መመገብ ለመከላከል የጤና መመሪያዎችን መከተል አስፈላጊ ነው።,list
ቫይታሚን ምን መመገብ አለብኝ?,ቫይታሚን በመቆጣጠር እና በመመገብ ሊቀንስ ይችላል።,list,ቫይታሚን ምን መመገብ አለብኝ?,ቫይታሚን በመቆጣጠር እና በመመገብ ሊቀንስ ይችላል።,list
የቆዳ ችግኝ ምን ምልክቶች ይኖሩታል?,የቆዳ ችግኝ አብዛኛውን ጊዜ በተፈጥሯዊ መንገድ ሊቀንስ ይችላል።,list,የቆዳ ችግኝ ምን ምልክቶች ይኖሩታል?,የቆዳ ችግኝ አብዛኛውን ጊዜ በተፈጥሯዊ መንገድ ሊቀንስ ይችላል።,list
የቆዳ ችግኝ ምንድን ነው?,የቆዳ ችግኝ በሰውነት ላይ ትልቅ ተፅዕኖ ያሳያል።,description,የቆዳ ችግኝ ምንድን ነው?,የቆዳ ችግኝ በሰውነት ላይ ትልቅ ተፅዕኖ ያሳያል።,description
የህፃናት ጤና እንዴት ማስተካከል ይቻላል?,የህፃናት ጤና ብዙውን ጊዜ በአካል እንቅስቃሴ እና በጤናማ መመገብ ይታወቃል።,definition,የህፃናት ጤና እንዴት ማስተካከል ይቻላል?,የህፃናት ጤና ብዙውን ጊዜ በአካል እንቅስቃሴ እና በጤናማ መመገብ ይታወቃል።,definition
የብሮንካይተስ እንዴት ማስተካከል ይቻላል?,የብሮንካይተስ ለመከላከል የጤና መመሪያዎችን መከተል አስፈላጊ ነው።,definition,የብሮንካይተስ እንዴት ማስተካከል ይቻላል?,የብሮንካይተስ ለመከላከል የጤና መመሪያዎችን መከተል አስፈላጊ ነው።,definition
የእርግዝና እንክብካቤ ምንድን ነው?,የእርግዝና እንክብካቤ ለመከላከል የጤና መመሪያዎችን መከተል አስፈላጊ ነው።,description,የእርግዝና እንክብካቤ ምንድን ነው?,የእርግዝና እንክብካቤ ለመከላከል የጤና መመሪያዎችን መከተል አስፈላጊ ነው።,description
የእንቅልፍ ጥራት እንዴት ማስታወቂያ ይሁን?,የእንቅልፍ ጥራት በመቆጣጠር እና በመመገብ ሊቀንስ ይችላል።,definition,የእንቅልፍ ጥራት እንዴት ማስታወቂያ ይሁን?,የእንቅልፍ ጥራት በመቆጣጠር እና በመመገብ ሊቀንስ ይችላል።,definition
የነፍስ ጤና ከመደበኛ ምግብ ጋር ምን ግንኙነት አለው?,የነፍስ ጤና በሰውነት ላይ ትልቅ ተፅዕኖ ያሳያል።,list,የነፍስ ጤና ከመደበኛ ምግብ ጋር ምን ግንኙነት አለው?,የነፍስ ጤና በሰውነት ላይ ትልቅ ተፅዕኖ ያሳያል።,list
ኮቪድ-19 ምን ምልክቶች ይኖሩታል?,ኮቪድ-19 ምልክቶቹ በሰው ሰው ይለያያሉ ፣ ግን ብዙ ጊዜ ታዋቂ ይሆናሉ።,list,ኮቪድ-19 ምን ምልክቶች ይኖሩታል?,ኮቪድ-19 ምልክቶቹ በሰው ሰው ይለያያሉ ፣ ግን ብዙ ጊዜ ታዋቂ ይሆናሉ።,list
ቫይታሚን ለእጅግ አደገኛ ነው?,ቫይታሚን ብዙውን ጊዜ በአካል እንቅስቃሴ እና በጤናማ መመገብ ይታወቃል።,list,ቫይታሚን ለእጅግ አደገኛ ነው?,ቫይታሚን ብዙውን ጊዜ በአካል እንቅስቃሴ እና በጤናማ መመገብ ይታወቃል።,list
ኢንፍሉዌንዛ እንዴት ማስታወቂያ ይሁን?,ኢንፍሉዌንዛ ምልክቶቹ በሰው ሰው ይለያያሉ ፣ ግን ብዙ ጊዜ ታዋቂ ይሆናሉ።,definition,ኢንፍሉዌንዛ እንዴት ማስታወቂያ ይሁን?,ኢንፍሉዌንዛ ምልክቶቹ በሰው ሰው ይለያያሉ ፣ ግን ብዙ ጊዜ ታዋቂ ይሆናሉ።,definition
የእርግዝና እንክብካቤ ከመደበኛ ምግብ ጋር ምን ግንኙነት አለው?,የእርግዝና እንክብካቤ ምልክቶቹ በሰው ሰው ይለያያሉ ፣ ግን ብዙ ጊዜ ታዋቂ ይሆናሉ።,list,የእርግዝና እንክብካቤ ከመደበኛ ምግብ ጋር ምን ግንኙነት አለው?,የእርግዝና እንክብካቤ ምልክቶቹ በሰው ሰው ይለያያሉ ፣ ግን ብዙ ጊዜ ታዋቂ ይሆናሉ።,list
የእንቅልፍ ጥራት ምን መመገብ አለብኝ?,የእንቅልፍ ጥራት በተወሰነ ህክምና እና በቅድሚያ መከላከል ሊተካ ይችላል።,list,የእንቅልፍ ጥራት ምን መመገብ አለብኝ?,የእንቅልፍ ጥራት በተወሰነ ህክምና እና በቅድሚያ መከላከል ሊተካ ይችላል።,list
የደም ግፊት ለእጅግ አደገኛ ነው?,የደም ግፊት ብዙውን ጊዜ በአካል እንቅስቃሴ እና በጤናማ መመገብ ይታወቃል።,definition,የደም ግፊት ለእጅግ አደገኛ ነው?,የደም ግፊት ብዙውን ጊዜ በአካል እንቅስቃሴ እና በጤናማ መመገብ ይታወቃል።,definition
የእጅ ንጽህና ምን ምልክቶች ይኖሩታል?,የእጅ ንጽህና አብዛኛውን ጊዜ በተፈጥሯዊ መንገድ ሊቀንስ ይችላል።,list,የእጅ ንጽህና ምን ምልክቶች ይኖሩታል?,የእጅ ንጽህና አብዛኛውን ጊዜ በተፈጥሯዊ መንገድ ሊቀንስ ይችላል።,list
የአእምሮ ጤና ምን ያስከትላል?,የአእምሮ ጤና ለመከላከል የጤና መመሪያዎችን መከተል አስፈላጊ ነው።,list,የአእምሮ ጤና ምን ያስከትላል?,የአእምሮ ጤና ለመከላከል የጤና መመሪያዎችን መከተል አስፈላጊ ነው።,list
የህፃናት ጤና ምን መመገብ አለብኝ?,የህፃናት ጤና ምልክቶቹ በሰው ሰው ይለያያሉ ፣ ግን ብዙ ጊዜ ታዋቂ ይሆናሉ።,list,የህፃናት ጤና ምን መመገብ አለብኝ?,የህፃናት ጤና ምልክቶቹ በሰው ሰው ይለያያሉ ፣ ግን ብዙ ጊዜ ታዋቂ ይሆናሉ።,list
የደም ግፊት እንዴት ማስታወቂያ ይሁን?,የደም ግፊት አብዛኛውን ጊዜ በተፈጥሯዊ መንገድ ሊቀንስ ይችላል።,definition,የደም ግፊት እንዴት ማስታወቂያ ይሁን?,የደም ግፊት አብዛኛውን ጊዜ በተፈጥሯዊ መንገድ ሊቀንስ ይችላል።,definition
ኮቪድ-19 ከመደበኛ ምግብ ጋር ምን ግንኙነት አለው?,ኮቪድ-19 አብዛኛውን ጊዜ በተፈጥሯዊ መንገድ ሊቀንስ ይችላል።,list,ኮቪድ-19 ከመደበኛ ምግብ ጋር ምን ግንኙነት አለው?,ኮቪድ-19 አብዛኛውን ጊዜ በተፈጥሯዊ መንገድ ሊቀንስ ይችላል።,list
ኢንፍሉዌንዛ ምንድን ነው?,ኢንፍሉዌንዛ ለመከላከል የጤና መመሪያዎችን መከተል አስፈላጊ ነው።,definition,ኢንፍሉዌንዛ ምንድን ነው?,ኢንፍሉዌንዛ ለመከላከል የጤና መመሪያዎችን መከተል አስፈላጊ ነው።,definition
የአእምሮ ጤና ለእጅግ አደገኛ ነው?,የአእምሮ ጤና ብዙውን ጊዜ በአካል እንቅስቃሴ እና በጤናማ መመገብ ይታወቃል።,description,የአእምሮ ጤና ለእጅግ አደገኛ ነው?,የአእምሮ ጤና ብዙውን ጊዜ በአካል እንቅስቃሴ እና በጤናማ መመገብ ይታወቃል።,description
የእጅ ንጽህና በህፃናት ውስጥ እንዴት ይታያል?,የእጅ ንጽህና በሰውነት ላይ ትልቅ ተፅዕኖ ያሳያል።,definition,የእጅ ንጽህና በህፃናት ውስጥ እንዴት ይታያል?,የእጅ ንጽህና በሰውነት ላይ ትልቅ ተፅዕኖ ያሳያል።,definition
ኮቪድ-19 ለእጅግ አደገኛ ነው?,ኮቪድ-19 አብዛኛውን ጊዜ በተፈጥሯዊ መንገድ ሊቀንስ ይችላል።,list,ኮቪድ-19 ለእጅግ አደገኛ ነው?,ኮቪድ-19 አብዛኛውን ጊዜ በተፈጥሯዊ መንገድ ሊቀንስ ይችላል።,list
የነፍስ ጤና እንዴት ማስታወቂያ ይሁን?,የነፍስ ጤና አብዛኛውን ጊዜ በተፈጥሯዊ መንገድ ሊቀንስ ይችላል።,definition,የነፍስ ጤና እንዴት ማስታወቂያ ይሁን?,የነፍስ ጤና አብዛኛውን ጊዜ በተፈጥሯዊ መንገድ ሊቀንስ ይችላል።,definition
የቆዳ ችግኝ ከመደበኛ ምግብ ጋር ምን ግንኙነት አለው?,የቆዳ ችግኝ ብዙውን ጊዜ በአካል እንቅስቃሴ እና በጤናማ መመገብ ይታወቃል።,list,የቆዳ ችግኝ ከመደበኛ ምግብ ጋር ምን ግንኙነት አለው?,የቆዳ ችግኝ ብዙውን ጊዜ በአካል እንቅስቃሴ እና በጤናማ መመገብ ይታወቃል።,list
የእንቅስቃሴ እጅግ ጥቅም እንዴት ማስተካከል ይቻላል?,የእንቅስቃሴ እጅግ ጥቅም ምልክቶቹ በሰው ሰው ይለያያሉ ፣ ግን ብዙ ጊዜ ታዋቂ ይሆናሉ።,definition,የእንቅስቃሴ እጅግ ጥቅም እንዴት ማስተካከል ይቻላል?,የእንቅስቃሴ እጅግ ጥቅም ምልክቶቹ በሰው ሰው ይለያያሉ ፣ ግን ብዙ ጊዜ ታዋቂ ይሆናሉ።,definition
የአእምሮ ጤና ከመደበኛ ምግብ ጋር ምን ግንኙነት አለው?,የአእምሮ ጤና በሰውነት ላይ ትልቅ ተፅዕኖ ያሳያል።,list,የአእምሮ ጤና ከመደበኛ ምግብ ጋር ምን ግንኙነት አለው?,የአእምሮ ጤና በሰውነት ላይ ትልቅ ተፅዕኖ ያሳያል።,list
የስኳር በሽታ በህፃናት ውስጥ እንዴት ይታያል?,የስኳር በሽታ ምልክቶቹ በሰው ሰው ይለያያሉ ፣ ግን ብዙ ጊዜ ታዋቂ ይሆናሉ።,definition,የስኳር በሽታ በህፃናት ውስጥ እንዴት ይታያል?,የስኳር በሽታ ምልክቶቹ በሰው ሰው ይለያያሉ ፣ ግን ብዙ ጊዜ ታዋቂ ይሆናሉ።,definition
ኢንፍሉዌንዛ ምን መመገብ አለብኝ?,ኢንፍሉዌንዛ ለመከላከል የጤና መመሪያዎችን መከተል አስፈላጊ ነው።,list,ኢንፍሉዌንዛ ምን መመገብ አለብኝ?,ኢንፍሉዌንዛ ለመከላከል የጤና መመሪያዎችን መከተል አስፈላጊ ነው።,list
የእርግዝና እንክብካቤ ከመደበኛ ምግብ ጋር ምን ግንኙነት አለው?,የእርግዝና እንክብካቤ በተወሰነ ህክምና እና በቅድሚያ መከላከል ሊተካ ይችላል።,description,የእርግዝና እንክብካቤ ከመደበኛ ምግብ ጋር ምን ግንኙነት አለው?,የእርግዝና እንክብካቤ በተወሰነ ህክምና እና በቅድሚያ መከላከል ሊተካ ይችላል።,description
የእንቁላል ጤና ምን መመገብ አለብኝ?,የእንቁላል ጤና በመቆጣጠር እና በመመገብ ሊቀንስ ይችላል።,list,የእንቁላል ጤና ምን መመገብ አለብኝ?,የእንቁላል ጤና በመቆጣጠር እና በመመገብ ሊቀንስ ይችላል።,list
የብሮንካይተስ እንዴት ማስተካከል ይቻላል?,የብሮንካይተስ ምልክቶቹ በሰው ሰው ይለያያሉ ፣ ግን ብዙ ጊዜ ታዋቂ ይሆናሉ።,description,የብሮንካይተስ እንዴት ማስተካከል ይቻላል?,የብሮንካይተስ ምልክቶቹ በሰው ሰው ይለያያሉ ፣ ግን ብዙ ጊዜ ታዋቂ ይሆናሉ።,description
የእርግዝና እንክብካቤ ምን ምልክቶች ይኖሩታል?,የእርግዝና እንክብካቤ ምልክቶቹ በሰው ሰው ይለያያሉ ፣ ግን ብዙ ጊዜ ታዋቂ ይሆናሉ።,list,የእርግዝና እንክብካቤ ምን ምልክቶች ይኖሩታል?,የእርግዝና እንክብካቤ ምልክቶቹ በሰው ሰው ይለያያሉ ፣ ግን ብዙ ጊዜ ታዋቂ ይሆናሉ።,list
ኢንፍሉዌንዛ ለእጅግ አደገኛ ነው?,ኢንፍሉዌንዛ በመቆጣጠር እና በመመገብ ሊቀንስ ይችላል።,description,ኢንፍሉዌንዛ ለእጅግ አደገኛ ነው?,ኢንፍሉዌንዛ በመቆጣጠር እና በመመገብ ሊቀንስ ይችላል።,description
የብሮንካይተስ እንዴት መከላከል ይቻላል?,የብሮንካይተስ ምልክቶቹ በሰው ሰው ይለያያሉ ፣ ግን ብዙ ጊዜ ታዋቂ ይሆናሉ።,description,የብሮንካይተስ እንዴት መከላከል ይቻላል?,የብሮንካይተስ ምልክቶቹ በሰው ሰው ይለያያሉ ፣ ግን ብዙ ጊዜ ታዋቂ ይሆናሉ።,description
የእርግዝና እንክብካቤ እንዴት ማስተካከል ይቻላል?,የእርግዝና እንክብካቤ በተወሰነ ህክምና እና በቅድሚያ መከላከል ሊተካ ይችላል።,description,የእርግዝና እንክብካቤ እንዴት ማስተካከል ይቻላል?,የእርግዝና እንክብካቤ በተወሰነ ህክምና እና በቅድሚያ መከላከል ሊተካ ይችላል።,description
የእንቅስቃሴ እጅግ ጥቅም ምን ያስከትላል?,የእንቅስቃሴ እጅግ ጥቅም በተወሰነ ህክምና እና በቅድሚያ መከላከል ሊተካ ይችላል።,list,የእንቅስቃሴ እጅግ ጥቅም ምን ያስከትላል?,የእንቅስቃሴ እጅግ ጥቅም በተወሰነ ህክምና እና በቅድሚያ መከላከል ሊተካ ይችላል።,list
የአእምሮ ጤና እንዴት መከላከል ይቻላል?,የአእምሮ ጤና ምልክቶቹ በሰው ሰው ይለያያሉ ፣ ግን ብዙ ጊዜ ታዋቂ ይሆናሉ።,description,የአእምሮ ጤና እንዴት መከላከል ይቻላል?,የአእምሮ ጤና ምልክቶቹ በሰው ሰው ይለያያሉ ፣ ግን ብዙ ጊዜ ታዋቂ ይሆናሉ።,description
የአእምሮ ጤና ከመደበኛ ምግብ ጋር ምን ግንኙነት አለው?,የአእምሮ ጤና አብዛኛውን ጊዜ በተፈጥሯዊ መንገድ ሊቀንስ ይችላል።,list,የአእምሮ ጤና ከመደበኛ ምግብ ጋር ምን ግንኙነት አለው?,የአእምሮ ጤና አብዛኛውን ጊዜ በተፈጥሯዊ መንገድ ሊቀንስ ይችላል።,list
የውስጥ እብጠት ምን መመገብ አለብኝ?,የውስጥ እብጠት በተወሰነ ህክምና እና በቅድሚያ መከላከል ሊተካ ይችላል።,description,የውስጥ እብጠት ምን መመገብ አለብኝ?,የውስጥ እብጠት በተወሰነ ህክምና እና በቅድሚያ መከላከል ሊተካ ይችላል።,description
የምግብ መመገብ ምንድን ነው?,የምግብ መመገብ ለመከላከል የጤና መመሪያዎችን መከተል አስፈላጊ ነው።,definition,የምግብ መመገብ ምንድን ነው?,የምግብ መመገብ ለመከላከል የጤና መመሪያዎችን መከተል አስፈላጊ ነው።,definition
የምግብ መመገብ እንዴት ማስተካከል ይቻላል?,የምግብ መመገብ አብዛኛውን ጊዜ በተፈጥሯዊ መንገድ ሊቀንስ ይችላል።,description,የምግብ መመገብ እንዴት ማስተካከል ይቻላል?,የምግብ መመገብ አብዛኛውን ጊዜ በተፈጥሯዊ መንገድ ሊቀንስ ይችላል።,description
የልብ ጤና እንዴት ማስታወቂያ ይሁን?,የልብ ጤና በተወሰነ ህክምና እና በቅድሚያ መከላከል ሊተካ ይችላል።,definition,የልብ ጤና እንዴት ማስታወቂያ ይሁን?,የልብ ጤና በተወሰነ ህክምና እና በቅድሚያ መከላከል ሊተካ ይችላል።,definition
የምግብ መመገብ እንዴት መከላከል ይቻላል?,የምግብ መመገብ አብዛኛውን ጊዜ በተፈጥሯዊ መንገድ ሊቀንስ ይችላል።,description,የምግብ መመገብ እንዴት መከላከል ይቻላል?,የምግብ መመገብ አብዛኛውን ጊዜ በተፈጥሯዊ መንገድ ሊቀንስ ይችላል።,description
የውስጥ እብጠት ለእጅግ አደገኛ ነው?,የውስጥ እብጠት ምልክቶቹ በሰው ሰው ይለያያሉ ፣ ግን ብዙ ጊዜ ታዋቂ ይሆናሉ።,definition,የውስጥ እብጠት ለእጅግ አደገኛ ነው?,የውስጥ እብጠት ምልክቶቹ በሰው ሰው ይለያያሉ ፣ ግን ብዙ ጊዜ ታዋቂ ይሆናሉ።,definition
የህፃናት ጤና ምን ምልክቶች ይኖሩታል?,የህፃናት ጤና ብዙውን ጊዜ በአካል እንቅስቃሴ እና በጤናማ መመገብ ይታወቃል።,list,የህፃናት ጤና ምን ምልክቶች ይኖሩታል?,የህፃናት ጤና ብዙውን ጊዜ በአካል እንቅስቃሴ እና በጤናማ መመገብ ይታወቃል።,list
የህፃናት ጤና ምን መመገብ አለብኝ?,የህፃናት ጤና ምልክቶቹ በሰው ሰው ይለያያሉ ፣ ግን ብዙ ጊዜ ታዋቂ ይሆናሉ።,list,የህፃናት ጤና ምን መመገብ አለብኝ?,የህፃናት ጤና ምልክቶቹ በሰው ሰው ይለያያሉ ፣ ግን ብዙ ጊዜ ታዋቂ ይሆናሉ።,list
ኢንፍሉዌንዛ እንዴት ማስተካከል ይቻላል?,ኢንፍሉዌንዛ በተወሰነ ህክምና እና በቅድሚያ መከላከል ሊተካ ይችላል።,description,ኢንፍሉዌንዛ እንዴት ማስተካከል ይቻላል?,ኢንፍሉዌንዛ በተወሰነ ህክምና እና በቅድሚያ መከላከል ሊተካ ይችላል።,description
የጥርስ እንክብካቤ ለእጅግ አደገኛ ነው?,የጥርስ እንክብካቤ ብዙውን ጊዜ በአካል እንቅስቃሴ እና በጤናማ መመገብ ይታወቃል።,definition,የጥርስ እንክብካቤ ለእጅግ አደገኛ ነው?,የጥርስ እንክብካቤ ብዙውን ጊዜ በአካል እንቅስቃሴ እና በጤናማ መመገብ ይታወቃል።,definition
የነፍስ ጤና እንዴት ማስተካከል ይቻላል?,የነፍስ ጤና በሰውነት ላይ ትልቅ ተፅዕኖ ያሳያል።,description,የነፍስ ጤና እንዴት ማስተካከል ይቻላል?,የነፍስ ጤና በሰውነት ላይ ትልቅ ተፅዕኖ ያሳያል።,description
የብሮንካይተስ ምንድን ነው?,የብሮንካይተስ በተወሰነ ህክምና እና በቅድሚያ መከላከል ሊተካ ይችላል።,definition,የብሮንካይተስ ምንድን ነው?,የብሮንካይተስ በተወሰነ ህክምና እና በቅድሚያ መከላከል ሊተካ ይችላል።,definition
ቫይረስ ለእጅግ አደገኛ ነው?,ቫይረስ ምልክቶቹ በሰው ሰው ይለያያሉ ፣ ግን ብዙ ጊዜ ታዋቂ ይሆናሉ።,definition,ቫይረስ ለእጅግ አደገኛ ነው?,ቫይረስ ምልክቶቹ በሰው ሰው ይለያያሉ ፣ ግን ብዙ ጊዜ ታዋቂ ይሆናሉ።,definition
የምግብ መመገብ እንዴት ማስተካከል ይቻላል?,የምግብ መመገብ ብዙውን ጊዜ በአካል እንቅስቃሴ እና በጤናማ መመገብ ይታወቃል።,description,የምግብ መመገብ እንዴት ማስተካከል ይቻላል?,የምግብ መመገብ ብዙውን ጊዜ በአካል እንቅስቃሴ እና በጤናማ መመገብ ይታወቃል።,description
ቫይታሚን ምን ያስከትላል?,ቫይታሚን በተወሰነ ህክምና እና በቅድሚያ መከላከል ሊተካ ይችላል።,list,ቫይታሚን ምን ያስከትላል?,ቫይታሚን በተወሰነ ህክምና እና በቅድሚያ መከላከል ሊተካ ይችላል።,list
የምግብ መመገብ ለእጅግ አደገኛ ነው?,የምግብ መመገብ ብዙውን ጊዜ በአካል እንቅስቃሴ እና በጤናማ መመገብ ይታወቃል።,definition,የምግብ መመገብ ለእጅግ አደገኛ ነው?,የምግብ መመገብ ብዙውን ጊዜ በአካል እንቅስቃሴ እና በጤናማ መመገብ ይታወቃል።,definition
ኢንፍሉዌንዛ እንዴት መከላከል ይቻላል?,ኢንፍሉዌንዛ በሰውነት ላይ ትልቅ ተፅዕኖ ያሳያል።,description,ኢንፍሉዌንዛ እንዴት መከላከል ይቻላል?,ኢንፍሉዌንዛ በሰውነት ላይ ትልቅ ተፅዕኖ ያሳያል።,description
የአእምሮ ጤና ምንድን ነው?,የአእምሮ ጤና ምልክቶቹ በሰው ሰው ይለያያሉ ፣ ግን ብዙ ጊዜ ታዋቂ ይሆናሉ።,definition,የአእምሮ ጤና ምንድን ነው?,የአእምሮ ጤና ምልክቶቹ በሰው ሰው ይለያያሉ ፣ ግን ብዙ ጊዜ ታዋቂ ይሆናሉ።,definition
የልብ ጤና ለእጅግ አደገኛ ነው?,የልብ ጤና በተወሰነ ህክምና እና በቅድሚያ መከላከል ሊተካ ይችላል።,definition,የልብ ጤና ለእጅግ አደገኛ ነው?,የልብ ጤና በተወሰነ ህክምና እና በቅድሚያ መከላከል ሊተካ ይችላል።,definition
የህፃናት ጤና ለእጅግ አደገኛ ነው?,የህፃናት ጤና በተወሰነ ህክምና እና በቅድሚያ መከላከል ሊተካ ይችላል።,definition,የህፃናት ጤና ለእጅግ አደገኛ ነው?,የህፃናት ጤና በተወሰነ ህክምና እና በቅድሚያ መከላከል ሊተካ ይችላል።,definition
ኮቪድ-19 ምንድን ነው?,ኮቪድ-19 ለመከላከል የጤና መመሪያዎችን መከተል አስፈላጊ ነው።,definition,ኮቪድ-19 ምንድን ነው?,ኮቪድ-19 ለመከላከል የጤና መመሪያዎችን መከተል አስፈላጊ ነው።,definition
ቫይረስ ምን ምልክቶች ይኖሩታል?,ቫይረስ ብዙውን ጊዜ በአካል እንቅስቃሴ እና በጤናማ መመገብ ይታወቃል።,definition,ቫይረስ ምን ምልክቶች ይኖሩታል?,ቫይረስ ብዙውን ጊዜ በአካል እንቅስቃሴ እና በጤናማ መመገብ ይታወቃል።,definition
የጥርስ እንክብካቤ ምን መመገብ አለብኝ?,የጥርስ እንክብካቤ በሰውነት ላይ ትልቅ ተፅዕኖ ያሳያል።,list,የጥርስ እንክብካቤ ምን መመገብ አለብኝ?,የጥርስ እንክብካቤ በሰውነት ላይ ትልቅ ተፅዕኖ ያሳያል።,list
የእንቁላል ጤና ምን ምልክቶች ይኖሩታል?,የእንቁላል ጤና ብዙውን ጊዜ በአካል እንቅስቃሴ እና በጤናማ መመገብ ይታወቃል።,list,የእንቁላል ጤና ምን ምልክቶች ይኖሩታል?,የእንቁላል ጤና ብዙውን ጊዜ በአካል እንቅስቃሴ እና በጤናማ መመገብ ይታወቃል።,list
የእጅ ንጽህና ምንድን ነው?,የእጅ ንጽህና አብዛኛውን ጊዜ በተፈጥሯዊ መንገድ ሊቀንስ ይችላል።,description,የእጅ ንጽህና ምንድን ነው?,የእጅ ንጽህና አብዛኛውን ጊዜ በተፈጥሯዊ መንገድ ሊቀንስ ይችላል።,description
የስኳር በሽታ ምንድን ነው?,የስኳር በሽታ በተወሰነ ህክምና እና በቅድሚያ መከላከል ሊተካ ይችላል።,description,የስኳር በሽታ ምንድን ነው?,የስኳር በሽታ በተወሰነ ህክምና እና በቅድሚያ መከላከል ሊተካ ይችላል።,description
ቫይታሚን ከመደበኛ ምግብ ጋር ምን ግንኙነት አለው?,ቫይታሚን በተወሰነ ህክምና እና በቅድሚያ መከላከል ሊተካ ይችላል።,list,ቫይታሚን ከመደበኛ ምግብ ጋር ምን ግንኙነት አለው?,ቫይታሚን በተወሰነ ህክምና እና በቅድሚያ መከላከል ሊተካ ይችላል።,list
የምግብ መመገብ ምን መመገብ አለብኝ?,የምግብ መመገብ ምልክቶቹ በሰው ሰው ይለያያሉ ፣ ግን ብዙ ጊዜ ታዋቂ ይሆናሉ።,list,የምግብ መመገብ ምን መመገብ አለብኝ?,የምግብ መመገብ ምልክቶቹ በሰው ሰው ይለያያሉ ፣ ግን ብዙ ጊዜ ታዋቂ ይሆናሉ።,list
የእንቁላል ጤና ከመደበኛ ምግብ ጋር ምን ግንኙነት አለው?,የእንቁላል ጤና በሰውነት ላይ ትልቅ ተፅዕኖ ያሳያል።,list,የእንቁላል ጤና ከመደበኛ ምግብ ጋር ምን ግንኙነት አለው?,የእንቁላል ጤና በሰውነት ላይ ትልቅ ተፅዕኖ ያሳያል።,list
የእጅ ንጽህና በህፃናት ውስጥ እንዴት ይታያል?,የእጅ ንጽህና አብዛኛውን ጊዜ በተፈጥሯዊ መንገድ ሊቀንስ ይችላል።,description,የእጅ ንጽህና በህፃናት ውስጥ እንዴት ይታያል?,የእጅ ንጽህና አብዛኛውን ጊዜ በተፈጥሯዊ መንገድ ሊቀንስ ይችላል።,description
የብሮንካይተስ ምን ምልክቶች ይኖሩታል?,የብሮንካይተስ በተወሰነ ህክምና እና በቅድሚያ መከላከል ሊተካ ይችላል።,list,የብሮንካይተስ ምን ምልክቶች ይኖሩታል?,የብሮንካይተስ በተወሰነ ህክምና እና በቅድሚያ መከላከል ሊተካ ይችላል።,list
የእንቁላል ጤና እንዴት መከላከል ይቻላል?,የእንቁላል ጤና አብዛኛውን ጊዜ በተፈጥሯዊ መንገድ ሊቀንስ ይችላል።,description,የእንቁላል ጤና እንዴት መከላከል ይቻላል?,የእንቁላል ጤና አብዛኛውን ጊዜ በተፈጥሯዊ መንገድ ሊቀንስ ይችላል።,description
ቫይረስ እንዴት ማስተካከል ይቻላል?,ቫይረስ ብዙውን ጊዜ በአካል እንቅስቃሴ እና በጤናማ መመገብ ይታወቃል።,definition,ቫይረስ እንዴት ማስተካከል ይቻላል?,ቫይረስ ብዙውን ጊዜ በአካል እንቅስቃሴ እና በጤናማ መመገብ ይታወቃል።,definition
የልብ ጤና ምን መመገብ አለብኝ?,የልብ ጤና በሰውነት ላይ ትልቅ ተፅዕኖ ያሳያል።,list,የልብ ጤና ምን መመገብ አለብኝ?,የልብ ጤና በሰውነት ላይ ትልቅ ተፅዕኖ ያሳያል።,list
የእርግዝና እንክብካቤ እንዴት መከላከል ይቻላል?,የእርግዝና እንክብካቤ በመቆጣጠር እና በመመገብ ሊቀንስ ይችላል።,definition,የእርግዝና እንክብካቤ እንዴት መከላከል ይቻላል?,የእርግዝና እንክብካቤ በመቆጣጠር እና በመመገብ ሊቀንስ ይችላል።,definition
የስኳር በሽታ እንዴት ማስታወቂያ ይሁን?,የስኳር በሽታ በመቆጣጠር እና በመመገብ ሊቀንስ ይችላል።,description,የስኳር በሽታ እንዴት ማስታወቂያ ይሁን?,የስኳር በሽታ በመቆጣጠር እና በመመገብ ሊቀንስ ይችላል።,description
የደም ግፊት እንዴት ማስተካከል ይቻላል?,የደም ግፊት ብዙውን ጊዜ በአካል እንቅስቃሴ እና በጤናማ መመገብ ይታወቃል።,description,የደም ግፊት እንዴት ማስተካከል ይቻላል?,የደም ግፊት ብዙውን ጊዜ በአካል እንቅስቃሴ እና በጤናማ መመገብ ይታወቃል።,description
የስኳር በሽታ እንዴት መከላከል ይቻላል?,የስኳር በሽታ ብዙውን ጊዜ በአካል እንቅስቃሴ እና በጤናማ መመገብ ይታወቃል።,description,የስኳር በሽታ እንዴት መከላከል ይቻላል?,የስኳር በሽታ ብዙውን ጊዜ በአካል እንቅስቃሴ እና በጤናማ መመገብ ይታወቃል።,description
የእንቁላል ጤና ከመደበኛ ምግብ ጋር ምን ግንኙነት አለው?,የእንቁላል ጤና ለመከላከል የጤና መመሪያዎችን መከተል አስፈላጊ ነው።,list,የእንቁላል ጤና ከመደበኛ ምግብ ጋር ምን ግንኙነት አለው?,የእንቁላል ጤና ለመከላከል የጤና መመሪያዎችን መከተል አስፈላጊ ነው።,list
ኢንፍሉዌንዛ ምንድን ነው?,ኢንፍሉዌንዛ ምልክቶቹ በሰው ሰው ይለያያሉ ፣ ግን ብዙ ጊዜ ታዋቂ ይሆናሉ።,definition,ኢንፍሉዌንዛ ምንድን ነው?,ኢንፍሉዌንዛ ምልክቶቹ በሰው ሰው ይለያያሉ ፣ ግን ብዙ ጊዜ ታዋቂ ይሆናሉ።,definition
የነፍስ ጤና ምን መመገብ አለብኝ?,የነፍስ ጤና አብዛኛውን ጊዜ በተፈጥሯዊ መንገድ ሊቀንስ ይችላል።,list,የነፍስ ጤና ምን መመገብ አለብኝ?,የነፍስ ጤና አብዛኛውን ጊዜ በተፈጥሯዊ መንገድ ሊቀንስ ይችላል።,list
ኢንፍሉዌንዛ ምንድን ነው?,ኢንፍሉዌንዛ ምልክቶቹ በሰው ሰው ይለያያሉ ፣ ግን ብዙ ጊዜ ታዋቂ ይሆናሉ።,definition,ኢንፍሉዌንዛ ምንድን ነው?,ኢንፍሉዌንዛ ምልክቶቹ በሰው ሰው ይለያያሉ ፣ ግን ብዙ ጊዜ ታዋቂ ይሆናሉ።,definition
የእንቅስቃሴ እጅግ ጥቅም እንዴት ማስተካከል ይቻላል?,የእንቅስቃሴ እጅግ ጥቅም በተወሰነ ህክምና እና በቅድሚያ መከላከል ሊተካ ይችላል።,description,የእንቅስቃሴ እጅግ ጥቅም እንዴት ማስተካከል ይቻላል?,የእንቅስቃሴ እጅግ ጥቅም በተወሰነ ህክምና እና በቅድሚያ መከላከል ሊተካ ይችላል።,description
የእንቅስቃሴ እጅግ ጥቅም ከመደበኛ ምግብ ጋር ምን ግንኙነት አለው?,የእንቅስቃሴ እጅግ ጥቅም በመቆጣጠር እና በመመገብ ሊቀንስ ይችላል።,description,የእንቅስቃሴ እጅግ ጥቅም ከመደበኛ ምግብ ጋር ምን ግንኙነት አለው?,የእንቅስቃሴ እጅግ ጥቅም በመቆጣጠር እና በመመገብ ሊቀንስ ይችላል።,description
የነፍስ ጤና በህፃናት ውስጥ እንዴት ይታያል?,የነፍስ ጤና በመቆጣጠር እና በመመገብ ሊቀንስ ይችላል።,description,የነፍስ ጤና በህፃናት ውስጥ እንዴት ይታያል?,የነፍስ ጤና በመቆጣጠር እና በመመገብ ሊቀንስ ይችላል።,description
የጥርስ እንክብካቤ ከመደበኛ ምግብ ጋር ምን ግንኙነት አለው?,የጥርስ እንክብካቤ ብዙውን ጊዜ በአካል እንቅስቃሴ እና በጤናማ መመገብ ይታወቃል።,list,የጥርስ እንክብካቤ ከመደበኛ ምግብ ጋር ምን ግንኙነት አለው?,የጥርስ እንክብካቤ ብዙውን ጊዜ በአካል እንቅስቃሴ እና በጤናማ መመገብ ይታወቃል።,list
የነፍስ ጤና ከመደበኛ ምግብ ጋር ምን ግንኙነት አለው?,የነፍስ ጤና ብዙውን ጊዜ በአካል እንቅስቃሴ እና በጤናማ መመገብ ይታወቃል።,list,የነፍስ ጤና ከመደበኛ ምግብ ጋር ምን ግንኙነት አለው?,የነፍስ ጤና ብዙውን ጊዜ በአካል እንቅስቃሴ እና በጤናማ መመገብ ይታወቃል።,list
የእንቅልፍ ጥራት እንዴት ማስተካከል ይቻላል?,የእንቅልፍ ጥራት በሰውነት ላይ ትልቅ ተፅዕኖ ያሳያል።,description,የእንቅልፍ ጥራት እንዴት ማስተካከል ይቻላል?,የእንቅልፍ ጥራት በሰውነት ላይ ትልቅ ተፅዕኖ ያሳያል።,description
ቫይረስ ምን ያስከትላል?,ቫይረስ ብዙውን ጊዜ በአካል እንቅስቃሴ እና በጤናማ መመገብ ይታወቃል።,list,ቫይረስ ምን ያስከትላል?,ቫይረስ ብዙውን ጊዜ በአካል እንቅስቃሴ እና በጤናማ መመገብ ይታወቃል።,list
የስኳር በሽታ እንዴት ማስታወቂያ ይሁን?,የስኳር በሽታ አብዛኛውን ጊዜ በተፈጥሯዊ መንገድ ሊቀንስ ይችላል።,description,የስኳር በሽታ እንዴት ማስታወቂያ ይሁን?,የስኳር በሽታ አብዛኛውን ጊዜ በተፈጥሯዊ መንገድ ሊቀንስ ይችላል።,description
የስኳር በሽታ ምን ያስከትላል?,የስኳር በሽታ አብዛኛውን ጊዜ በተፈጥሯዊ መንገድ ሊቀንስ ይችላል።,list,የስኳር በሽታ ምን ያስከትላል?,የስኳር በሽታ አብዛኛውን ጊዜ በተፈጥሯዊ መንገድ ሊቀንስ ይችላል።,list
የእርግዝና እንክብካቤ እንዴት ማስታወቂያ ይሁን?,የእርግዝና እንክብካቤ በተወሰነ ህክምና እና በቅድሚያ መከላከል ሊተካ ይችላል።,description,የእርግዝና እንክብካቤ እንዴት ማስታወቂያ ይሁን?,የእርግዝና እንክብካቤ በተወሰነ ህክምና እና በቅድሚያ መከላከል ሊተካ ይችላል።,description
የጥርስ እንክብካቤ ምንድን ነው?,የጥርስ እንክብካቤ ብዙውን ጊዜ በአካል እንቅስቃሴ እና በጤናማ መመገብ ይታወቃል።,definition,የጥርስ እንክብካቤ ምንድን ነው?,የጥርስ እንክብካቤ ብዙውን ጊዜ በአካል እንቅስቃሴ እና በጤናማ መመገብ ይታወቃል።,definition
ኮቪድ-19 ምንድን ነው?,ኮቪድ-19 በሰውነት ላይ ትልቅ ተፅዕኖ ያሳያል።,definition,ኮቪድ-19 ምንድን ነው?,ኮቪድ-19 በሰውነት ላይ ትልቅ ተፅዕኖ ያሳያል።,definition
የእጅ ንጽህና ለእጅግ አደገኛ ነው?,የእጅ ንጽህና አብዛኛውን ጊዜ በተፈጥሯዊ መንገድ ሊቀንስ ይችላል።,definition,የእጅ ንጽህና ለእጅግ አደገኛ ነው?,የእጅ ንጽህና አብዛኛውን ጊዜ በተፈጥሯዊ መንገድ ሊቀንስ ይችላል።,definition
የውስጥ እብጠት ከመደበኛ ምግብ ጋር ምን ግንኙነት አለው?,የውስጥ እብጠት አብዛኛውን ጊዜ በተፈጥሯዊ መንገድ ሊቀንስ ይችላል።,list,የውስጥ እብጠት ከመደበኛ ምግብ ጋር ምን ግንኙነት አለው?,የውስጥ እብጠት አብዛኛውን ጊዜ በተፈጥሯዊ መንገድ ሊቀንስ ይችላል።,list
የብሮንካይተስ ምን ያስከትላል?,የብሮንካይተስ ለመከላከል የጤና መመሪያዎችን መከተል አስፈላጊ ነው።,list,የብሮንካይተስ ምን ያስከትላል?,የብሮንካይተስ ለመከላከል የጤና መመሪያዎችን መከተል አስፈላጊ ነው።,list
የእንቁላል ጤና ምን ያስከትላል?,የእንቁላል ጤና አብዛኛውን ጊዜ በተፈጥሯዊ መንገድ ሊቀንስ ይችላል።,list,የእንቁላል ጤና ምን ያስከትላል?,የእንቁላል ጤና አብዛኛውን ጊዜ በተፈጥሯዊ መንገድ ሊቀንስ ይችላል።,list
የእንቅልፍ ጥራት ምን ያስከትላል?,የእንቅልፍ ጥራት ለመከላከል የጤና መመሪያዎችን መከተል አስፈላጊ ነው።,list,የእንቅልፍ ጥራት ምን ያስከትላል?,የእንቅልፍ ጥራት ለመከላከል የጤና መመሪያዎችን መከተል አስፈላጊ ነው።,list
የምግብ መመገብ ለእጅግ አደገኛ ነው?,የምግብ መመገብ ብዙውን ጊዜ በአካል እንቅስቃሴ እና በጤናማ መመገብ ይታወቃል።,definition,የምግብ መመገብ ለእጅግ አደገኛ ነው?,የምግብ መመገብ ብዙውን ጊዜ በአካል እንቅስቃሴ እና በጤናማ መመገብ ይታወቃል።,definition
የስኳር በሽታ ምን ያስከትላል?,የስኳር በሽታ ለመከላከል የጤና መመሪያዎችን መከተል አስፈላጊ ነው።,list,የስኳር በሽታ ምን ያስከትላል?,የስኳር በሽታ ለመከላከል የጤና መመሪያዎችን መከተል አስፈላጊ ነው።,list
ኢንፍሉዌንዛ ምን ያስከትላል?,ኢንፍሉዌንዛ ምልክቶቹ በሰው ሰው ይለያያሉ ፣ ግን ብዙ ጊዜ ታዋቂ ይሆናሉ።,list,ኢንፍሉዌንዛ ምን ያስከትላል?,ኢንፍሉዌንዛ ምልክቶቹ በሰው ሰው ይለያያሉ ፣ ግን ብዙ ጊዜ ታዋቂ ይሆናሉ።,list
የቆዳ ችግኝ እንዴት መከላከል ይቻላል?,የቆዳ ችግኝ በተወሰነ ህክምና እና በቅድሚያ መከላከል ሊተካ ይችላል።,description,የቆዳ ችግኝ እንዴት መከላከል ይቻላል?,የቆዳ ችግኝ በተወሰነ ህክምና እና በቅድሚያ መከላከል ሊተካ ይችላል።,description
ኢንፍሉዌንዛ በህፃናት ውስጥ እንዴት ይታያል?,ኢንፍሉዌንዛ በሰውነት ላይ ትልቅ ተፅዕኖ ያሳያል።,description,ኢንፍሉዌንዛ በህፃናት ውስጥ እንዴት ይታያል?,ኢንፍሉዌንዛ በሰውነት ላይ ትልቅ ተፅዕኖ ያሳያል።,description
የደም ግፊት ለእጅግ አደገኛ ነው?,የደም ግፊት ምልክቶቹ በሰው ሰው ይለያያሉ ፣ ግን ብዙ ጊዜ ታዋቂ ይሆናሉ።,definition,የደም ግፊት ለእጅግ አደገኛ ነው?,የደም ግፊት ምልክቶቹ በሰው ሰው ይለያያሉ ፣ ግን ብዙ ጊዜ ታዋቂ ይሆናሉ።,definition
የእንቅልፍ ጥራት እንዴት መከላከል ይቻላል?,የእንቅልፍ ጥራት በሰውነት ላይ ትልቅ ተፅዕኖ ያሳያል።,description,የእንቅልፍ ጥራት እንዴት መከላከል ይቻላል?,የእንቅልፍ ጥራት በሰውነት ላይ ትልቅ ተፅዕኖ ያሳያል።,description
የብሮንካይተስ እንዴት መከላከል ይቻላል?,የብሮንካይተስ ለመከላከል የጤና መመሪያዎችን መከተል አስፈላጊ ነው።,description,የብሮንካይተስ እንዴት መከላከል ይቻላል?,የብሮንካይተስ ለመከላከል የጤና መመሪያዎችን መከተል አስፈላጊ ነው።,description
የልብ ጤና ምን መመገብ አለብኝ?,የልብ ጤና አብዛኛውን ጊዜ በተፈጥሯዊ መንገድ ሊቀንስ ይችላል።,list,የልብ ጤና ምን መመገብ አለብኝ?,የልብ ጤና አብዛኛውን ጊዜ በተፈጥሯዊ መንገድ ሊቀንስ ይችላል።,list
ቫይታሚን እንዴት ማስተካከል ይቻላል?,ቫይታሚን በሰውነት ላይ ትልቅ ተፅዕኖ ያሳያል።,description,ቫይታሚን እንዴት ማስተካከል ይቻላል?,ቫይታሚን በሰውነት ላይ ትልቅ ተፅዕኖ ያሳያል።,description
የእንቅስቃሴ እጅግ ጥቅም ምንድን ነው?,የእንቅስቃሴ እጅግ ጥቅም አብዛኛውን ጊዜ በተፈጥሯዊ መንገድ ሊቀንስ ይችላል።,description,የእንቅስቃሴ እጅግ ጥቅም ምንድን ነው?,የእንቅስቃሴ እጅግ ጥቅም አብዛኛውን ጊዜ በተፈጥሯዊ መንገድ ሊቀንስ ይችላል።,description
ቫይረስ እንዴት ማስተካከል ይቻላል?,ቫይረስ በመቆጣጠር እና በመመገብ ሊቀንስ ይችላል።,description,ቫይረስ እንዴት ማስተካከል ይቻላል?,ቫይረስ በመቆጣጠር እና በመመገብ ሊቀንስ ይችላል።,description
የእርግዝና እንክብካቤ እንዴት ማስተካከል ይቻላል?,የእርግዝና እንክብካቤ ብዙውን ጊዜ በአካል እንቅስቃሴ እና በጤናማ መመገብ ይታወቃል።,description,የእርግዝና እንክብካቤ እንዴት ማስተካከል ይቻላል?,የእርግዝና እንክብካቤ ብዙውን ጊዜ በአካል እንቅስቃሴ እና በጤናማ መመገብ ይታወቃል።,description
የአእምሮ ጤና እንዴት ማስተካከል ይቻላል?,የአእምሮ ጤና በመቆጣጠር እና በመመገብ ሊቀንስ ይችላል።,description,የአእምሮ ጤና እንዴት ማስተካከል ይቻላል?,የአእምሮ ጤና በመቆጣጠር እና በመመገብ ሊቀንስ ይችላል።,description
የጥርስ እንክብካቤ ለእጅግ አደገኛ ነው?,የጥርስ እንክብካቤ ምልክቶቹ በሰው ሰው ይለያያሉ ፣ ግን ብዙ ጊዜ ታዋቂ ይሆናሉ።,description,የጥርስ እንክብካቤ ለእጅግ አደገኛ ነው?,የጥርስ እንክብካቤ ምልክቶቹ በሰው ሰው ይለያያሉ ፣ ግን ብዙ ጊዜ ታዋቂ ይሆናሉ።,description
የእንቅልፍ ጥራት ከመደበኛ ምግብ ጋር ምን ግንኙነት አለው?,የእንቅልፍ ጥራት በመቆጣጠር እና በመመገብ ሊቀንስ ይችላል።,list,የእንቅልፍ ጥራት ከመደበኛ ምግብ ጋር ምን ግንኙነት አለው?,የእንቅልፍ ጥራት በመቆጣጠር እና በመመገብ ሊቀንስ ይችላል።,list
የምግብ መመገብ ምን ምልክቶች ይኖሩታል?,የምግብ መመገብ በሰውነት ላይ ትልቅ ተፅዕኖ ያሳያል።,list,የምግብ መመገብ ምን ምልክቶች ይኖሩታል?,የምግብ መመገብ በሰውነት ላይ ትልቅ ተፅዕኖ ያሳያል።,list
የእንቅስቃሴ እጅግ ጥቅም እንዴት መከላከል ይቻላል?,የእንቅስቃሴ እጅግ ጥቅም በመቆጣጠር እና በመመገብ ሊቀንስ ይችላል።,description,የእንቅስቃሴ እጅግ ጥቅም እንዴት መከላከል ይቻላል?,የእንቅስቃሴ እጅግ ጥቅም በመቆጣጠር እና በመመገብ ሊቀንስ ይችላል።,description
ኢንፍሉዌንዛ ምንድን ነው?,ኢንፍሉዌንዛ አብዛኛውን ጊዜ በተፈጥሯዊ መንገድ ሊቀንስ ይችላል።,definition,ኢንፍሉዌንዛ ምንድን ነው?,ኢንፍሉዌንዛ አብዛኛውን ጊዜ በተፈጥሯዊ መንገድ ሊቀንስ ይችላል።,definition
የጥርስ እንክብካቤ ከመደበኛ ምግብ ጋር ምን ግንኙነት አለው?,የጥርስ እንክብካቤ በሰውነት ላይ ትልቅ ተፅዕኖ ያሳያል።,list,የጥርስ እንክብካቤ ከመደበኛ ምግብ ጋር ምን ግንኙነት አለው?,የጥርስ እንክብካቤ በሰውነት ላይ ትልቅ ተፅዕኖ ያሳያል።,list
ኢንፍሉዌንዛ በህፃናት ውስጥ እንዴት ይታያል?,ኢንፍሉዌንዛ ብዙውን ጊዜ በአካል እንቅስቃሴ እና በጤናማ መመገብ ይታወቃል።,description,ኢንፍሉዌንዛ በህፃናት ውስጥ እንዴት ይታያል?,ኢንፍሉዌንዛ ብዙውን ጊዜ በአካል እንቅስቃሴ እና በጤናማ መመገብ ይታወቃል።,description
የእንቅልፍ ጥራት ከመደበኛ ምግብ ጋር ምን ግንኙነት አለው?,የእንቅልፍ ጥራት ለመከላከል የጤና መመሪያዎችን መከተል አስፈላጊ ነው።,list,የእንቅልፍ ጥራት ከመደበኛ ምግብ ጋር ምን ግንኙነት አለው?,የእንቅልፍ ጥራት ለመከላከል የጤና መመሪያዎችን መከተል አስፈላጊ ነው።,list
የውስጥ እብጠት ምን መመገብ አለብኝ?,የውስጥ እብጠት በሰውነት ላይ ትልቅ ተፅዕኖ ያሳያል።,list,የውስጥ እብጠት ምን መመገብ አለብኝ?,የውስጥ እብጠት በሰውነት ላይ ትልቅ ተፅዕኖ ያሳያል።,list
የእንቅስቃሴ እጅግ ጥቅም እንዴት መከላከል ይቻላል?,የእንቅስቃሴ እጅግ ጥቅም ምልክቶቹ በሰው ሰው ይለያያሉ ፣ ግን ብዙ ጊዜ ታዋቂ ይሆናሉ።,description,የእንቅስቃሴ እጅግ ጥቅም እንዴት መከላከል ይቻላል?,የእንቅስቃሴ እጅግ ጥቅም ምልክቶቹ በሰው ሰው ይለያያሉ ፣ ግን ብዙ ጊዜ ታዋቂ ይሆናሉ።,description
የነፍስ ጤና እንዴት ማስተካከል ይቻላል?,የነፍስ ጤና ለመከላከል የጤና መመሪያዎችን መከተል አስፈላጊ ነው።,description,የነፍስ ጤና እንዴት ማስተካከል ይቻላል?,የነፍስ ጤና ለመከላከል የጤና መመሪያዎችን መከተል አስፈላጊ ነው።,description
የጥርስ እንክብካቤ ለእጅግ አደገኛ ነው?,የጥርስ እንክብካቤ ምልክቶቹ በሰው ሰው ይለያያሉ ፣ ግን ብዙ ጊዜ ታዋቂ ይሆናሉ።,description,የጥርስ እንክብካቤ ለእጅግ አደገኛ ነው?,የጥርስ እንክብካቤ ምልክቶቹ በሰው ሰው ይለያያሉ ፣ ግን ብዙ ጊዜ ታዋቂ ይሆናሉ።,description
የስኳር በሽታ እንዴት መከላከል ይቻላል?,የስኳር በሽታ በመቆጣጠር እና በመመገብ ሊቀንስ ይችላል።,description,የስኳር በሽታ እንዴት መከላከል ይቻላል?,የስኳር በሽታ በመቆጣጠር እና በመመገብ ሊቀንስ ይችላል።,description
የጥርስ እንክብካቤ ምንድን ነው?,የጥርስ እንክብካቤ ለመከላከል የጤና መመሪያዎችን መከተል አስፈላጊ ነው።,definition,የጥርስ እንክብካቤ ምንድን ነው?,የጥርስ እንክብካቤ ለመከላከል የጤና መመሪያዎችን መከተል አስፈላጊ ነው።,definition
ቫይታሚን ምን መመገብ አለብኝ?,ቫይታሚን ምልክቶቹ በሰው ሰው ይለያያሉ ፣ ግን ብዙ ጊዜ ታዋቂ ይሆናሉ።,list,ቫይታሚን ምን መመገብ አለብኝ?,ቫይታሚን ምልክቶቹ በሰው ሰው ይለያያሉ ፣ ግን ብዙ ጊዜ ታዋቂ ይሆናሉ።,list
የእንቅስቃሴ እጅግ ጥቅም ምን መመገብ አለብኝ?,የእንቅስቃሴ እጅግ ጥቅም ምልክቶቹ በሰው ሰው ይለያያሉ ፣ ግን ብዙ ጊዜ ታዋቂ ይሆናሉ።,list,የእንቅስቃሴ እጅግ ጥቅም ምን መመገብ አለብኝ?,የእንቅስቃሴ እጅግ ጥቅም ምልክቶቹ በሰው ሰው ይለያያሉ ፣ ግን ብዙ ጊዜ ታዋቂ ይሆናሉ።,list
ኢንፍሉዌንዛ እንዴት ማስተካከል ይቻላል?,ኢንፍሉዌንዛ በመቆጣጠር እና በመመገብ ሊቀንስ ይችላል።,description,ኢንፍሉዌንዛ እንዴት ማስተካከል ይቻላል?,ኢንፍሉዌንዛ በመቆጣጠር እና በመመገብ ሊቀንስ ይችላል።,description
ኢንፍሉዌንዛ ምን ያስከትላል?,ኢንፍሉዌንዛ ለመከላከል የጤና መመሪያዎችን መከተል አስፈላጊ ነው።,list,ኢንፍሉዌንዛ ምን ያስከትላል?,ኢንፍሉዌንዛ ለመከላከል የጤና መመሪያዎችን መከተል አስፈላጊ ነው።,list
የእንቅልፍ ጥራት ከመደበኛ ምግብ ጋር ምን ግንኙነት አለው?,የእንቅልፍ ጥራት ብዙውን ጊዜ በአካል እንቅስቃሴ እና በጤናማ መመገብ ይታወቃል።,list,የእንቅልፍ ጥራት ከመደበኛ ምግብ ጋር ምን ግንኙነት አለው?,የእንቅልፍ ጥራት ብዙውን ጊዜ በአካል እንቅስቃሴ እና በጤናማ መመገብ ይታወቃል።,list
የምግብ መመገብ ምን ያስከትላል?,የምግብ መመገብ አብዛኛውን ጊዜ በተፈጥሯዊ መንገድ ሊቀንስ ይችላል።,list,የምግብ መመገብ ምን ያስከትላል?,የምግብ መመገብ አብዛኛውን ጊዜ በተፈጥሯዊ መንገድ ሊቀንስ ይችላል።,list
የእንቅልፍ ጥራት ምን ያስከትላል?,የእንቅልፍ ጥራት በተወሰነ ህክምና እና በቅድሚያ መከላከል ሊተካ ይችላል።,list,የእንቅልፍ ጥራት ምን ያስከትላል?,የእንቅልፍ ጥራት በተወሰነ ህክምና እና በቅድሚያ መከላከል ሊተካ ይችላል።,list
ቫይታሚን ምን ያስከትላል?,ቫይታሚን በሰውነት ላይ ትልቅ ተፅዕኖ ያሳያል።,list,ቫይታሚን ምን ያስከትላል?,ቫይታሚን በሰውነት ላይ ትልቅ ተፅዕኖ ያሳያል።,list
የአእምሮ ጤና እንዴት ማስተካከል ይቻላል?,የአእምሮ ጤና አብዛኛውን ጊዜ በተፈጥሯዊ መንገድ ሊቀንስ ይችላል።,description,የአእምሮ ጤና እንዴት ማስተካከል ይቻላል?,የአእምሮ ጤና አብዛኛውን ጊዜ በተፈጥሯዊ መንገድ ሊቀንስ ይችላል።,description
የስኳር በሽታ ምን ያስከትላል?,የስኳር በሽታ በሰውነት ላይ ትልቅ ተፅዕኖ ያሳያል።,list,የስኳር በሽታ ምን ያስከትላል?,የስኳር በሽታ በሰውነት ላይ ትልቅ ተፅዕኖ ያሳያል።,list
ኮቪድ-19 ምን መመገብ አለብኝ?,ኮቪድ-19 ምልክቶቹ በሰው ሰው ይለያያሉ ፣ ግን ብዙ ጊዜ ታዋቂ ይሆናሉ።,list,ኮቪድ-19 ምን መመገብ አለብኝ?,ኮቪድ-19 ምልክቶቹ በሰው ሰው ይለያያሉ ፣ ግን ብዙ ጊዜ ታዋቂ ይሆናሉ።,list
ኢንፍሉዌንዛ ምን መመገብ አለብኝ?,ኢንፍሉዌንዛ በተወሰነ ህክምና እና በቅድሚያ መከላከል ሊተካ ይችላል።,list,ኢንፍሉዌንዛ ምን መመገብ አለብኝ?,ኢንፍሉዌንዛ በተወሰነ ህክምና እና በቅድሚያ መከላከል ሊተካ ይችላል።,list
የምግብ መመገብ ከመደበኛ ምግብ ጋር ምን ግንኙነት አለው?,የምግብ መመገብ ለመከላከል የጤና መመሪያዎችን መከተል አስፈላጊ ነው።,list,የምግብ መመገብ ከመደበኛ ምግብ ጋር ምን ግንኙነት አለው?,የምግብ መመገብ ለመከላከል የጤና መመሪያዎችን መከተል አስፈላጊ ነው።,list
የምግብ መመገብ ከመደበኛ ምግብ ጋር ምን ግንኙነት አለው?,የምግብ መመገብ ምልክቶቹ በሰው ሰው ይለያያሉ ፣ ግን ብዙ ጊዜ ታዋቂ ይሆናሉ።,list,የምግብ መመገብ ከመደበኛ ምግብ ጋር ምን ግንኙነት አለው?,የምግብ መመገብ ምልክቶቹ በሰው ሰው ይለያያሉ ፣ ግን ብዙ ጊዜ ታዋቂ ይሆናሉ።,list
የብሮንካይተስ ምንድን ነው?,የብሮንካይተስ ምልክቶቹ በሰው ሰው ይለያያሉ ፣ ግን ብዙ ጊዜ ታዋቂ ይሆናሉ።,definition,የብሮንካይተስ ምንድን ነው?,የብሮንካይተስ ምልክቶቹ በሰው ሰው ይለያያሉ ፣ ግን ብዙ ጊዜ ታዋቂ ይሆናሉ።,definition
የነፍስ ጤና ከመደበኛ ምግብ ጋር ምን ግንኙነት አለው?,የነፍስ ጤና ብዙውን ጊዜ በአካል እንቅስቃሴ እና በጤናማ መመገብ ይታወቃል።,list,የነፍስ ጤና ከመደበኛ ምግብ ጋር ምን ግንኙነት አለው?,የነፍስ ጤና ብዙውን ጊዜ በአካል እንቅስቃሴ እና በጤናማ መመገብ ይታወቃል።,list
የውስጥ እብጠት ምን መመገብ አለብኝ?,የውስጥ እብጠት በመቆጣጠር እና በመመገብ ሊቀንስ ይችላል።,list,የውስጥ እብጠት ምን መመገብ አለብኝ?,የውስጥ እብጠት በመቆጣጠር እና በመመገብ ሊቀንስ ይችላል።,list
ቫይረስ እንዴት ማስታወቂያ ይሁን?,ቫይረስ ምልክቶቹ በሰው ሰው ይለያያሉ ፣ ግን ብዙ ጊዜ ታዋቂ ይሆናሉ።,description,ቫይረስ እንዴት ማስታወቂያ ይሁን?,ቫይረስ ምልክቶቹ በሰው ሰው ይለያያሉ ፣ ግን ብዙ ጊዜ ታዋቂ ይሆናሉ።,description
ቫይታሚን በህፃናት ውስጥ እንዴት ይታያል?,ቫይታሚን በመቆጣጠር እና በመመገብ ሊቀንስ ይችላል።,description,ቫይታሚን በህፃናት ውስጥ እንዴት ይታያል?,ቫይታሚን በመቆጣጠር እና በመመገብ ሊቀንስ ይችላል።,description
የእርግዝና እንክብካቤ እንዴት ማስታወቂያ ይሁን?,የእርግዝና እንክብካቤ ብዙውን ጊዜ በአካል እንቅስቃሴ እና በጤናማ መመገብ ይታወቃል።,description,የእርግዝና እንክብካቤ እንዴት ማስታወቂያ ይሁን?,የእርግዝና እንክብካቤ ብዙውን ጊዜ በአካል እንቅስቃሴ እና በጤናማ መመገብ ይታወቃል።,description
የስኳር በሽታ ምንድን ነው?,የስኳር በሽታ በሰውነት ላይ ትልቅ ተፅዕኖ ያሳያል።,definition,የስኳር በሽታ ምንድን ነው?,የስኳር በሽታ በሰውነት ላይ ትልቅ ተፅዕኖ ያሳያል።,definition
የደም ግፊት ምን ያስከትላል?,የደም ግፊት አብዛኛውን ጊዜ በተፈጥሯዊ መንገድ ሊቀንስ ይችላል።,list,የደም ግፊት ምን ያስከትላል?,የደም ግፊት አብዛኛውን ጊዜ በተፈጥሯዊ መንገድ ሊቀንስ ይችላል።,list
የአእምሮ ጤና ምን መመገብ አለብኝ?,የአእምሮ ጤና በመቆጣጠር እና በመመገብ ሊቀንስ ይችላል።,list,የአእምሮ ጤና ምን መመገብ አለብኝ?,የአእምሮ ጤና በመቆጣጠር እና በመመገብ ሊቀንስ ይችላል።,list
የነፍስ ጤና እንዴት መከላከል ይቻላል?,የነፍስ ጤና ብዙውን ጊዜ በአካል እንቅስቃሴ እና በጤናማ መመገብ ይታወቃል።,description,የነፍስ ጤና እንዴት መከላከል ይቻላል?,የነፍስ ጤና ብዙውን ጊዜ በአካል እንቅስቃሴ እና በጤናማ መመገብ ይታወቃል።,description
የጥርስ እንክብካቤ ምን ያስከትላል?,የጥርስ እንክብካቤ አብዛኛውን ጊዜ በተፈጥሯዊ መንገድ ሊቀንስ ይችላል።,list,የጥርስ እንክብካቤ ምን ያስከትላል?,የጥርስ እንክብካቤ አብዛኛውን ጊዜ በተፈጥሯዊ መንገድ ሊቀንስ ይችላል።,list
የአእምሮ ጤና ምን ምልክቶች ይኖሩታል?,የአእምሮ ጤና አብዛኛውን ጊዜ በተፈጥሯዊ መንገድ ሊቀንስ ይችላል።,list,የአእምሮ ጤና ምን ምልክቶች ይኖሩታል?,የአእምሮ ጤና አብዛኛውን ጊዜ በተፈጥሯዊ መንገድ ሊቀንስ ይችላል።,list
የጥርስ እንክብካቤ በህፃናት ውስጥ እንዴት ይታያል?,የጥርስ እንክብካቤ ለመከላከል የጤና መመሪያዎችን መከተል አስፈላጊ ነው።,description,የጥርስ እንክብካቤ በህፃናት ውስጥ እንዴት ይታያል?,የጥርስ እንክብካቤ ለመከላከል የጤና መመሪያዎችን መከተል አስፈላጊ ነው።,description
የልብ ጤና እንዴት ማስታወቂያ ይሁን?,የልብ ጤና አብዛኛውን ጊዜ በተፈጥሯዊ መንገድ ሊቀንስ ይችላል።,description,የልብ ጤና እንዴት ማስታወቂያ ይሁን?,የልብ ጤና አብዛኛውን ጊዜ በተፈጥሯዊ መንገድ ሊቀንስ ይችላል።,description
የውስጥ እብጠት ከመደበኛ ምግብ ጋር ምን ግንኙነት አለው?,የውስጥ እብጠት በመቆጣጠር እና በመመገብ ሊቀንስ ይችላል።,list,የውስጥ እብጠት ከመደበኛ ምግብ ጋር ምን ግንኙነት አለው?,የውስጥ እብጠት በመቆጣጠር እና በመመገብ ሊቀንስ ይችላል።,list
የነፍስ ጤና ምንድን ነው?,የነፍስ ጤና በሰውነት ላይ ትልቅ ተፅዕኖ ያሳያል።,definition,የነፍስ ጤና ምንድን ነው?,የነፍስ ጤና በሰውነት ላይ ትልቅ ተፅዕኖ ያሳያል።,definition
የእንቅልፍ ጥራት በህፃናት ውስጥ እንዴት ይታያል?,የእንቅልፍ ጥራት ምልክቶቹ በሰው ሰው ይለያያሉ ፣ ግን ብዙ ጊዜ ታዋቂ ይሆናሉ።,description,የእንቅልፍ ጥራት በህፃናት ውስጥ እንዴት ይታያል?,የእንቅልፍ ጥራት ምልክቶቹ በሰው ሰው ይለያያሉ ፣ ግን ብዙ ጊዜ ታዋቂ ይሆናሉ።,description
የስኳር በሽታ ምን ያስከትላል?,የስኳር በሽታ ብዙውን ጊዜ በአካል እንቅስቃሴ እና በጤናማ መመገብ ይታወቃል።,list,የስኳር በሽታ ምን ያስከትላል?,የስኳር በሽታ ብዙውን ጊዜ በአካል እንቅስቃሴ እና በጤናማ መመገብ ይታወቃል።,list
ቫይታሚን ምን ያስከትላል?,ቫይታሚን በሰውነት ላይ ትልቅ ተፅዕኖ ያሳያል።,list,ቫይታሚን ምን ያስከትላል?,ቫይታሚን በሰውነት ላይ ትልቅ ተፅዕኖ ያሳያል።,list
የምግብ መመገብ ከመደበኛ ምግብ ጋር ምን ግንኙነት አለው?,የምግብ መመገብ ብዙውን ጊዜ በአካል እንቅስቃሴ እና በጤናማ መመገብ ይታወቃል።,list,የምግብ መመገብ ከመደበኛ ምግብ ጋር ምን ግንኙነት አለው?,የምግብ መመገብ ብዙውን ጊዜ በአካል እንቅስቃሴ እና በጤናማ መመገብ ይታወቃል።,list
የምግብ መመገብ ምን ምልክቶች ይኖሩታል?,የምግብ መመገብ ብዙውን ጊዜ በአካል እንቅስቃሴ እና በጤናማ መመገብ ይታወቃል።,list,የምግብ መመገብ ምን ምልክቶች ይኖሩታል?,የምግብ መመገብ ብዙውን ጊዜ በአካል እንቅስቃሴ እና በጤናማ መመገብ ይታወቃል።,list
የደም ግፊት በህፃናት ውስጥ እንዴት ይታያል?,የደም ግፊት ለመከላከል የጤና መመሪያዎችን መከተል አስፈላጊ ነው።,description,የደም ግፊት በህፃናት ውስጥ እንዴት ይታያል?,የደም ግፊት ለመከላከል የጤና መመሪያዎችን መከተል አስፈላጊ ነው።,description
የእንቅልፍ ጥራት ምን ምልክቶች ይኖሩታል?,የእንቅልፍ ጥራት ምልክቶቹ በሰው ሰው ይለያያሉ ፣ ግን ብዙ ጊዜ ታዋቂ ይሆናሉ።,list,የእንቅልፍ ጥራት ምን ምልክቶች ይኖሩታል?,የእንቅልፍ ጥራት ምልክቶቹ በሰው ሰው ይለያያሉ ፣ ግን ብዙ ጊዜ ታዋቂ ይሆናሉ።,list
የእንቅስቃሴ እጅግ ጥቅም ከመደበኛ ምግብ ጋር ምን ግንኙነት አለው?,የእንቅስቃሴ እጅግ ጥቅም ለመከላከል የጤና መመሪያዎችን መከተል አስፈላጊ ነው።,list,የእንቅስቃሴ እጅግ ጥቅም ከመደበኛ ምግብ ጋር ምን ግንኙነት አለው?,የእንቅስቃሴ እጅግ ጥቅም ለመከላከል የጤና መመሪያዎችን መከተል አስፈላጊ ነው።,list
የልብ ጤና ምን ምልክቶች ይኖሩታል?,የልብ ጤና ብዙውን ጊዜ በአካል እንቅስቃሴ እና በጤናማ መመገብ ይታወቃል።,list,የልብ ጤና ምን ምልክቶች ይኖሩታል?,የልብ ጤና ብዙውን ጊዜ በአካል እንቅስቃሴ እና በጤናማ መመገብ ይታወቃል።,list
የህፃናት ጤና ምንድን ነው?,የህፃናት ጤና ብዙውን ጊዜ በአካል እንቅስቃሴ እና በጤናማ መመገብ ይታወቃል።,definition,የህፃናት ጤና ምንድን ነው?,የህፃናት ጤና ብዙውን ጊዜ በአካል እንቅስቃሴ እና በጤናማ መመገብ ይታወቃል።,definition
የህፃናት ጤና ምን ምልክቶች ይኖሩታል?,የህፃናት ጤና አብዛኛውን ጊዜ በተፈጥሯዊ መንገድ ሊቀንስ ይችላል።,list,የህፃናት ጤና ምን ምልክቶች ይኖሩታል?,የህፃናት ጤና አብዛኛውን ጊዜ በተፈጥሯዊ መንገድ ሊቀንስ ይችላል።,list
የብሮንካይተስ ምን ምልክቶች ይኖሩታል?,የብሮንካይተስ በመቆጣጠር እና በመመገብ ሊቀንስ ይችላል።,list,የብሮንካይተስ ምን ምልክቶች ይኖሩታል?,የብሮንካይተስ በመቆጣጠር እና በመመገብ ሊቀንስ ይችላል።,list
የእንቁላል ጤና በህፃናት ውስጥ እንዴት ይታያል?,የእንቁላል ጤና ምልክቶቹ በሰው ሰው ይለያያሉ ፣ ግን ብዙ ጊዜ ታዋቂ ይሆናሉ።,description,የእንቁላል ጤና በህፃናት ውስጥ እንዴት ይታያል?,የእንቁላል ጤና ምልክቶቹ በሰው ሰው ይለያያሉ ፣ ግን ብዙ ጊዜ ታዋቂ ይሆናሉ።,description
ኢንፍሉዌንዛ እንዴት ማስታወቂያ ይሁን?,ኢንፍሉዌንዛ ምልክቶቹ በሰው ሰው ይለያያሉ ፣ ግን ብዙ ጊዜ ታዋቂ ይሆናሉ።,description,ኢንፍሉዌንዛ እንዴት ማስታወቂያ ይሁን?,ኢንፍሉዌንዛ ምልክቶቹ በሰው ሰው ይለያያሉ ፣ ግን ብዙ ጊዜ ታዋቂ ይሆናሉ።,description
የብሮንካይተስ ምን መመገብ አለብኝ?,የብሮንካይተስ ምልክቶቹ በሰው ሰው ይለያያሉ ፣ ግን ብዙ ጊዜ ታዋቂ ይሆናሉ።,list,የብሮንካይተስ ምን መመገብ አለብኝ?,የብሮንካይተስ ምልክቶቹ በሰው ሰው ይለያያሉ ፣ ግን ብዙ ጊዜ ታዋቂ ይሆናሉ።,list
ቫይረስ ምንድን ነው?,ቫይረስ አብዛኛውን ጊዜ በተፈጥሯዊ መንገድ ሊቀንስ ይችላል።,definition,ቫይረስ ምንድን ነው?,ቫይረስ አብዛኛውን ጊዜ በተፈጥሯዊ መንገድ ሊቀንስ ይችላል።,definition
የቆዳ ችግኝ እንዴት መከላከል ይቻላል?,የቆዳ ችግኝ ለመከላከል የጤና መመሪያዎችን መከተል አስፈላጊ ነው።,description,የቆዳ ችግኝ እንዴት መከላከል ይቻላል?,የቆዳ ችግኝ ለመከላከል የጤና መመሪያዎችን መከተል አስፈላጊ ነው።,description
የቆዳ ችግኝ ምንድን ነው?,የቆዳ ችግኝ በሰውነት ላይ ትልቅ ተፅዕኖ ያሳያል።,definition,የቆዳ ችግኝ ምንድን ነው?,የቆዳ ችግኝ በሰውነት ላይ ትልቅ ተፅዕኖ ያሳያል።,definition
ኮቪድ-19 ለእጅግ አደገኛ ነው?,ኮቪድ-19 ለመከላከል የጤና መመሪያዎችን መከተል አስፈላጊ ነው።,description,ኮቪድ-19 ለእጅግ አደገኛ ነው?,ኮቪድ-19 ለመከላከል የጤና መመሪያዎችን መከተል አስፈላጊ ነው።,description
ቫይታሚን ከመደበኛ ምግብ ጋር ምን ግንኙነት አለው?,ቫይታሚን ለመከላከል የጤና መመሪያዎችን መከተል አስፈላጊ ነው።,list,ቫይታሚን ከመደበኛ ምግብ ጋር ምን ግንኙነት አለው?,ቫይታሚን ለመከላከል የጤና መመሪያዎችን መከተል አስፈላጊ ነው።,list
የስኳር በሽታ ምንድን ነው?,የስኳር በሽታ በሰውነት ላይ ትልቅ ተፅዕኖ ያሳያል።,definition,የስኳር በሽታ ምንድን ነው?,የስኳር በሽታ በሰውነት ላይ ትልቅ ተፅዕኖ ያሳያል።,definition
የደም ግፊት ምን መመገብ አለብኝ?,የደም ግፊት አብዛኛውን ጊዜ በተፈጥሯዊ መንገድ ሊቀንስ ይችላል።,list,የደም ግፊት ምን መመገብ አለብኝ?,የደም ግፊት አብዛኛውን ጊዜ በተፈጥሯዊ መንገድ ሊቀንስ ይችላል።,list
ቫይታሚን እንዴት ማስተካከል ይቻላል?,ቫይታሚን አብዛኛውን ጊዜ በተፈጥሯዊ መንገድ ሊቀንስ ይችላል።,description,ቫይታሚን እንዴት ማስተካከል ይቻላል?,ቫይታሚን አብዛኛውን ጊዜ በተፈጥሯዊ መንገድ ሊቀንስ ይችላል።,description
ኢንፍሉዌንዛ ምን ያስከትላል?,ኢንፍሉዌንዛ በሰውነት ላይ ትልቅ ተፅዕኖ ያሳያል።,list,ኢንፍሉዌንዛ ምን ያስከትላል?,ኢንፍሉዌንዛ በሰውነት ላይ ትልቅ ተፅዕኖ ያሳያል።,list
ኢንፍሉዌንዛ እንዴት ማስተካከል ይቻላል?,ኢንፍሉዌንዛ በተወሰነ ህክምና እና በቅድሚያ መከላከል ሊተካ ይችላል።,description,ኢንፍሉዌንዛ እንዴት ማስተካከል ይቻላል?,ኢንፍሉዌንዛ በተወሰነ ህክምና እና በቅድሚያ መከላከል ሊተካ ይችላል።,description
የነፍስ ጤና ምን መመገብ አለብኝ?,የነፍስ ጤና በተወሰነ ህክምና እና በቅድሚያ መከላከል ሊተካ ይችላል።,list,የነፍስ ጤና ምን መመገብ አለብኝ?,የነፍስ ጤና በተወሰነ ህክምና እና በቅድሚያ መከላከል ሊተካ ይችላል።,list
የደም ግፊት ምን ምልክቶች ይኖሩታል?,የደም ግፊት ብዙውን ጊዜ በአካል እንቅስቃሴ እና በጤናማ መመገብ ይታወቃል።,list,የደም ግፊት ምን ምልክቶች ይኖሩታል?,የደም ግፊት ብዙውን ጊዜ በአካል እንቅስቃሴ እና በጤናማ መመገብ ይታወቃል።,list
የውስጥ እብጠት ምን መመገብ አለብኝ?,የውስጥ እብጠት በሰውነት ላይ ትልቅ ተፅዕኖ ያሳያል።,list,የውስጥ እብጠት ምን መመገብ አለብኝ?,የውስጥ እብጠት በሰውነት ላይ ትልቅ ተፅዕኖ ያሳያል።,list
ኢንፍሉዌንዛ ምን መመገብ አለብኝ?,ኢንፍሉዌንዛ ለመከላከል የጤና መመሪያዎችን መከተል አስፈላጊ ነው።,list,ኢንፍሉዌንዛ ምን መመገብ አለብኝ?,ኢንፍሉዌንዛ ለመከላከል የጤና መመሪያዎችን መከተል አስፈላጊ ነው።,list
የቆዳ ችግኝ ምን መመገብ አለብኝ?,የቆዳ ችግኝ በተወሰነ ህክምና እና በቅድሚያ መከላከል ሊተካ ይችላል።,list,የቆዳ ችግኝ ምን መመገብ አለብኝ?,የቆዳ ችግኝ በተወሰነ ህክምና እና በቅድሚያ መከላከል ሊተካ ይችላል።,list
የእርግዝና እንክብካቤ ከመደበኛ ምግብ ጋር ምን ግንኙነት አለው?,የእርግዝና እንክብካቤ ምልክቶቹ በሰው ሰው ይለያያሉ ፣ ግን ብዙ ጊዜ ታዋቂ ይሆናሉ።,list,የእርግዝና እንክብካቤ ከመደበኛ ምግብ ጋር ምን ግንኙነት አለው?,የእርግዝና እንክብካቤ ምልክቶቹ በሰው ሰው ይለያያሉ ፣ ግን ብዙ ጊዜ ታዋቂ ይሆናሉ።,list
የአእምሮ ጤና ከመደበኛ ምግብ ጋር ምን ግንኙነት አለው?,የአእምሮ ጤና በሰውነት ላይ ትልቅ ተፅዕኖ ያሳያል።,list,የአእምሮ ጤና ከመደበኛ ምግብ ጋር ምን ግንኙነት አለው?,የአእምሮ ጤና በሰውነት ላይ ትልቅ ተፅዕኖ ያሳያል።,list
ቫይታሚን እንዴት ማስተካከል ይቻላል?,ቫይታሚን አብዛኛውን ጊዜ በተፈጥሯዊ መንገድ ሊቀንስ ይችላል።,description,ቫይታሚን እንዴት ማስተካከል ይቻላል?,ቫይታሚን አብዛኛውን ጊዜ በተፈጥሯዊ መንገድ ሊቀንስ ይችላል።,description
የስኳር በሽታ ምንድን ነው?,የስኳር በሽታ ብዙውን ጊዜ በአካል እንቅስቃሴ እና በጤናማ መመገብ ይታወቃል።,definition,የስኳር በሽታ ምንድን ነው?,የስኳር በሽታ ብዙውን ጊዜ በአካል እንቅስቃሴ እና በጤናማ መመገብ ይታወቃል።,definition
የእንቅልፍ ጥራት እንዴት ማስተካከል ይቻላል?,የእንቅልፍ ጥራት ለመከላከል የጤና መመሪያዎችን መከተል አስፈላጊ ነው።,description,የእንቅልፍ ጥራት እንዴት ማስተካከል ይቻላል?,የእንቅልፍ ጥራት ለመከላከል የጤና መመሪያዎችን መከተል አስፈላጊ ነው።,description
የቆዳ ችግኝ ምን ምልክቶች ይኖሩታል?,የቆዳ ችግኝ በተወሰነ ህክምና እና በቅድሚያ መከላከል ሊተካ ይችላል።,list,የቆዳ ችግኝ ምን ምልክቶች ይኖሩታል?,የቆዳ ችግኝ በተወሰነ ህክምና እና በቅድሚያ መከላከል ሊተካ ይችላል።,list
የአእምሮ ጤና በህፃናት ውስጥ እንዴት ይታያል?,የአእምሮ ጤና ብዙውን ጊዜ በአካል እንቅስቃሴ እና በጤናማ መመገብ ይታወቃል።,definition,የአእምሮ ጤና በህፃናት ውስጥ እንዴት ይታያል?,የአእምሮ ጤና ብዙውን ጊዜ በአካል እንቅስቃሴ እና በጤናማ መመገብ ይታወቃል።,definition
የደም ግፊት ምን ያስከትላል?,የደም ግፊት በሰውነት ላይ ትልቅ ተፅዕኖ ያሳያል።,list,የደም ግፊት ምን ያስከትላል?,የደም ግፊት በሰውነት ላይ ትልቅ ተፅዕኖ ያሳያል።,list
ቫይረስ እንዴት መከላከል ይቻላል?,ቫይረስ በመቆጣጠር እና በመመገብ ሊቀንስ ይችላል።,description,ቫይረስ እንዴት መከላከል ይቻላል?,ቫይረስ በመቆጣጠር እና በመመገብ ሊቀንስ ይችላል።,description
ቫይረስ ምንድን ነው?,ቫይረስ ለመከላከል የጤና መመሪያዎችን መከተል አስፈላጊ ነው።,definition,ቫይረስ ምንድን ነው?,ቫይረስ ለመከላከል የጤና መመሪያዎችን መከተል አስፈላጊ ነው።,definition
ኢንፍሉዌንዛ ምን ምልክቶች ይኖሩታል?,ኢንፍሉዌንዛ ብዙውን ጊዜ በአካል እንቅስቃሴ እና በጤናማ መመገብ ይታወቃል።,list,ኢንፍሉዌንዛ ምን ምልክቶች ይኖሩታል?,ኢንፍሉዌንዛ ብዙውን ጊዜ በአካል እንቅስቃሴ እና በጤናማ መመገብ ይታወቃል።,list
የእንቅልፍ ጥራት ምን ምልክቶች ይኖሩታል?,የእንቅልፍ ጥራት በተወሰነ ህክምና እና በቅድሚያ መከላከል ሊተካ ይችላል።,list,የእንቅልፍ ጥራት ምን ምልክቶች ይኖሩታል?,የእንቅልፍ ጥራት በተወሰነ ህክምና እና በቅድሚያ መከላከል ሊተካ ይችላል።,list
የአእምሮ ጤና እንዴት ማስተካከል ይቻላል?,የአእምሮ ጤና ብዙውን ጊዜ በአካል እንቅስቃሴ እና በጤናማ መመገብ ይታወቃል።,description,የአእምሮ ጤና እንዴት ማስተካከል ይቻላል?,የአእምሮ ጤና ብዙውን ጊዜ በአካል እንቅስቃሴ እና በጤናማ መመገብ ይታወቃል።,description
የእርግዝና እንክብካቤ ምን ምልክቶች ይኖሩታል?,የእርግዝና እንክብካቤ በመቆጣጠር እና በመመገብ ሊቀንስ ይችላል።,list,የእርግዝና እንክብካቤ ምን ምልክቶች ይኖሩታል?,የእርግዝና እንክብካቤ በመቆጣጠር እና በመመገብ ሊቀንስ ይችላል።,list
የአእምሮ ጤና እንዴት መከላከል ይቻላል?,የአእምሮ ጤና ምልክቶቹ በሰው ሰው ይለያያሉ ፣ ግን ብዙ ጊዜ ታዋቂ ይሆናሉ።,description,የአእምሮ ጤና እንዴት መከላከል ይቻላል?,የአእምሮ ጤና ምልክቶቹ በሰው ሰው ይለያያሉ ፣ ግን ብዙ ጊዜ ታዋቂ ይሆናሉ።,description
የውስጥ እብጠት ከመደበኛ ምግብ ጋር ምን ግንኙነት አለው?,የውስጥ እብጠት ለመከላከል የጤና መመሪያዎችን መከተል አስፈላጊ ነው።,list,የውስጥ እብጠት ከመደበኛ ምግብ ጋር ምን ግንኙነት አለው?,የውስጥ እብጠት ለመከላከል የጤና መመሪያዎችን መከተል አስፈላጊ ነው።,list
የብሮንካይተስ እንዴት ማስታወቂያ ይሁን?,የብሮንካይተስ አብዛኛውን ጊዜ በተፈጥሯዊ መንገድ ሊቀንስ ይችላል።,description,የብሮንካይተስ እንዴት ማስታወቂያ ይሁን?,የብሮንካይተስ አብዛኛውን ጊዜ በተፈጥሯዊ መንገድ ሊቀንስ ይችላል።,description
የህፃናት ጤና እንዴት መከላከል ይቻላል?,የህፃናት ጤና ብዙውን ጊዜ በአካል እንቅስቃሴ እና በጤናማ መመገብ ይታወቃል።,description,የህፃናት ጤና እንዴት መከላከል ይቻላል?,የህፃናት ጤና ብዙውን ጊዜ በአካል እንቅስቃሴ እና በጤናማ መመገብ ይታወቃል።,description
የቆዳ ችግኝ እንዴት መከላከል ይቻላል?,የቆዳ ችግኝ ምልክቶቹ በሰው ሰው ይለያያሉ ፣ ግን ብዙ ጊዜ ታዋቂ ይሆናሉ።,description,የቆዳ ችግኝ እንዴት መከላከል ይቻላል?,የቆዳ ችግኝ ምልክቶቹ በሰው ሰው ይለያያሉ ፣ ግን ብዙ ጊዜ ታዋቂ ይሆናሉ።,description
ኢንፍሉዌንዛ ምን ምልክቶች ይኖሩታል?,ኢንፍሉዌንዛ ብዙውን ጊዜ በአካል እንቅስቃሴ እና በጤናማ መመገብ ይታወቃል።,list,ኢንፍሉዌንዛ ምን ምልክቶች ይኖሩታል?,ኢንፍሉዌንዛ ብዙውን ጊዜ በአካል እንቅስቃሴ እና በጤናማ መመገብ ይታወቃል።,list
የነፍስ ጤና ምን መመገብ አለብኝ?,የነፍስ ጤና በተወሰነ ህክምና እና በቅድሚያ መከላከል ሊተካ ይችላል።,list,የነፍስ ጤና ምን መመገብ አለብኝ?,የነፍስ ጤና በተወሰነ ህክምና እና በቅድሚያ መከላከል ሊተካ ይችላል።,list
የደም ግፊት ከመደበኛ ምግብ ጋር ምን ግንኙነት አለው?,የደም ግፊት በተወሰነ ህክምና እና በቅድሚያ መከላከል ሊተካ ይችላል።,list,የደም ግፊት ከመደበኛ ምግብ ጋር ምን ግንኙነት አለው?,የደም ግፊት በተወሰነ ህክምና እና በቅድሚያ መከላከል ሊተካ ይችላል።,list
የእንቁላል ጤና ምን ምልክቶች ይኖሩታል?,የእንቁላል ጤና አብዛኛውን ጊዜ በተፈጥሯዊ መንገድ ሊቀንስ ይችላል።,list,የእንቁላል ጤና ምን ምልክቶች ይኖሩታል?,የእንቁላል ጤና አብዛኛውን ጊዜ በተፈጥሯዊ መንገድ ሊቀንስ ይችላል።,list
የአእምሮ ጤና ምን ያስከትላል?,የአእምሮ ጤና ምልክቶቹ በሰው ሰው ይለያያሉ ፣ ግን ብዙ ጊዜ ታዋቂ ይሆናሉ።,list,የአእምሮ ጤና ምን ያስከትላል?,የአእምሮ ጤና ምልክቶቹ በሰው ሰው ይለያያሉ ፣ ግን ብዙ ጊዜ ታዋቂ ይሆናሉ።,list
የቆዳ ችግኝ ምንድን ነው?,የቆዳ ችግኝ ምልክቶቹ በሰው ሰው ይለያያሉ ፣ ግን ብዙ ጊዜ ታዋቂ ይሆናሉ።,definition,የቆዳ ችግኝ ምንድን ነው?,የቆዳ ችግኝ ምልክቶቹ በሰው ሰው ይለያያሉ ፣ ግን ብዙ ጊዜ ታዋቂ ይሆናሉ።,definition
የእንቅስቃሴ እጅግ ጥቅም እንዴት ማስታወቂያ ይሁን?,የእንቅስቃሴ እጅግ ጥቅም በመቆጣጠር እና በመመገብ ሊቀንስ ይችላል።,description,የእንቅስቃሴ እጅግ ጥቅም እንዴት ማስታወቂያ ይሁን?,የእንቅስቃሴ እጅግ ጥቅም በመቆጣጠር እና በመመገብ ሊቀንስ ይችላል።,description
ቫይታሚን ምን መመገብ አለብኝ?,ቫይታሚን በሰውነት ላይ ትልቅ ተፅዕኖ ያሳያል።,definition,ቫይታሚን ምን መመገብ አለብኝ?,ቫይታሚን በሰውነት ላይ ትልቅ ተፅዕኖ ያሳያል።,definition
የእርግዝና እንክብካቤ ለእጅግ አደገኛ ነው?,የእርግዝና እንክብካቤ ምልክቶቹ በሰው ሰው ይለያያሉ ፣ ግን ብዙ ጊዜ ታዋቂ ይሆናሉ።,description,የእርግዝና እንክብካቤ ለእጅግ አደገኛ ነው?,የእርግዝና እንክብካቤ ምልክቶቹ በሰው ሰው ይለያያሉ ፣ ግን ብዙ ጊዜ ታዋቂ ይሆናሉ።,description
የምግብ መመገብ እንዴት ማስታወቂያ ይሁን?,የምግብ መመገብ በመቆጣጠር እና በመመገብ ሊቀንስ ይችላል።,description,የምግብ መመገብ እንዴት ማስታወቂያ ይሁን?,የምግብ መመገብ በመቆጣጠር እና በመመገብ ሊቀንስ ይችላል።,description
ቫይረስ ምንድን ነው?,ቫይረስ ምልክቶቹ በሰው ሰው ይለያያሉ ፣ ግን ብዙ ጊዜ ታዋቂ ይሆናሉ።,definition,ቫይረስ ምንድን ነው?,ቫይረስ ምልክቶቹ በሰው ሰው ይለያያሉ ፣ ግን ብዙ ጊዜ ታዋቂ ይሆናሉ።,definition
የእንቅስቃሴ እጅግ ጥቅም ለእጅግ አደገኛ ነው?,የእንቅስቃሴ እጅግ ጥቅም ለመከላከል የጤና መመሪያዎችን መከተል አስፈላጊ ነው።,description,የእንቅስቃሴ እጅግ ጥቅም ለእጅግ አደገኛ ነው?,የእንቅስቃሴ እጅግ ጥቅም ለመከላከል የጤና መመሪያዎችን መከተል አስፈላጊ ነው።,description
የብሮንካይተስ ከመደበኛ ምግብ ጋር ምን ግንኙነት አለው?,የብሮንካይተስ በተወሰነ ህክምና እና በቅድሚያ መከላከል ሊተካ ይችላል።,list,የብሮንካይተስ ከመደበኛ ምግብ ጋር ምን ግንኙነት አለው?,የብሮንካይተስ በተወሰነ ህክምና እና በቅድሚያ መከላከል ሊተካ ይችላል።,list
የነፍስ ጤና ምን ያስከትላል?,የነፍስ ጤና ብዙውን ጊዜ በአካል እንቅስቃሴ እና በጤናማ መመገብ ይታወቃል።,factoid,የነፍስ ጤና ምን ያስከትላል?,የነፍስ ጤና ብዙውን ጊዜ በአካል እንቅስቃሴ እና በጤናማ መመገብ ይታወቃል።,factoid
ኮቪድ-19 ለመከላከል ምን መመገብ አለብኝ?,ኮቪድ-19 ብዙውን ጊዜ በአካል እንቅስቃሴ እና በጤናማ መመገብ ይታወቃል።,list,ኮቪድ-19 ለመከላከል ምን መመገብ አለብኝ?,ኮቪድ-19 ብዙውን ጊዜ በአካል እንቅስቃሴ እና በጤናማ መመገብ ይታወቃል።,list
የልብ ጤና እንዴት መከላከል ይቻላል?,የልብ ጤና በሰውነት ላይ ትልቅ ተፅዕኖ ያሳያል።,description,የልብ ጤና እንዴት መከላከል ይቻላል?,የልብ ጤና በሰውነት ላይ ትልቅ ተፅዕኖ ያሳያል።,description
የልብ ጤና ከመደበኛ ምግብ ጋር ምን ግንኙነት አለው?,የልብ ጤና በመቆጣጠር እና በመመገብ ሊቀንስ ይችላል።,list,የልብ ጤና ከመደበኛ ምግብ ጋር ምን ግንኙነት አለው?,የልብ ጤና በመቆጣጠር እና በመመገብ ሊቀንስ ይችላል።,list
የእንቅልፍ ጥራት ምን መመገብ አለብኝ?,የእንቅልፍ ጥራት ምልክቶቹ በሰው ሰው ይለያያሉ ፣ ግን ብዙ ጊዜ ታዋቂ ይሆናሉ።,list,የእንቅልፍ ጥራት ምን መመገብ አለብኝ?,የእንቅልፍ ጥራት ምልክቶቹ በሰው ሰው ይለያያሉ ፣ ግን ብዙ ጊዜ ታዋቂ ይሆናሉ።,list
የነፍስ ጤና እንዴት ማስተካከል ይቻላል?,የነፍስ ጤና ለመከላከል የጤና መመሪያዎችን መከተል አስፈላጊ ነው።,description,የነፍስ ጤና እንዴት ማስተካከል ይቻላል?,የነፍስ ጤና ለመከላከል የጤና መመሪያዎችን መከተል አስፈላጊ ነው።,description
ኮቪድ-19 እንዴት ማስታወቂያ ይሁን?,ኮቪድ-19 አብዛኛውን ጊዜ በተፈጥሯዊ መንገድ ሊቀንስ ይችላል።,description,ኮቪድ-19 እንዴት ማስታወቂያ ይሁን?,ኮቪድ-19 አብዛኛውን ጊዜ በተፈጥሯዊ መንገድ ሊቀንስ ይችላል።,description
ቫይረስ እንዴት መከላከል ይቻላል?,ቫይረስ ብዙውን ጊዜ በአካል እንቅስቃሴ እና በጤናማ መመገብ ይታወቃል።,description,ቫይረስ እንዴት መከላከል ይቻላል?,ቫይረስ ብዙውን ጊዜ በአካል እንቅስቃሴ እና በጤናማ መመገብ ይታወቃል።,description
የውስጥ እብጠት ምንድን ነው?,የውስጥ እብጠት በተወሰነ ህክምና እና በቅድሚያ መከላከል ሊተካ ይችላል።,definition,የውስጥ እብጠት ምንድን ነው?,የውስጥ እብጠት በተወሰነ ህክምና እና በቅድሚያ መከላከል ሊተካ ይችላል።,definition
የአእምሮ ጤና እንዴት መከላከል ይቻላል?,የአእምሮ ጤና አብዛኛውን ጊዜ በተፈጥሯዊ መንገድ ሊቀንስ ይችላል።,description,የአእምሮ ጤና እንዴት መከላከል ይቻላል?,የአእምሮ ጤና አብዛኛውን ጊዜ በተፈጥሯዊ መንገድ ሊቀንስ ይችላል።,description
የእርግዝና እንክብካቤ በህፃናት ውስጥ እንዴት ይታያል?,የእርግዝና እንክብካቤ ለመከላከል የጤና መመሪያዎችን መከተል አስፈላጊ ነው።,description,የእርግዝና እንክብካቤ በህፃናት ውስጥ እንዴት ይታያል?,የእርግዝና እንክብካቤ ለመከላከል የጤና መመሪያዎችን መከተል አስፈላጊ ነው።,description
ኮቪድ-19 ምን መመገብ አለብኝ?,ኮቪድ-19 ምልክቶቹ በሰው ሰው ይለያያሉ ፣ ግን ብዙ ጊዜ ታዋቂ ይሆናሉ።,list,ኮቪድ-19 ምን መመገብ አለብኝ?,ኮቪድ-19 ምልክቶቹ በሰው ሰው ይለያያሉ ፣ ግን ብዙ ጊዜ ታዋቂ ይሆናሉ።,list
የእንቁላል ጤና ምን መመገብ አለብኝ?,የእንቁላል ጤና በመቆጣጠር እና በመመገብ ሊቀንስ ይችላል።,list,የእንቁላል ጤና ምን መመገብ አለብኝ?,የእንቁላል ጤና በመቆጣጠር እና በመመገብ ሊቀንስ ይችላል።,list
የውስጥ እብጠት እንዴት ማስተካከል ይቻላል?,የውስጥ እብጠት በመቆጣጠር እና በመመገብ ሊቀንስ ይችላል።,description,የውስጥ እብጠት እንዴት ማስተካከል ይቻላል?,የውስጥ እብጠት በመቆጣጠር እና በመመገብ ሊቀንስ ይችላል።,description
የህፃናት ጤና እንዴት ማስታወቂያ ይሁን?,የህፃናት ጤና በተወሰነ ህክምና እና በቅድሚያ መከላከል ሊተካ ይችላል።,description,የህፃናት ጤና እንዴት ማስታወቂያ ይሁን?,የህፃናት ጤና በተወሰነ ህክምና እና በቅድሚያ መከላከል ሊተካ ይችላል።,description
የነፍስ ጤና ከመደበኛ ምግብ ጋር ምን ግንኙነት አለው?,የነፍስ ጤና ብዙውን ጊዜ በአካል እንቅስቃሴ እና በጤናማ መመገብ ይታወቃል።,list,የነፍስ ጤና ከመደበኛ ምግብ ጋር ምን ግንኙነት አለው?,የነፍስ ጤና ብዙውን ጊዜ በአካል እንቅስቃሴ እና በጤናማ መመገብ ይታወቃል።,list
ኢንፍሉዌንዛ እንዴት ማስታወቂያ ይሁን?,ኢንፍሉዌንዛ በሰውነት ላይ ትልቅ ተፅዕኖ ያሳያል።,description,ኢንፍሉዌንዛ እንዴት ማስታወቂያ ይሁን?,ኢንፍሉዌንዛ በሰውነት ላይ ትልቅ ተፅዕኖ ያሳያል።,description
የጥርስ እንክብካቤ ለእጅግ አደገኛ ነው?,የጥርስ እንክብካቤ በተወሰነ ህክምና እና በቅድሚያ መከላከል ሊተካ ይችላል።,description,የጥርስ እንክብካቤ ለእጅግ አደገኛ ነው?,የጥርስ እንክብካቤ በተወሰነ ህክምና እና በቅድሚያ መከላከል ሊተካ ይችላል።,description
የደም ግፊት ምን መመገብ አለብኝ?,የደም ግፊት ለመከላከል የጤና መመሪያዎችን መከተል አስፈላጊ ነው።,list,የደም ግፊት ምን መመገብ አለብኝ?,የደም ግፊት ለመከላከል የጤና መመሪያዎችን መከተል አስፈላጊ ነው።,list
የስኳር በሽታ ምን መመገብ አለብኝ?,የስኳር በሽታ በሰውነት ላይ ትልቅ ተፅዕኖ ያሳያል።,list,የስኳር በሽታ ምን መመገብ አለብኝ?,የስኳር በሽታ በሰውነት ላይ ትልቅ ተፅዕኖ ያሳያል።,list
የምግብ መመገብ እንዴት መከላከል ይቻላል?,የምግብ መመገብ በመቆጣጠር እና በመመገብ ሊቀንስ ይችላል።,description,የምግብ መመገብ እንዴት መከላከል ይቻላል?,የምግብ መመገብ በመቆጣጠር እና በመመገብ ሊቀንስ ይችላል።,description
ኮቪድ-19 ምንድን ነው?,ኮቪድ-19 በመቆጣጠር እና በመመገብ ሊቀንስ ይችላል።,definition,ኮቪድ-19 ምንድን ነው?,ኮቪድ-19 በመቆጣጠር እና በመመገብ ሊቀንስ ይችላል።,definition
የውስጥ እብጠት ምንድን ነው?,የውስጥ እብጠት አብዛኛውን ጊዜ በተፈጥሯዊ መንገድ ሊቀንስ ይችላል።,definition,የውስጥ እብጠት ምንድን ነው?,የውስጥ እብጠት አብዛኛውን ጊዜ በተፈጥሯዊ መንገድ ሊቀንስ ይችላል።,definition
የስኳር በሽታ ምን መመገብ አለብኝ?,የስኳር በሽታ አብዛኛውን ጊዜ በተፈጥሯዊ መንገድ ሊቀንስ ይችላል።,list,የስኳር በሽታ ምን መመገብ አለብኝ?,የስኳር በሽታ አብዛኛውን ጊዜ በተፈጥሯዊ መንገድ ሊቀንስ ይችላል።,list
የእንቅስቃሴ እጅግ ጥቅም ምን ምልክቶች ይኖሩታል?,የእንቅስቃሴ እጅግ ጥቅም ለመከላከል የጤና መመሪያዎችን መከተል አስፈላጊ ነው።,list,የእንቅስቃሴ እጅግ ጥቅም ምን ምልክቶች ይኖሩታል?,የእንቅስቃሴ እጅግ ጥቅም ለመከላከል የጤና መመሪያዎችን መከተል አስፈላጊ ነው።,list
ቫይረስ ምን ያስከትላል?,ቫይረስ ለመከላከል የጤና መመሪያዎችን መከተል አስፈላጊ ነው።,list,ቫይረስ ምን ያስከትላል?,ቫይረስ ለመከላከል የጤና መመሪያዎችን መከተል አስፈላጊ ነው።,list
ቫይረስ ምንድን ነው?,ቫይረስ በተወሰነ ህክምና እና በቅድሚያ መከላከል ሊተካ ይችላል።,definition,ቫይረስ ምንድን ነው?,ቫይረስ በተወሰነ ህክምና እና በቅድሚያ መከላከል ሊተካ ይችላል።,definition
የልብ ጤና እንዴት ማስተካከል ይቻላል?,የልብ ጤና ለመከላከል የጤና መመሪያዎችን መከተል አስፈላጊ ነው።,description,የልብ ጤና እንዴት ማስተካከል ይቻላል?,የልብ ጤና ለመከላከል የጤና መመሪያዎችን መከተል አስፈላጊ ነው።,description
የእንቅስቃሴ እጅግ ጥቅም እንዴት ማስተካከል ይቻላል?,የእንቅስቃሴ እጅግ ጥቅም አብዛኛውን ጊዜ በተፈጥሯዊ መንገድ ሊቀንስ ይችላል።,description,የእንቅስቃሴ እጅግ ጥቅም እንዴት ማስተካከል ይቻላል?,የእንቅስቃሴ እጅግ ጥቅም አብዛኛውን ጊዜ በተፈጥሯዊ መንገድ ሊቀንስ ይችላል።,description
የእንቅልፍ ጥራት ምን መመገብ አለብኝ?,የእንቅልፍ ጥራት በሰውነት ላይ ትልቅ ተፅዕኖ ያሳያል።,list,የእንቅልፍ ጥራት ምን መመገብ አለብኝ?,የእንቅልፍ ጥራት በሰውነት ላይ ትልቅ ተፅዕኖ ያሳያል።,list
የአእምሮ ጤና ለእጅግ አደገኛ ነው?,የአእምሮ ጤና አብዛኛውን ጊዜ በተፈጥሯዊ መንገድ ሊቀንስ ይችላል።,description,የአእምሮ ጤና ለእጅግ አደገኛ ነው?,የአእምሮ ጤና አብዛኛውን ጊዜ በተፈጥሯዊ መንገድ ሊቀንስ ይችላል።,description
ኮቪድ-19 እንዴት መከላከል ይቻላል?,ኮቪድ-19 ብዙውን ጊዜ በአካል እንቅስቃሴ እና በጤናማ መመገብ ይታወቃል።,description,ኮቪድ-19 እንዴት መከላከል ይቻላል?,ኮቪድ-19 ብዙውን ጊዜ በአካል እንቅስቃሴ እና በጤናማ መመገብ ይታወቃል።,description
የጥርስ እንክብካቤ እንዴት መከላከል ይቻላል?,የጥርስ እንክብካቤ አብዛኛውን ጊዜ በተፈጥሯዊ መንገድ ሊቀንስ ይችላል።,description,የጥርስ እንክብካቤ እንዴት መከላከል ይቻላል?,የጥርስ እንክብካቤ አብዛኛውን ጊዜ በተፈጥሯዊ መንገድ ሊቀንስ ይችላል።,description
የአእምሮ ጤና ምን መመገብ አለብኝ?,የአእምሮ ጤና በሰውነት ላይ ትልቅ ተፅዕኖ ያሳያል።,list,የአእምሮ ጤና ምን መመገብ አለብኝ?,የአእምሮ ጤና በሰውነት ላይ ትልቅ ተፅዕኖ ያሳያል።,list
የምግብ መመገብ ከመደበኛ ምግብ ጋር ምን ግንኙነት አለው?,የምግብ መመገብ ለመከላከል የጤና መመሪያዎችን መከተል አስፈላጊ ነው።,list,የምግብ መመገብ ከመደበኛ ምግብ ጋር ምን ግንኙነት አለው?,የምግብ መመገብ ለመከላከል የጤና መመሪያዎችን መከተል አስፈላጊ ነው።,list
የእንቁላል ጤና ምን ያስከትላል?,የእንቁላል ጤና በመቆጣጠር እና በመመገብ ሊቀንስ ይችላል።,list,የእንቁላል ጤና ምን ያስከትላል?,የእንቁላል ጤና በመቆጣጠር እና በመመገብ ሊቀንስ ይችላል።,list
ቫይረስ ምን ምልክቶች ይኖሩታል?,ቫይረስ አብዛኛውን ጊዜ በተፈጥሯዊ መንገድ ሊቀንስ ይችላል።,list,ቫይረስ ምን ምልክቶች ይኖሩታል?,ቫይረስ አብዛኛውን ጊዜ በተፈጥሯዊ መንገድ ሊቀንስ ይችላል።,list
ቫይረስ እንዴት መከላከል ይቻላል?,ቫይረስ አብዛኛውን ጊዜ በተፈጥሯዊ መንገድ ሊቀንስ ይችላል።,description,ቫይረስ እንዴት መከላከል ይቻላል?,ቫይረስ አብዛኛውን ጊዜ በተፈጥሯዊ መንገድ ሊቀንስ ይችላል።,description
የደም ግፊት ምን ምልክቶች ይኖሩታል?,የደም ግፊት በተወሰነ ህክምና እና በቅድሚያ መከላከል ሊተካ ይችላል።,list,የደም ግፊት ምን ምልክቶች ይኖሩታል?,የደም ግፊት በተወሰነ ህክምና እና በቅድሚያ መከላከል ሊተካ ይችላል።,list
የውስጥ እብጠት ከመደበኛ ምግብ ጋር ምን ግንኙነት አለው?,የውስጥ እብጠት አብዛኛውን ጊዜ በተፈጥሯዊ መንገድ ሊቀንስ ይችላል።,list,የውስጥ እብጠት ከመደበኛ ምግብ ጋር ምን ግንኙነት አለው?,የውስጥ እብጠት አብዛኛውን ጊዜ በተፈጥሯዊ መንገድ ሊቀንስ ይችላል።,list
የውስጥ እብጠት ምንድን ነው?,የውስጥ እብጠት ብዙውን ጊዜ በአካል እንቅስቃሴ እና በጤናማ መመገብ ይታወቃል።,definition,የውስጥ እብጠት ምንድን ነው?,የውስጥ እብጠት ብዙውን ጊዜ በአካል እንቅስቃሴ እና በጤናማ መመገብ ይታወቃል።,definition
የልብ ጤና እንዴት ማስተካከል ይቻላል?,የልብ ጤና ብዙውን ጊዜ በአካል እንቅስቃሴ እና በጤናማ መመገብ ይታወቃል።,description,የልብ ጤና እንዴት ማስተካከል ይቻላል?,የልብ ጤና ብዙውን ጊዜ በአካል እንቅስቃሴ እና በጤናማ መመገብ ይታወቃል።,description
የአእምሮ ጤና በህፃናት ውስጥ እንዴት ይታያል?,የአእምሮ ጤና አብዛኛውን ጊዜ በተፈጥሯዊ መንገድ ሊቀንስ ይችላል።,description,የአእምሮ ጤና በህፃናት ውስጥ እንዴት ይታያል?,የአእምሮ ጤና አብዛኛውን ጊዜ በተፈጥሯዊ መንገድ ሊቀንስ ይችላል።,description
የእንቅስቃሴ እጅግ ጥቅም ለእጅግ አደገኛ ነው?,የእንቅስቃሴ እጅግ ጥቅም አብዛኛውን ጊዜ በተፈጥሯዊ መንገድ ሊቀንስ ይችላል።,description,የእንቅስቃሴ እጅግ ጥቅም ለእጅግ አደገኛ ነው?,የእንቅስቃሴ እጅግ ጥቅም አብዛኛውን ጊዜ በተፈጥሯዊ መንገድ ሊቀንስ ይችላል።,description
ኮቪድ-19 እንዴት ማስተካከል ይቻላል?,ኮቪድ-19 በሰውነት ላይ ትልቅ ተፅዕኖ ያሳያል።,description,ኮቪድ-19 እንዴት ማስተካከል ይቻላል?,ኮቪድ-19 በሰውነት ላይ ትልቅ ተፅዕኖ ያሳያል።,description
የውስጥ እብጠት እንዴት ማስታወቂያ ይሁን?,የውስጥ እብጠት ብዙውን ጊዜ በአካል እንቅስቃሴ እና በጤናማ መመገብ ይታወቃል።,description,የውስጥ እብጠት እንዴት ማስታወቂያ ይሁን?,የውስጥ እብጠት ብዙውን ጊዜ በአካል እንቅስቃሴ እና በጤናማ መመገብ ይታወቃል።,description
የስኳር በሽታ እንዴት መከላከል ይቻላል?,የስኳር በሽታ ለመከላከል የጤና መመሪያዎችን መከተል አስፈላጊ ነው።,description,የስኳር በሽታ እንዴት መከላከል ይቻላል?,የስኳር በሽታ ለመከላከል የጤና መመሪያዎችን መከተል አስፈላጊ ነው።,description
ኮቪድ-19 ምንድን ነው?,ኮቪድ-19 ብዙውን ጊዜ በአካል እንቅስቃሴ እና በጤናማ መመገብ ይታወቃል።,definition,ኮቪድ-19 ምንድን ነው?,ኮቪድ-19 ብዙውን ጊዜ በአካል እንቅስቃሴ እና በጤናማ መመገብ ይታወቃል።,definition
የህፃናት ጤና እንዴት ማስተካከል ይቻላል?,የህፃናት ጤና አብዛኛውን ጊዜ በተፈጥሯዊ መንገድ ሊቀንስ ይችላል።,description,የህፃናት ጤና እንዴት ማስተካከል ይቻላል?,የህፃናት ጤና አብዛኛውን ጊዜ በተፈጥሯዊ መንገድ ሊቀንስ ይችላል።,description
የብሮንካይተስ እንዴት መከላከል ይቻላል?,የብሮንካይተስ አብዛኛውን ጊዜ በተፈጥሯዊ መንገድ ሊቀንስ ይችላል።,description,የብሮንካይተስ እንዴት መከላከል ይቻላል?,የብሮንካይተስ አብዛኛውን ጊዜ በተፈጥሯዊ መንገድ ሊቀንስ ይችላል።,description
የእንቁላል ጤና ምንድን ነው?,የእንቁላል ጤና በሰውነት ላይ ትልቅ ተፅዕኖ ያሳያል።,definition,የእንቁላል ጤና ምንድን ነው?,የእንቁላል ጤና በሰውነት ላይ ትልቅ ተፅዕኖ ያሳያል።,definition
የእንቅልፍ ጥራት እንዴት ማስታወቂያ ይሁን?,የእንቅልፍ ጥራት ለመከላከል የጤና መመሪያዎችን መከተል አስፈላጊ ነው።,description,የእንቅልፍ ጥራት እንዴት ማስታወቂያ ይሁን?,የእንቅልፍ ጥራት ለመከላከል የጤና መመሪያዎችን መከተል አስፈላጊ ነው።,description
ቫይረስ ምንድን ነው?,ቫይረስ በመቆጣጠር እና በመመገብ ሊቀንስ ይችላል።,definition,ቫይረስ ምንድን ነው?,ቫይረስ በመቆጣጠር እና በመመገብ ሊቀንስ ይችላል።,definition
የህፃናት ጤና በህፃናት ውስጥ እንዴት ይታያል?,የህፃናት ጤና በሰውነት ላይ ትልቅ ተፅዕኖ ያሳያል።,description,የህፃናት ጤና በህፃናት ውስጥ እንዴት ይታያል?,የህፃናት ጤና በሰውነት ላይ ትልቅ ተፅዕኖ ያሳያል።,description
የእንቅልፍ ጥራት ምን ምልክቶች ይኖሩታል?,የእንቅልፍ ጥራት ብዙውን ጊዜ በአካል እንቅስቃሴ እና በጤናማ መመገብ ይታወቃል።,list,የእንቅልፍ ጥራት ምን ምልክቶች ይኖሩታል?,የእንቅልፍ ጥራት ብዙውን ጊዜ በአካል እንቅስቃሴ እና በጤናማ መመገብ ይታወቃል።,list
የምግብ መመገብ ለእጅግ አደገኛ ነው?,የምግብ መመገብ ብዙውን ጊዜ በአካል እንቅስቃሴ እና በጤናማ መመገብ ይታወቃል።,description,የምግብ መመገብ ለእጅግ አደገኛ ነው?,የምግብ መመገብ ብዙውን ጊዜ በአካል እንቅስቃሴ እና በጤናማ መመገብ ይታወቃል።,description
የስኳር በሽታ እንዴት ማስተካከል ይቻላል?,የስኳር በሽታ በተወሰነ ህክምና እና በቅድሚያ መከላከል ሊተካ ይችላል።,description,የስኳር በሽታ እንዴት ማስተካከል ይቻላል?,የስኳር በሽታ በተወሰነ ህክምና እና በቅድሚያ መከላከል ሊተካ ይችላል።,description
የጥርስ እንክብካቤ እንዴት ማስተካከል ይቻላል?,የጥርስ እንክብካቤ በሰውነት ላይ ትልቅ ተፅዕኖ ያሳያል።,description,የጥርስ እንክብካቤ እንዴት ማስተካከል ይቻላል?,የጥርስ እንክብካቤ በሰውነት ላይ ትልቅ ተፅዕኖ ያሳያል።,description
የእንቅስቃሴ እጅግ ጥቅም እንዴት ማስተካከል ይቻላል?,የእንቅስቃሴ እጅግ ጥቅም በመቆጣጠር እና በመመገብ ሊቀንስ ይችላል።,description,የእንቅስቃሴ እጅግ ጥቅም እንዴት ማስተካከል ይቻላል?,የእንቅስቃሴ እጅግ ጥቅም በመቆጣጠር እና በመመገብ ሊቀንስ ይችላል።,description
የአእምሮ ጤና ከመደበኛ ምግብ ጋር ምን ግንኙነት አለው?,የአእምሮ ጤና ምልክቶቹ በሰው ሰው ይለያያሉ ፣ ግን ብዙ ጊዜ ታዋቂ ይሆናሉ።,list,የአእምሮ ጤና ከመደበኛ ምግብ ጋር ምን ግንኙነት አለው?,የአእምሮ ጤና ምልክቶቹ በሰው ሰው ይለያያሉ ፣ ግን ብዙ ጊዜ ታዋቂ ይሆናሉ።,list
የብሮንካይተስ ለእጅግ አደገኛ ነው?,የብሮንካይተስ በተወሰነ ህክምና እና በቅድሚያ መከላከል ሊተካ ይችላል።,description,የብሮንካይተስ ለእጅግ አደገኛ ነው?,የብሮንካይተስ በተወሰነ ህክምና እና በቅድሚያ መከላከል ሊተካ ይችላል።,description
የእጅ ንጽህና ምን መመገብ አለብኝ?,የእጅ ንጽህና ምልክቶቹ በሰው ሰው ይለያያሉ ፣ ግን ብዙ ጊዜ ታዋቂ ይሆናሉ።,list,የእጅ ንጽህና ምን መመገብ አለብኝ?,የእጅ ንጽህና ምልክቶቹ በሰው ሰው ይለያያሉ ፣ ግን ብዙ ጊዜ ታዋቂ ይሆናሉ።,list
የምግብ መመገብ ምን ያስከትላል?,የምግብ መመገብ በሰውነት ላይ ትልቅ ተፅዕኖ ያሳያል።,list,የምግብ መመገብ ምን ያስከትላል?,የምግብ መመገብ በሰውነት ላይ ትልቅ ተፅዕኖ ያሳያል።,list
ኮቪድ-19 እንዴት ማስተካከል ይቻላል?,ኮቪድ-19 በተወሰነ ህክምና እና በቅድሚያ መከላከል ሊተካ ይችላል።,description,ኮቪድ-19 እንዴት ማስተካከል ይቻላል?,ኮቪድ-19 በተወሰነ ህክምና እና በቅድሚያ መከላከል ሊተካ ይችላል።,description
የህፃናት ጤና ከመደበኛ ምግብ ጋር ምን ግንኙነት አለው?,የህፃናት ጤና በተወሰነ ህክምና እና በቅድሚያ መከላከል ሊተካ ይችላል።,list,የህፃናት ጤና ከመደበኛ ምግብ ጋር ምን ግንኙነት አለው?,የህፃናት ጤና በተወሰነ ህክምና እና በቅድሚያ መከላከል ሊተካ ይችላል።,list
የአእምሮ ጤና ለእጅግ አደገኛ ነው?,የአእምሮ ጤና በተወሰነ ህክምና እና በቅድሚያ መከላከል ሊተካ ይችላል።,description,የአእምሮ ጤና ለእጅግ አደገኛ ነው?,የአእምሮ ጤና በተወሰነ ህክምና እና በቅድሚያ መከላከል ሊተካ ይችላል።,description
የውስጥ እብጠት ምን ያስከትላል?,የውስጥ እብጠት ብዙውን ጊዜ በአካል እንቅስቃሴ እና በጤናማ መመገብ ይታወቃል።,list,የውስጥ እብጠት ምን ያስከትላል?,የውስጥ እብጠት ብዙውን ጊዜ በአካል እንቅስቃሴ እና በጤናማ መመገብ ይታወቃል።,list
የእንቅልፍ ጥራት ምን ያስከትላል?,የእንቅልፍ ጥራት በመቆጣጠር እና በመመገብ ሊቀንስ ይችላል።,list,የእንቅልፍ ጥራት ምን ያስከትላል?,የእንቅልፍ ጥራት በመቆጣጠር እና በመመገብ ሊቀንስ ይችላል።,list
ኢንፍሉዌንዛ እንዴት መከላከል ይቻላል?,ኢንፍሉዌንዛ ብዙውን ጊዜ በአካል እንቅስቃሴ እና በጤናማ መመገብ ይታወቃል።,description,ኢንፍሉዌንዛ እንዴት መከላከል ይቻላል?,ኢንፍሉዌንዛ ብዙውን ጊዜ በአካል እንቅስቃሴ እና በጤናማ መመገብ ይታወቃል።,description
የምግብ መመገብ ከመደበኛ ምግብ ጋር ምን ግንኙነት አለው?,የምግብ መመገብ ብዙውን ጊዜ በአካል እንቅስቃሴ እና በጤናማ መመገብ ይታወቃል።,list,የምግብ መመገብ ከመደበኛ ምግብ ጋር ምን ግንኙነት አለው?,የምግብ መመገብ ብዙውን ጊዜ በአካል እንቅስቃሴ እና በጤናማ መመገብ ይታወቃል።,list
የእንቅልፍ ጥራት ምን ያስከትላል?,የእንቅልፍ ጥራት በመቆጣጠር እና በመመገብ ሊቀንስ ይችላል።,list,የእንቅልፍ ጥራት ምን ያስከትላል?,የእንቅልፍ ጥራት በመቆጣጠር እና በመመገብ ሊቀንስ ይችላል።,list
የደም ግፊት እንዴት ማስተካከል ይቻላል?,የደም ግፊት በመቆጣጠር እና በመመገብ ሊቀንስ ይችላል።,description,የደም ግፊት እንዴት ማስተካከል ይቻላል?,የደም ግፊት በመቆጣጠር እና በመመገብ ሊቀንስ ይችላል።,description
ኢንፍሉዌንዛ እንዴት ማስተካከል ይቻላል?,ኢንፍሉዌንዛ አብዛኛውን ጊዜ በተፈጥሯዊ መንገድ ሊቀንስ ይችላል።,description,ኢንፍሉዌንዛ እንዴት ማስተካከል ይቻላል?,ኢንፍሉዌንዛ አብዛኛውን ጊዜ በተፈጥሯዊ መንገድ ሊቀንስ ይችላል።,description
የነፍስ ጤና እንዴት ማስታወቂያ ይሁን?,የነፍስ ጤና ምልክቶቹ በሰው ሰው ይለያያሉ ፣ ግን ብዙ ጊዜ ታዋቂ ይሆናሉ።,description,የነፍስ ጤና እንዴት ማስታወቂያ ይሁን?,የነፍስ ጤና ምልክቶቹ በሰው ሰው ይለያያሉ ፣ ግን ብዙ ጊዜ ታዋቂ ይሆናሉ።,description
የነፍስ ጤና እንዴት ማስታወቂያ ይሁን?,የነፍስ ጤና በመቆጣጠር እና በመመገብ ሊቀንስ ይችላል።,description,የነፍስ ጤና እንዴት ማስታወቂያ ይሁን?,የነፍስ ጤና በመቆጣጠር እና በመመገብ ሊቀንስ ይችላል።,description
የእጅ ንጽህና ምን ያስከትላል?,የእጅ ንጽህና በተወሰነ ህክምና እና በቅድሚያ መከላከል ሊተካ ይችላል።,list,የእጅ ንጽህና ምን ያስከትላል?,የእጅ ንጽህና በተወሰነ ህክምና እና በቅድሚያ መከላከል ሊተካ ይችላል።,list
የደም ግፊት ምን ምልክቶች ይኖሩታል?,የደም ግፊት በመቆጣጠር እና በመመገብ ሊቀንስ ይችላል።,list,የደም ግፊት ምን ምልክቶች ይኖሩታል?,የደም ግፊት በመቆጣጠር እና በመመገብ ሊቀንስ ይችላል።,list
የእንቁላል ጤና ምን ምልክቶች ይኖሩታል?,የእንቁላል ጤና በመቆጣጠር እና በመመገብ ሊቀንስ ይችላል።,list,የእንቁላል ጤና ምን ምልክቶች ይኖሩታል?,የእንቁላል ጤና በመቆጣጠር እና በመመገብ ሊቀንስ ይችላል።,list
የህፃናት ጤና በህፃናት ውስጥ እንዴት ይታያል?,የህፃናት ጤና በተወሰነ ህክምና እና በቅድሚያ መከላከል ሊተካ ይችላል።,description,የህፃናት ጤና በህፃናት ውስጥ እንዴት ይታያል?,የህፃናት ጤና በተወሰነ ህክምና እና በቅድሚያ መከላከል ሊተካ ይችላል።,description
የእንቁላል ጤና ለእጅግ አደገኛ ነው?,የእንቁላል ጤና ብዙውን ጊዜ በአካል እንቅስቃሴ እና በጤናማ መመገብ ይታወቃል።,description,የእንቁላል ጤና ለእጅግ አደገኛ ነው?,የእንቁላል ጤና ብዙውን ጊዜ በአካል እንቅስቃሴ እና በጤናማ መመገብ ይታወቃል።,description
ቫይታሚን ከመደበኛ ምግብ ጋር ምን ግንኙነት አለው?,ቫይታሚን ለመከላከል የጤና መመሪያዎችን መከተል አስፈላጊ ነው።,list,ቫይታሚን ከመደበኛ ምግብ ጋር ምን ግንኙነት አለው?,ቫይታሚን ለመከላከል የጤና መመሪያዎችን መከተል አስፈላጊ ነው።,list
የአእምሮ ጤና ምንድን ነው?,የአእምሮ ጤና በሰውነት ላይ ትልቅ ተፅዕኖ ያሳያል።,definition,የአእምሮ ጤና ምንድን ነው?,የአእምሮ ጤና በሰውነት ላይ ትልቅ ተፅዕኖ ያሳያል።,definition
የእንቁላል ጤና ምንድን ነው?,የእንቁላል ጤና በተወሰነ ህክምና እና በቅድሚያ መከላከል ሊተካ ይችላል።,definition,የእንቁላል ጤና ምንድን ነው?,የእንቁላል ጤና በተወሰነ ህክምና እና በቅድሚያ መከላከል ሊተካ ይችላል።,definition
የእንቁላል ጤና እንዴት ማስታወቂያ ይሁን?,የእንቁላል ጤና ምልክቶቹ በሰው ሰው ይለያያሉ ፣ ግን ብዙ ጊዜ ታዋቂ ይሆናሉ።,description,የእንቁላል ጤና እንዴት ማስታወቂያ ይሁን?,የእንቁላል ጤና ምልክቶቹ በሰው ሰው ይለያያሉ ፣ ግን ብዙ ጊዜ ታዋቂ ይሆናሉ።,description
የህፃናት ጤና ከመደበኛ ምግብ ጋር ምን ግንኙነት አለው?,የህፃናት ጤና በመቆጣጠር እና በመመገብ ሊቀንስ ይችላል።,list,የህፃናት ጤና ከመደበኛ ምግብ ጋር ምን ግንኙነት አለው?,የህፃናት ጤና በመቆጣጠር እና በመመገብ ሊቀንስ ይችላል።,list
ኮቪድ-19 ምን መመገብ አለብኝ?,ኮቪድ-19 አብዛኛውን ጊዜ በተፈጥሯዊ መንገድ ሊቀንስ ይችላል።,list,ኮቪድ-19 ምን መመገብ አለብኝ?,ኮቪድ-19 አብዛኛውን ጊዜ በተፈጥሯዊ መንገድ ሊቀንስ ይችላል።,list
የአእምሮ ጤና ከመደበኛ ምግብ ጋር ምን ግንኙነት አለው?,የአእምሮ ጤና ለመከላከል የጤና መመሪያዎችን መከተል አስፈላጊ ነው።,list,የአእምሮ ጤና ከመደበኛ ምግብ ጋር ምን ግንኙነት አለው?,የአእምሮ ጤና ለመከላከል የጤና መመሪያዎችን መከተል አስፈላጊ ነው።,list
ኮቪድ-19 እንዴት ማስተካከል ይቻላል?,ኮቪድ-19 ለመከላከል የጤና መመሪያዎችን መከተል አስፈላጊ ነው።,description,ኮቪድ-19 እንዴት ማስተካከል ይቻላል?,ኮቪድ-19 ለመከላከል የጤና መመሪያዎችን መከተል አስፈላጊ ነው።,description
የልብ ጤና ምንድን ነው?,የልብ ጤና በመቆጣጠር እና በመመገብ ሊቀንስ ይችላል።,definition,የልብ ጤና ምንድን ነው?,የልብ ጤና በመቆጣጠር እና በመመገብ ሊቀንስ ይችላል።,definition
የእንቅስቃሴ እጅግ ጥቅም ምን ምልክቶች ይኖሩታል?,የእንቅስቃሴ እጅግ ጥቅም አብዛኛውን ጊዜ በተፈጥሯዊ መንገድ ሊቀንስ ይችላል።,list,የእንቅስቃሴ እጅግ ጥቅም ምን ምልክቶች ይኖሩታል?,የእንቅስቃሴ እጅግ ጥቅም አብዛኛውን ጊዜ በተፈጥሯዊ መንገድ ሊቀንስ ይችላል።,list
የውስጥ እብጠት ከመደበኛ ምግብ ጋር ምን ግንኙነት አለው?,የውስጥ እብጠት በመቆጣጠር እና በመመገብ ሊቀንስ ይችላል።,list,የውስጥ እብጠት ከመደበኛ ምግብ ጋር ምን ግንኙነት አለው?,የውስጥ እብጠት በመቆጣጠር እና በመመገብ ሊቀንስ ይችላል።,list
ኢንፍሉዌንዛ እንዴት ማስታወቂያ ይሁን?,ኢንፍሉዌንዛ በሰውነት ላይ ትልቅ ተፅዕኖ ያሳያል።,description,ኢንፍሉዌንዛ እንዴት ማስታወቂያ ይሁን?,ኢንፍሉዌንዛ በሰውነት ላይ ትልቅ ተፅዕኖ ያሳያል።,description
የአእምሮ ጤና ምንድን ነው?,የአእምሮ ጤና ብዙውን ጊዜ በአካል እንቅስቃሴ እና በጤናማ መመገብ ይታወቃል።,definition,የአእምሮ ጤና ምንድን ነው?,የአእምሮ ጤና ብዙውን ጊዜ በአካል እንቅስቃሴ እና በጤናማ መመገብ ይታወቃል።,definition
የልብ ጤና እንዴት ማስተካከል ይቻላል?,የልብ ጤና አብዛኛውን ጊዜ በተፈጥሯዊ መንገድ ሊቀንስ ይችላል።,description,የልብ ጤና እንዴት ማስተካከል ይቻላል?,የልብ ጤና አብዛኛውን ጊዜ በተፈጥሯዊ መንገድ ሊቀንስ ይችላል።,description
የእርግዝና እንክብካቤ እንዴት መከላከል ይቻላል?,የእርግዝና እንክብካቤ በተወሰነ ህክምና እና በቅድሚያ መከላከል ሊተካ ይችላል።,description,የእርግዝና እንክብካቤ እንዴት መከላከል ይቻላል?,የእርግዝና እንክብካቤ በተወሰነ ህክምና እና በቅድሚያ መከላከል ሊተካ ይችላል።,description
የአእምሮ ጤና እንዴት ማስታወቂያ ይሁን?,የአእምሮ ጤና ለመከላከል የጤና መመሪያዎችን መከተል አስፈላጊ ነው።,description,የአእምሮ ጤና እንዴት ማስታወቂያ ይሁን?,የአእምሮ ጤና ለመከላከል የጤና መመሪያዎችን መከተል አስፈላጊ ነው።,description
ቫይረስ ምንድን ነው?,ቫይረስ በመቆጣጠር እና በመመገብ ሊቀንስ ይችላል።,definition,ቫይረስ ምንድን ነው?,ቫይረስ በመቆጣጠር እና በመመገብ ሊቀንስ ይችላል።,definition
የብሮንካይተስ እንዴት መከላከል ይቻላል?,የብሮንካይተስ አብዛኛውን ጊዜ በተፈጥሯዊ መንገድ ሊቀንስ ይችላል።,description,የብሮንካይተስ እንዴት መከላከል ይቻላል?,የብሮንካይተስ አብዛኛውን ጊዜ በተፈጥሯዊ መንገድ ሊቀንስ ይችላል።,description
ቫይታሚን ምን ያስከትላል?,ቫይታሚን ምልክቶቹ በሰው ሰው ይለያያሉ ፣ ግን ብዙ ጊዜ ታዋቂ ይሆናሉ።,list,ቫይታሚን ምን ያስከትላል?,ቫይታሚን ምልክቶቹ በሰው ሰው ይለያያሉ ፣ ግን ብዙ ጊዜ ታዋቂ ይሆናሉ።,list
የውስጥ እብጠት ምንድን ነው?,የውስጥ እብጠት ለመከላከል የጤና መመሪያዎችን መከተል አስፈላጊ ነው።,definition,የውስጥ እብጠት ምንድን ነው?,የውስጥ እብጠት ለመከላከል የጤና መመሪያዎችን መከተል አስፈላጊ ነው።,definition
የውስጥ እብጠት ምን መመገብ አለብኝ?,የውስጥ እብጠት በመቆጣጠር እና በመመገብ ሊቀንስ ይችላል።,list,የውስጥ እብጠት ምን መመገብ አለብኝ?,የውስጥ እብጠት በመቆጣጠር እና በመመገብ ሊቀንስ ይችላል።,list
የጥርስ እንክብካቤ እንዴት ማስታወቂያ ይሁን?,የጥርስ እንክብካቤ ብዙውን ጊዜ በአካል እንቅስቃሴ እና በጤናማ መመገብ ይታወቃል።,description,የጥርስ እንክብካቤ እንዴት ማስታወቂያ ይሁን?,የጥርስ እንክብካቤ ብዙውን ጊዜ በአካል እንቅስቃሴ እና በጤናማ መመገብ ይታወቃል።,description
የእንቅልፍ ጥራት ለእጅግ አደገኛ ነው?,የእንቅልፍ ጥራት በተወሰነ ህክምና እና በቅድሚያ መከላከል ሊተካ ይችላል።,description,የእንቅልፍ ጥራት ለእጅግ አደገኛ ነው?,የእንቅልፍ ጥራት በተወሰነ ህክምና እና በቅድሚያ መከላከል ሊተካ ይችላል።,description
ቫይታሚን ምንድን ነው?,ቫይታሚን ለመከላከል የጤና መመሪያዎችን መከተል አስፈላጊ ነው።,definition,ቫይታሚን ምንድን ነው?,ቫይታሚን ለመከላከል የጤና መመሪያዎችን መከተል አስፈላጊ ነው።,definition
የስኳር በሽታ ከመደበኛ ምግብ ጋር ምን ግንኙነት አለው?,የስኳር በሽታ አብዛኛውን ጊዜ በተፈጥሯዊ መንገድ ሊቀንስ ይችላል።,list,የስኳር በሽታ ከመደበኛ ምግብ ጋር ምን ግንኙነት አለው?,የስኳር በሽታ አብዛኛውን ጊዜ በተፈጥሯዊ መንገድ ሊቀንስ ይችላል።,list
የህፃናት ጤና እንዴት መከላከል ይቻላል?,የህፃናት ጤና ለመከላከል የጤና መመሪያዎችን መከተል አስፈላጊ ነው።,description,የህፃናት ጤና እንዴት መከላከል ይቻላል?,የህፃናት ጤና ለመከላከል የጤና መመሪያዎችን መከተል አስፈላጊ ነው።,description
ኢንፍሉዌንዛ በህፃናት ውስጥ እንዴት ይታያል?,ኢንፍሉዌንዛ በመቆጣጠር እና በመመገብ ሊቀንስ ይችላል።,description,ኢንፍሉዌንዛ በህፃናት ውስጥ እንዴት ይታያል?,ኢንፍሉዌንዛ በመቆጣጠር እና በመመገብ ሊቀንስ ይችላል።,description
የእንቅስቃሴ እጅግ ጥቅም ምን ያስከትላል?,የእንቅስቃሴ እጅግ ጥቅም ለመከላከል የጤና መመሪያዎችን መከተል አስፈላጊ ነው።,list,የእንቅስቃሴ እጅግ ጥቅም ምን ያስከትላል?,የእንቅስቃሴ እጅግ ጥቅም ለመከላከል የጤና መመሪያዎችን መከተል አስፈላጊ ነው።,list
የደም ግፊት ለእጅግ አደገኛ ነው?,የደም ግፊት ምልክቶቹ በሰው ሰው ይለያያሉ ፣ ግን ብዙ ጊዜ ታዋቂ ይሆናሉ።,description,የደም ግፊት ለእጅግ አደገኛ ነው?,የደም ግፊት ምልክቶቹ በሰው ሰው ይለያያሉ ፣ ግን ብዙ ጊዜ ታዋቂ ይሆናሉ።,description
የእርግዝና እንክብካቤ በህፃናት ውስጥ እንዴት ይታያል?,የእርግዝና እንክብካቤ ምልክቶቹ በሰው ሰው ይለያያሉ ፣ ግን ብዙ ጊዜ ታዋቂ ይሆናሉ።,description,የእርግዝና እንክብካቤ በህፃናት ውስጥ እንዴት ይታያል?,የእርግዝና እንክብካቤ ምልክቶቹ በሰው ሰው ይለያያሉ ፣ ግን ብዙ ጊዜ ታዋቂ ይሆናሉ።,description
ቫይረስ ለእጅግ አደገኛ ነው?,ቫይረስ በመቆጣጠር እና በመመገብ ሊቀንስ ይችላል።,description,ቫይረስ ለእጅግ አደገኛ ነው?,ቫይረስ በመቆጣጠር እና በመመገብ ሊቀንስ ይችላል።,description
የደም ግፊት እንዴት ማስታወቂያ ይሁን?,የደም ግፊት በሰውነት ላይ ትልቅ ተፅዕኖ ያሳያል።,description,የደም ግፊት እንዴት ማስታወቂያ ይሁን?,የደም ግፊት በሰውነት ላይ ትልቅ ተፅዕኖ ያሳያል።,description
የእንቁላል ጤና እንዴት ማስታወቂያ ይሁን?,የእንቁላል ጤና ብዙውን ጊዜ በአካል እንቅስቃሴ እና በጤናማ መመገብ ይታወቃል።,description,የእንቁላል ጤና እንዴት ማስታወቂያ ይሁን?,የእንቁላል ጤና ብዙውን ጊዜ በአካል እንቅስቃሴ እና በጤናማ መመገብ ይታወቃል።,description
የምግብ መመገብ እንዴት ማስታወቂያ ይሁን?,የምግብ መመገብ ብዙውን ጊዜ በአካል እንቅስቃሴ እና በጤናማ መመገብ ይታወቃል።,description,የምግብ መመገብ እንዴት ማስታወቂያ ይሁን?,የምግብ መመገብ ብዙውን ጊዜ በአካል እንቅስቃሴ እና በጤናማ መመገብ ይታወቃል።,description
የእንቁላል ጤና ለእጅግ አደገኛ ነው?,የእንቁላል ጤና በመቆጣጠር እና በመመገብ ሊቀንስ ይችላል።,description,የእንቁላል ጤና ለእጅግ አደገኛ ነው?,የእንቁላል ጤና በመቆጣጠር እና በመመገብ ሊቀንስ ይችላል።,description
የቆዳ ችግኝ ለእጅግ አደገኛ ነው?,የቆዳ ችግኝ ምልክቶቹ በሰው ሰው ይለያያሉ ፣ ግን ብዙ ጊዜ ታዋቂ ይሆናሉ።,description,የቆዳ ችግኝ ለእጅግ አደገኛ ነው?,የቆዳ ችግኝ ምልክቶቹ በሰው ሰው ይለያያሉ ፣ ግን ብዙ ጊዜ ታዋቂ ይሆናሉ።,description
የስኳር በሽታ ምንድን ነው?,የስኳር በሽታ ብዙውን ጊዜ በአካል እንቅስቃሴ እና በጤናማ መመገብ ይታወቃል።,definition,የስኳር በሽታ ምንድን ነው?,የስኳር በሽታ ብዙውን ጊዜ በአካል እንቅስቃሴ እና በጤናማ መመገብ ይታወቃል።,definition
የህፃናት ጤና ምን ያስከትላል?,የህፃናት ጤና ብዙውን ጊዜ በአካል እንቅስቃሴ እና በጤናማ መመገብ ይታወቃል።,list,የህፃናት ጤና ምን ያስከትላል?,የህፃናት ጤና ብዙውን ጊዜ በአካል እንቅስቃሴ እና በጤናማ መመገብ ይታወቃል።,list
የአእምሮ ጤና ምን ምልክቶች ይኖሩታል?,የአእምሮ ጤና በመቆጣጠር እና በመመገብ ሊቀንስ ይችላል።,list,የአእምሮ ጤና ምን ምልክቶች ይኖሩታል?,የአእምሮ ጤና በመቆጣጠር እና በመመገብ ሊቀንስ ይችላል።,list
የምግብ መመገብ እንዴት ማስተካከል ይቻላል?,የምግብ መመገብ ለመከላከል የጤና መመሪያዎችን መከተል አስፈላጊ ነው።,description,የምግብ መመገብ እንዴት ማስተካከል ይቻላል?,የምግብ መመገብ ለመከላከል የጤና መመሪያዎችን መከተል አስፈላጊ ነው።,description
ቫይታሚን እንዴት ማስተካከል ይቻላል?,ቫይታሚን ለመከላከል የጤና መመሪያዎችን መከተል አስፈላጊ ነው።,description,ቫይታሚን እንዴት ማስተካከል ይቻላል?,ቫይታሚን ለመከላከል የጤና መመሪያዎችን መከተል አስፈላጊ ነው።,description
የአእምሮ ጤና በህፃናት ውስጥ እንዴት ይታያል?,የአእምሮ ጤና በመቆጣጠር እና በመመገብ ሊቀንስ ይችላል።,description,የአእምሮ ጤና በህፃናት ውስጥ እንዴት ይታያል?,የአእምሮ ጤና በመቆጣጠር እና በመመገብ ሊቀንስ ይችላል።,description
ቫይረስ እንዴት ማስተካከል ይቻላል?,ቫይረስ በመቆጣጠር እና በመመገብ ሊቀንስ ይችላል።,description,ቫይረስ እንዴት ማስተካከል ይቻላል?,ቫይረስ በመቆጣጠር እና በመመገብ ሊቀንስ ይችላል።,description
የእጅ ንጽህና ከመደበኛ ምግብ ጋር ምን ግንኙነት አለው?,የእጅ ንጽህና ብዙውን ጊዜ በአካል እንቅስቃሴ እና በጤናማ መመገብ ይታወቃል።,definition,የእጅ ንጽህና ከመደበኛ ምግብ ጋር ምን ግንኙነት አለው?,የእጅ ንጽህና ብዙውን ጊዜ በአካል እንቅስቃሴ እና በጤናማ መመገብ ይታወቃል።,definition
ኮቪድ-19 ምን ያስከትላል?,ኮቪድ-19 ብዙውን ጊዜ በአካል እንቅስቃሴ እና በጤናማ መመገብ ይታወቃል።,list,ኮቪድ-19 ምን ያስከትላል?,ኮቪድ-19 ብዙውን ጊዜ በአካል እንቅስቃሴ እና በጤናማ መመገብ ይታወቃል።,list
የጥርስ እንክብካቤ ምን ምልክቶች ይኖሩታል?,የጥርስ እንክብካቤ ለመከላከል የጤና መመሪያዎችን መከተል አስፈላጊ ነው።,list,የጥርስ እንክብካቤ ምን ምልክቶች ይኖሩታል?,የጥርስ እንክብካቤ ለመከላከል የጤና መመሪያዎችን መከተል አስፈላጊ ነው።,list
ኢንፍሉዌንዛ በህፃናት ውስጥ እንዴት ይታያል?,ኢንፍሉዌንዛ አብዛኛውን ጊዜ በተፈጥሯዊ መንገድ ሊቀንስ ይችላል።,description,ኢንፍሉዌንዛ በህፃናት ውስጥ እንዴት ይታያል?,ኢንፍሉዌንዛ አብዛኛውን ጊዜ በተፈጥሯዊ መንገድ ሊቀንስ ይችላል።,description
የብሮንካይተስ እንዴት ማስታወቂያ ይሁን?,የብሮንካይተስ በመቆጣጠር እና በመመገብ ሊቀንስ ይችላል።,description,የብሮንካይተስ እንዴት ማስታወቂያ ይሁን?,የብሮንካይተስ በመቆጣጠር እና በመመገብ ሊቀንስ ይችላል።,description
የእንቅስቃሴ እጅግ ጥቅም እንዴት መከላከል ይቻላል?,የእንቅስቃሴ እጅግ ጥቅም በሰውነት ላይ ትልቅ ተፅዕኖ ያሳያል።,description,የእንቅስቃሴ እጅግ ጥቅም እንዴት መከላከል ይቻላል?,የእንቅስቃሴ እጅግ ጥቅም በሰውነት ላይ ትልቅ ተፅዕኖ ያሳያል።,description
የአእምሮ ጤና እንዴት ማስታወቂያ ይሁን?,የአእምሮ ጤና አብዛኛውን ጊዜ በተፈጥሯዊ መንገድ ሊቀንስ ይችላል።,description,የአእምሮ ጤና እንዴት ማስታወቂያ ይሁን?,የአእምሮ ጤና አብዛኛውን ጊዜ በተፈጥሯዊ መንገድ ሊቀንስ ይችላል።,description
የምግብ መመገብ ከመደበኛ ምግብ ጋር ምን ግንኙነት አለው?,የምግብ መመገብ ብዙውን ጊዜ በአካል እንቅስቃሴ እና በጤናማ መመገብ ይታወቃል።,list,የምግብ መመገብ ከመደበኛ ምግብ ጋር ምን ግንኙነት አለው?,የምግብ መመገብ ብዙውን ጊዜ በአካል እንቅስቃሴ እና በጤናማ መመገብ ይታወቃል።,list
የህፃናት ጤና ምን ምልክቶች ይኖሩታል?,የህፃናት ጤና በመቆጣጠር እና በመመገብ ሊቀንስ ይችላል።,list,የህፃናት ጤና ምን ምልክቶች ይኖሩታል?,የህፃናት ጤና በመቆጣጠር እና በመመገብ ሊቀንስ ይችላል።,list
ቫይታሚን ምንድን ነው?,ቫይታሚን በተወሰነ ህክምና እና በቅድሚያ መከላከል ሊተካ ይችላል።,definition,ቫይታሚን ምንድን ነው?,ቫይታሚን በተወሰነ ህክምና እና በቅድሚያ መከላከል ሊተካ ይችላል።,definition
የብሮንካይተስ ለእጅግ አደገኛ ነው?,የብሮንካይተስ ብዙውን ጊዜ በአካል እንቅስቃሴ እና በጤናማ መመገብ ይታወቃል።,description,የብሮንካይተስ ለእጅግ አደገኛ ነው?,የብሮንካይተስ ብዙውን ጊዜ በአካል እንቅስቃሴ እና በጤናማ መመገብ ይታወቃል።,description
የስኳር በሽታ ምንድን ነው?,የስኳር በሽታ በሰውነት ላይ ትልቅ ተፅዕኖ ያሳያል።,definition,የስኳር በሽታ ምንድን ነው?,የስኳር በሽታ በሰውነት ላይ ትልቅ ተፅዕኖ ያሳያል።,definition
የአእምሮ ጤና እንዴት መከላከል ይቻላል?,የአእምሮ ጤና በተወሰነ ህክምና እና በቅድሚያ መከላከል ሊተካ ይችላል።,description,የአእምሮ ጤና እንዴት መከላከል ይቻላል?,የአእምሮ ጤና በተወሰነ ህክምና እና በቅድሚያ መከላከል ሊተካ ይችላል።,description
የአእምሮ ጤና ምንድን ነው?,የአእምሮ ጤና በሰውነት ላይ ትልቅ ተፅዕኖ ያሳያል።,definition,የአእምሮ ጤና ምንድን ነው?,የአእምሮ ጤና በሰውነት ላይ ትልቅ ተፅዕኖ ያሳያል።,definition
ኢንፍሉዌንዛ ምን ምልክቶች ይኖሩታል?,ኢንፍሉዌንዛ ብዙውን ጊዜ በአካል እንቅስቃሴ እና በጤናማ መመገብ ይታወቃል።,list,ኢንፍሉዌንዛ ምን ምልክቶች ይኖሩታል?,ኢንፍሉዌንዛ ብዙውን ጊዜ በአካል እንቅስቃሴ እና በጤናማ መመገብ ይታወቃል።,list
ኮቪድ-19 በህፃናት ውስጥ እንዴት ይታያል?,ኮቪድ-19 በመቆጣጠር እና በመመገብ ሊቀንስ ይችላል።,definition,ኮቪድ-19 በህፃናት ውስጥ እንዴት ይታያል?,ኮቪድ-19 በመቆጣጠር እና በመመገብ ሊቀንስ ይችላል።,definition
የብሮንካይተስ ከመደበኛ ምግብ ጋር ምን ግንኙነት አለው?,የብሮንካይተስ በመቆጣጠር እና በመመገብ ሊቀንስ ይችላል።,list,የብሮንካይተስ ከመደበኛ ምግብ ጋር ምን ግንኙነት አለው?,የብሮንካይተስ በመቆጣጠር እና በመመገብ ሊቀንስ ይችላል።,list
የህፃናት ጤና እንዴት ማስታወቂያ ይሁን?,የህፃናት ጤና በመቆጣጠር እና በመመገብ ሊቀንስ ይችላል።,description,የህፃናት ጤና እንዴት ማስታወቂያ ይሁን?,የህፃናት ጤና በመቆጣጠር እና በመመገብ ሊቀንስ ይችላል።,description
የአእምሮ ጤና እንዴት ማስታወቂያ ይሁን?,የአእምሮ ጤና አብዛኛውን ጊዜ በተፈጥሯዊ መንገድ ሊቀንስ ይችላል።,description,የአእምሮ ጤና እንዴት ማስታወቂያ ይሁን?,የአእምሮ ጤና አብዛኛውን ጊዜ በተፈጥሯዊ መንገድ ሊቀንስ ይችላል።,description
ቫይታሚን እንዴት መከላከል ይቻላል?,ቫይታሚን በሰውነት ላይ ትልቅ ተፅዕኖ ያሳያል።,description,ቫይታሚን እንዴት መከላከል ይቻላል?,ቫይታሚን በሰውነት ላይ ትልቅ ተፅዕኖ ያሳያል።,description
የውስጥ እብጠት እንዴት ማስተካከል ይቻላል?,የውስጥ እብጠት ምልክቶቹ በሰው ሰው ይለያያሉ ፣ ግን ብዙ ጊዜ ታዋቂ ይሆናሉ።,description,የውስጥ እብጠት እንዴት ማስተካከል ይቻላል?,የውስጥ እብጠት ምልክቶቹ በሰው ሰው ይለያያሉ ፣ ግን ብዙ ጊዜ ታዋቂ ይሆናሉ።,description
የምግብ መመገብ እንዴት ማስተካከል ይቻላል?,የምግብ መመገብ ለመከላከል የጤና መመሪያዎችን መከተል አስፈላጊ ነው።,description,የምግብ መመገብ እንዴት ማስተካከል ይቻላል?,የምግብ መመገብ ለመከላከል የጤና መመሪያዎችን መከተል አስፈላጊ ነው።,description
የውስጥ እብጠት እንዴት ማስተካከል ይቻላል?,የውስጥ እብጠት በሰውነት ላይ ትልቅ ተፅዕኖ ያሳያል።,description,የውስጥ እብጠት እንዴት ማስተካከል ይቻላል?,የውስጥ እብጠት በሰውነት ላይ ትልቅ ተፅዕኖ ያሳያል።,description
የምግብ መመገብ ምን ምልክቶች ይኖሩታል?,የምግብ መመገብ አብዛኛውን ጊዜ በተፈጥሯዊ መንገድ ሊቀንስ ይችላል።,list,የምግብ መመገብ ምን ምልክቶች ይኖሩታል?,የምግብ መመገብ አብዛኛውን ጊዜ በተፈጥሯዊ መንገድ ሊቀንስ ይችላል።,list
የአእምሮ ጤና ምን መመገብ አለብኝ?,የአእምሮ ጤና ለመከላከል የጤና መመሪያዎችን መከተል አስፈላጊ ነው።,list,የአእምሮ ጤና ምን መመገብ አለብኝ?,የአእምሮ ጤና ለመከላከል የጤና መመሪያዎችን መከተል አስፈላጊ ነው።,list
የምግብ መመገብ እንዴት ማስታወቂያ ይሁን?,የምግብ መመገብ በሰውነት ላይ ትልቅ ተፅዕኖ ያሳያል።,description,የምግብ መመገብ እንዴት ማስታወቂያ ይሁን?,የምግብ መመገብ በሰውነት ላይ ትልቅ ተፅዕኖ ያሳያል።,description
የእጅ ንጽህና ምን መመገብ አለብኝ?,የእጅ ንጽህና በመቆጣጠር እና በመመገብ ሊቀንስ ይችላል።,list,የእጅ ንጽህና ምን መመገብ አለብኝ?,የእጅ ንጽህና በመቆጣጠር እና በመመገብ ሊቀንስ ይችላል።,list
የስኳር በሽታ እንዴት ማስታወቂያ ይሁን?,የስኳር በሽታ ብዙውን ጊዜ በአካል እንቅስቃሴ እና በጤናማ መመገብ ይታወቃል።,definition,የስኳር በሽታ እንዴት ማስታወቂያ ይሁን?,የስኳር በሽታ ብዙውን ጊዜ በአካል እንቅስቃሴ እና በጤናማ መመገብ ይታወቃል።,definition
የስኳር በሽታ ምን ያስከትላል?,የስኳር በሽታ በመቆጣጠር እና በመመገብ ሊቀንስ ይችላል።,list,የስኳር በሽታ ምን ያስከትላል?,የስኳር በሽታ በመቆጣጠር እና በመመገብ ሊቀንስ ይችላል።,list
የእንቁላል ጤና እንዴት መከላከል ይቻላል?,የእንቁላል ጤና አብዛኛውን ጊዜ በተፈጥሯዊ መንገድ ሊቀንስ ይችላል።,description,የእንቁላል ጤና እንዴት መከላከል ይቻላል?,የእንቁላል ጤና አብዛኛውን ጊዜ በተፈጥሯዊ መንገድ ሊቀንስ ይችላል።,description
የብሮንካይተስ በህፃናት ውስጥ እንዴት ይታያል?,የብሮንካይተስ አብዛኛውን ጊዜ በተፈጥሯዊ መንገድ ሊቀንስ ይችላል።,description,የብሮንካይተስ በህፃናት ውስጥ እንዴት ይታያል?,የብሮንካይተስ አብዛኛውን ጊዜ በተፈጥሯዊ መንገድ ሊቀንስ ይችላል።,description
የህፃናት ጤና እንዴት ማስታወቂያ ይሁን?,የህፃናት ጤና አብዛኛውን ጊዜ በተፈጥሯዊ መንገድ ሊቀንስ ይችላል።,description,የህፃናት ጤና እንዴት ማስታወቂያ ይሁን?,የህፃናት ጤና አብዛኛውን ጊዜ በተፈጥሯዊ መንገድ ሊቀንስ ይችላል።,description
የእርግዝና እንክብካቤ ምን ምልክቶች ይኖሩታል?,የእርግዝና እንክብካቤ አብዛኛውን ጊዜ በተፈጥሯዊ መንገድ ሊቀንስ ይችላል።,list,የእርግዝና እንክብካቤ ምን ምልክቶች ይኖሩታል?,የእርግዝና እንክብካቤ አብዛኛውን ጊዜ በተፈጥሯዊ መንገድ ሊቀንስ ይችላል።,list
ኢንፍሉዌንዛ በህፃናት ውስጥ እንዴት ይታያል?,ኢንፍሉዌንዛ በመቆጣጠር እና በመመገብ ሊቀንስ ይችላል።,description,ኢንፍሉዌንዛ በህፃናት ውስጥ እንዴት ይታያል?,ኢንፍሉዌንዛ በመቆጣጠር እና በመመገብ ሊቀንስ ይችላል።,description
የእንቁላል ጤና ከመደበኛ ምግብ ጋር ምን ግንኙነት አለው?,የእንቁላል ጤና በሰውነት ላይ ትልቅ ተፅዕኖ ያሳያል።,list,የእንቁላል ጤና ከመደበኛ ምግብ ጋር ምን ግንኙነት አለው?,የእንቁላል ጤና በሰውነት ላይ ትልቅ ተፅዕኖ ያሳያል።,list
ቫይታሚን እንዴት ማስተካከል ይቻላል?,ቫይታሚን ምልክቶቹ በሰው ሰው ይለያያሉ ፣ ግን ብዙ ጊዜ ታዋቂ ይሆናሉ።,description,ቫይታሚን እንዴት ማስተካከል ይቻላል?,ቫይታሚን ምልክቶቹ በሰው ሰው ይለያያሉ ፣ ግን ብዙ ጊዜ ታዋቂ ይሆናሉ።,description
የህፃናት ጤና እንዴት መከላከል ይቻላል?,የህፃናት ጤና አብዛኛውን ጊዜ በተፈጥሯዊ መንገድ ሊቀንስ ይችላል።,description,የህፃናት ጤና እንዴት መከላከል ይቻላል?,የህፃናት ጤና አብዛኛውን ጊዜ በተፈጥሯዊ መንገድ ሊቀንስ ይችላል።,description
የደም ግፊት ምን መመገብ አለብኝ?,የደም ግፊት በመቆጣጠር እና በመመገብ ሊቀንስ ይችላል።,list,የደም ግፊት ምን መመገብ አለብኝ?,የደም ግፊት በመቆጣጠር እና በመመገብ ሊቀንስ ይችላል።,list
ኮቪድ-19 እንዴት ማስታወቂያ ይሁን?,ኮቪድ-19 ምልክቶቹ በሰው ሰው ይለያያሉ ፣ ግን ብዙ ጊዜ ታዋቂ ይሆናሉ።,definition,ኮቪድ-19 እንዴት ማስታወቂያ ይሁን?,ኮቪድ-19 ምልክቶቹ በሰው ሰው ይለያያሉ ፣ ግን ብዙ ጊዜ ታዋቂ ይሆናሉ።,definition
የውስጥ እብጠት ለእጅግ አደገኛ ነው?,የውስጥ እብጠት በመቆጣጠር እና በመመገብ ሊቀንስ ይችላል።,description,የውስጥ እብጠት ለእጅግ አደገኛ ነው?,የውስጥ እብጠት በመቆጣጠር እና በመመገብ ሊቀንስ ይችላል።,description
ቫይረስ ምን መመገብ አለብኝ?,ቫይረስ ለመከላከል የጤና መመሪያዎችን መከተል አስፈላጊ ነው።,list,ቫይረስ ምን መመገብ አለብኝ?,ቫይረስ ለመከላከል የጤና መመሪያዎችን መከተል አስፈላጊ ነው።,list
የስኳር በሽታ እንዴት ማስተካከል ይቻላል?,የስኳር በሽታ በሰውነት ላይ ትልቅ ተፅዕኖ ያሳያል።,description,የስኳር በሽታ እንዴት ማስተካከል ይቻላል?,የስኳር በሽታ በሰውነት ላይ ትልቅ ተፅዕኖ ያሳያል።,description
የውስጥ እብጠት እንዴት መከላከል ይቻላል?,የውስጥ እብጠት ብዙውን ጊዜ በአካል እንቅስቃሴ እና በጤናማ መመገብ ይታወቃል።,description,የውስጥ እብጠት እንዴት መከላከል ይቻላል?,የውስጥ እብጠት ብዙውን ጊዜ በአካል እንቅስቃሴ እና በጤናማ መመገብ ይታወቃል።,description
የህፃናት ጤና እንዴት መከላከል ይቻላል?,የህፃናት ጤና በሰውነት ላይ ትልቅ ተፅዕኖ ያሳያል።,description,የህፃናት ጤና እንዴት መከላከል ይቻላል?,የህፃናት ጤና በሰውነት ላይ ትልቅ ተፅዕኖ ያሳያል።,description
የብሮንካይተስ ለእጅግ አደገኛ ነው?,የብሮንካይተስ በሰውነት ላይ ትልቅ ተፅዕኖ ያሳያል።,description,የብሮንካይተስ ለእጅግ አደገኛ ነው?,የብሮንካይተስ በሰውነት ላይ ትልቅ ተፅዕኖ ያሳያል።,description
የእንቅስቃሴ እጅግ ጥቅም ከመደበኛ ምግብ ጋር ምን ግንኙነት አለው?,የእንቅስቃሴ እጅግ ጥቅም በመቆጣጠር እና በመመገብ ሊቀንስ ይችላል።,list,የእንቅስቃሴ እጅግ ጥቅም ከመደበኛ ምግብ ጋር ምን ግንኙነት አለው?,የእንቅስቃሴ እጅግ ጥቅም በመቆጣጠር እና በመመገብ ሊቀንስ ይችላል።,list
የቆዳ ችግኝ ምንድን ነው?,የቆዳ ችግኝ ምልክቶቹ በሰው ሰው ይለያያሉ ፣ ግን ብዙ ጊዜ ታዋቂ ይሆናሉ።,definition,የቆዳ ችግኝ ምንድን ነው?,የቆዳ ችግኝ ምልክቶቹ በሰው ሰው ይለያያሉ ፣ ግን ብዙ ጊዜ ታዋቂ ይሆናሉ።,definition
የጥርስ እንክብካቤ እንዴት ማስታወቂያ ይሁን?,የጥርስ እንክብካቤ ምልክቶቹ በሰው ሰው ይለያያሉ ፣ ግን ብዙ ጊዜ ታዋቂ ይሆናሉ።,description,የጥርስ እንክብካቤ እንዴት ማስታወቂያ ይሁን?,የጥርስ እንክብካቤ ምልክቶቹ በሰው ሰው ይለያያሉ ፣ ግን ብዙ ጊዜ ታዋቂ ይሆናሉ።,description
የእርግዝና እንክብካቤ ምን ያስከትላል?,የእርግዝና እንክብካቤ ለመከላከል የጤና መመሪያዎችን መከተል አስፈላጊ ነው።,list,የእርግዝና እንክብካቤ ምን ያስከትላል?,የእርግዝና እንክብካቤ ለመከላከል የጤና መመሪያዎችን መከተል አስፈላጊ ነው።,list
የእርግዝና እንክብካቤ በህፃናት ውስጥ እንዴት ይታያል?,የእርግዝና እንክብካቤ አብዛኛውን ጊዜ በተፈጥሯዊ መንገድ ሊቀንስ ይችላል።,description,የእርግዝና እንክብካቤ በህፃናት ውስጥ እንዴት ይታያል?,የእርግዝና እንክብካቤ አብዛኛውን ጊዜ በተፈጥሯዊ መንገድ ሊቀንስ ይችላል።,description
የእጅ ንጽህና እንዴት መከላከል ይቻላል?,የእጅ ንጽህና በሰውነት ላይ ትልቅ ተፅዕኖ ያሳያል።,description,የእጅ ንጽህና እንዴት መከላከል ይቻላል?,የእጅ ንጽህና በሰውነት ላይ ትልቅ ተፅዕኖ ያሳያል።,description
የውስጥ እብጠት እንዴት ማስታወቂያ ይሁን?,የውስጥ እብጠት በሰውነት ላይ ትልቅ ተፅዕኖ ያሳያል።,description,የውስጥ እብጠት እንዴት ማስታወቂያ ይሁን?,የውስጥ እብጠት በሰውነት ላይ ትልቅ ተፅዕኖ ያሳያል።,description
የነፍስ ጤና ምንድን ነው?,የነፍስ ጤና በተወሰነ ህክምና እና በቅድሚያ መከላከል ሊተካ ይችላል።,definition,የነፍስ ጤና ምንድን ነው?,የነፍስ ጤና በተወሰነ ህክምና እና በቅድሚያ መከላከል ሊተካ ይችላል።,definition
የምግብ መመገብ ምንድን ነው?,የምግብ መመገብ በተወሰነ ህክምና እና በቅድሚያ መከላከል ሊተካ ይችላል።,definition,የምግብ መመገብ ምንድን ነው?,የምግብ መመገብ በተወሰነ ህክምና እና በቅድሚያ መከላከል ሊተካ ይችላል።,definition
የነፍስ ጤና እንዴት ማስተካከል ይቻላል?,የነፍስ ጤና ለመከላከል የጤና መመሪያዎችን መከተል አስፈላጊ ነው።,description,የነፍስ ጤና እንዴት ማስተካከል ይቻላል?,የነፍስ ጤና ለመከላከል የጤና መመሪያዎችን መከተል አስፈላጊ ነው።,description
የእንቅልፍ ጥራት በህፃናት ውስጥ እንዴት ይታያል?,የእንቅልፍ ጥራት በመቆጣጠር እና በመመገብ ሊቀንስ ይችላል።,description,የእንቅልፍ ጥራት በህፃናት ውስጥ እንዴት ይታያል?,የእንቅልፍ ጥራት በመቆጣጠር እና በመመገብ ሊቀንስ ይችላል።,description
የውስጥ እብጠት እንዴት ማስተካከል ይቻላል?,የውስጥ እብጠት በተወሰነ ህክምና እና በቅድሚያ መከላከል ሊተካ ይችላል።,description,የውስጥ እብጠት እንዴት ማስተካከል ይቻላል?,የውስጥ እብጠት በተወሰነ ህክምና እና በቅድሚያ መከላከል ሊተካ ይችላል።,description
የምግብ መመገብ ምን ያስከትላል?,የምግብ መመገብ አብዛኛውን ጊዜ በተፈጥሯዊ መንገድ ሊቀንስ ይችላል።,list,የምግብ መመገብ ምን ያስከትላል?,የምግብ መመገብ አብዛኛውን ጊዜ በተፈጥሯዊ መንገድ ሊቀንስ ይችላል።,list
የልብ ጤና ከመደበኛ ምግብ ጋር ምን ግንኙነት አለው?,የልብ ጤና በመቆጣጠር እና በመመገብ ሊቀንስ ይችላል።,list,የልብ ጤና ከመደበኛ ምግብ ጋር ምን ግንኙነት አለው?,የልብ ጤና በመቆጣጠር እና በመመገብ ሊቀንስ ይችላል።,list
የእጅ ንጽህና እንዴት መከላከል ይቻላል?,የእጅ ንጽህና ለመከላከል የጤና መመሪያዎችን መከተል አስፈላጊ ነው።,description,የእጅ ንጽህና እንዴት መከላከል ይቻላል?,የእጅ ንጽህና ለመከላከል የጤና መመሪያዎችን መከተል አስፈላጊ ነው።,description
የብሮንካይተስ ከመደበኛ ምግብ ጋር ምን ግንኙነት አለው?,የብሮንካይተስ አብዛኛውን ጊዜ በተፈጥሯዊ መንገድ ሊቀንስ ይችላል።,list,የብሮንካይተስ ከመደበኛ ምግብ ጋር ምን ግንኙነት አለው?,የብሮንካይተስ አብዛኛውን ጊዜ በተፈጥሯዊ መንገድ ሊቀንስ ይችላል።,list
ኢንፍሉዌንዛ ምን ምልክቶች ይኖሩታል?,ኢንፍሉዌንዛ ብዙውን ጊዜ በአካል እንቅስቃሴ እና በጤናማ መመገብ ይታወቃል።,list,ኢንፍሉዌንዛ ምን ምልክቶች ይኖሩታል?,ኢንፍሉዌንዛ ብዙውን ጊዜ በአካል እንቅስቃሴ እና በጤናማ መመገብ ይታወቃል።,list
የነፍስ ጤና እንዴት ማስተካከል ይቻላል?,የነፍስ ጤና በሰውነት ላይ ትልቅ ተፅዕኖ ያሳያል።,description,የነፍስ ጤና እንዴት ማስተካከል ይቻላል?,የነፍስ ጤና በሰውነት ላይ ትልቅ ተፅዕኖ ያሳያል።,description
የውስጥ እብጠት እንዴት መከላከል ይቻላል?,የውስጥ እብጠት በመቆጣጠር እና በመመገብ ሊቀንስ ይችላል።,description,የውስጥ እብጠት እንዴት መከላከል ይቻላል?,የውስጥ እብጠት በመቆጣጠር እና በመመገብ ሊቀንስ ይችላል።,description
የነፍስ ጤና ምን ያስከትላል?,የነፍስ ጤና በሰውነት ላይ ትልቅ ተፅዕኖ ያሳያል።,list,የነፍስ ጤና ምን ያስከትላል?,የነፍስ ጤና በሰውነት ላይ ትልቅ ተፅዕኖ ያሳያል።,list
የነፍስ ጤና ምን ምልክቶች ይኖሩታል?,የነፍስ ጤና ለመከላከል የጤና መመሪያዎችን መከተል አስፈላጊ ነው።,list,የነፍስ ጤና ምን ምልክቶች ይኖሩታል?,የነፍስ ጤና ለመከላከል የጤና መመሪያዎችን መከተል አስፈላጊ ነው።,list
የእጅ ንጽህና እንዴት ማስታወቂያ ይሁን?,የእጅ ንጽህና ብዙውን ጊዜ በአካል እንቅስቃሴ እና በጤናማ መመገብ ይታወቃል።,description,የእጅ ንጽህና እንዴት ማስታወቂያ ይሁን?,የእጅ ንጽህና ብዙውን ጊዜ በአካል እንቅስቃሴ እና በጤናማ መመገብ ይታወቃል።,description
ቫይታሚን ምንድን ነው?,ቫይታሚን በመቆጣጠር እና በመመገብ ሊቀንስ ይችላል።,definition,ቫይታሚን ምንድን ነው?,ቫይታሚን በመቆጣጠር እና በመመገብ ሊቀንስ ይችላል።,definition
የእጅ ንጽህና ከመደበኛ ምግብ ጋር ምን ግንኙነት አለው?,የእጅ ንጽህና አብዛኛውን ጊዜ በተፈጥሯዊ መንገድ ሊቀንስ ይችላል።,list,የእጅ ንጽህና ከመደበኛ ምግብ ጋር ምን ግንኙነት አለው?,የእጅ ንጽህና አብዛኛውን ጊዜ በተፈጥሯዊ መንገድ ሊቀንስ ይችላል።,list
የደም ግፊት ምን ምልክቶች ይኖሩታል?,የደም ግፊት በሰውነት ላይ ትልቅ ተፅዕኖ ያሳያል።,list,የደም ግፊት ምን ምልክቶች ይኖሩታል?,የደም ግፊት በሰውነት ላይ ትልቅ ተፅዕኖ ያሳያል።,list
ቫይረስ ምን ያስከትላል?,ቫይረስ በሰውነት ላይ ትልቅ ተፅዕኖ ያሳያል።,list,ቫይረስ ምን ያስከትላል?,ቫይረስ በሰውነት ላይ ትልቅ ተፅዕኖ ያሳያል።,list
የልብ ጤና እንዴት ማስታወቂያ ይሁን?,የልብ ጤና በመቆጣጠር እና በመመገብ ሊቀንስ ይችላል።,description,የልብ ጤና እንዴት ማስታወቂያ ይሁን?,የልብ ጤና በመቆጣጠር እና በመመገብ ሊቀንስ ይችላል።,description
የልብ ጤና ለእጅግ አደገኛ ነው?,የልብ ጤና በሰውነት ላይ ትልቅ ተፅዕኖ ያሳያል።,description,የልብ ጤና ለእጅግ አደገኛ ነው?,የልብ ጤና በሰውነት ላይ ትልቅ ተፅዕኖ ያሳያል።,description
የአእምሮ ጤና ምን ያስከትላል?,የአእምሮ ጤና በተወሰነ ህክምና እና በቅድሚያ መከላከል ሊተካ ይችላል።,list,የአእምሮ ጤና ምን ያስከትላል?,የአእምሮ ጤና በተወሰነ ህክምና እና በቅድሚያ መከላከል ሊተካ ይችላል።,list
የእንቅልፍ ጥራት ምን መመገብ አለብኝ?,የእንቅልፍ ጥራት በመቆጣጠር እና በመመገብ ሊቀንስ ይችላል።,list,የእንቅልፍ ጥራት ምን መመገብ አለብኝ?,የእንቅልፍ ጥራት በመቆጣጠር እና በመመገብ ሊቀንስ ይችላል።,list
የስኳር በሽታ እንዴት ማስታወቂያ ይሁን?,የስኳር በሽታ በተወሰነ ህክምና እና በቅድሚያ መከላከል ሊተካ ይችላል።,definition,የስኳር በሽታ እንዴት ማስታወቂያ ይሁን?,የስኳር በሽታ በተወሰነ ህክምና እና በቅድሚያ መከላከል ሊተካ ይችላል።,definition
የእጅ ንጽህና ምን ምልክቶች ይኖሩታል?,የእጅ ንጽህና ለመከላከል የጤና መመሪያዎችን መከተል አስፈላጊ ነው።,list,የእጅ ንጽህና ምን ምልክቶች ይኖሩታል?,የእጅ ንጽህና ለመከላከል የጤና መመሪያዎችን መከተል አስፈላጊ ነው።,list
የብሮንካይተስ ከመደበኛ ምግብ ጋር ምን ግንኙነት አለው?,የብሮንካይተስ በተወሰነ ህክምና እና በቅድሚያ መከላከል ሊተካ ይችላል።,list,የብሮንካይተስ ከመደበኛ ምግብ ጋር ምን ግንኙነት አለው?,የብሮንካይተስ በተወሰነ ህክምና እና በቅድሚያ መከላከል ሊተካ ይችላል።,list
የጥርስ እንክብካቤ ምን መመገብ አለብኝ?,የጥርስ እንክብካቤ አብዛኛውን ጊዜ በተፈጥሯዊ መንገድ ሊቀንስ ይችላል።,list,የጥርስ እንክብካቤ ምን መመገብ አለብኝ?,የጥርስ እንክብካቤ አብዛኛውን ጊዜ በተፈጥሯዊ መንገድ ሊቀንስ ይችላል።,list
የስኳር በሽታ ምን ምልክቶች ይኖሩታል?,የስኳር በሽታ በመቆጣጠር እና በመመገብ ሊቀንስ ይችላል።,list,የስኳር በሽታ ምን ምልክቶች ይኖሩታል?,የስኳር በሽታ በመቆጣጠር እና በመመገብ ሊቀንስ ይችላል።,list
የህፃናት ጤና እንዴት መከላከል ይቻላል?,የህፃናት ጤና ብዙውን ጊዜ በአካል እንቅስቃሴ እና በጤናማ መመገብ ይታወቃል።,description,የህፃናት ጤና እንዴት መከላከል ይቻላል?,የህፃናት ጤና ብዙውን ጊዜ በአካል እንቅስቃሴ እና በጤናማ መመገብ ይታወቃል።,description
ኢንፍሉዌንዛ እንዴት ማስተካከል ይቻላል?,ኢንፍሉዌንዛ ለመከላከል የጤና መመሪያዎችን መከተል አስፈላጊ ነው።,description,ኢንፍሉዌንዛ እንዴት ማስተካከል ይቻላል?,ኢንፍሉዌንዛ ለመከላከል የጤና መመሪያዎችን መከተል አስፈላጊ ነው።,description
የልብ ጤና እንዴት ማስተካከል ይቻላል?,የልብ ጤና ብዙውን ጊዜ በአካል እንቅስቃሴ እና በጤናማ መመገብ ይታወቃል።,description,የልብ ጤና እንዴት ማስተካከል ይቻላል?,የልብ ጤና ብዙውን ጊዜ በአካል እንቅስቃሴ እና በጤናማ መመገብ ይታወቃል።,description
ኢንፍሉዌንዛ ምን ምልክቶች ይኖሩታል?,ኢንፍሉዌንዛ በመቆጣጠር እና በመመገብ ሊቀንስ ይችላል።,list,ኢንፍሉዌንዛ ምን ምልክቶች ይኖሩታል?,ኢንፍሉዌንዛ በመቆጣጠር እና በመመገብ ሊቀንስ ይችላል።,list
የእንቁላል ጤና ለእጅግ አደገኛ ነው?,የእንቁላል ጤና ምልክቶቹ በሰው ሰው ይለያያሉ ፣ ግን ብዙ ጊዜ ታዋቂ ይሆናሉ።,description,የእንቁላል ጤና ለእጅግ አደገኛ ነው?,የእንቁላል ጤና ምልክቶቹ በሰው ሰው ይለያያሉ ፣ ግን ብዙ ጊዜ ታዋቂ ይሆናሉ።,description
የብሮንካይተስ ምን መመገብ አለብኝ?,የብሮንካይተስ ብዙውን ጊዜ በአካል እንቅስቃሴ እና በጤናማ መመገብ ይታወቃል።,list,የብሮንካይተስ ምን መመገብ አለብኝ?,የብሮንካይተስ ብዙውን ጊዜ በአካል እንቅስቃሴ እና በጤናማ መመገብ ይታወቃል።,list
የደም ግፊት ምን ምልክቶች ይኖሩታል?,የደም ግፊት ምልክቶቹ በሰው ሰው ይለያያሉ ፣ ግን ብዙ ጊዜ ታዋቂ ይሆናሉ።,list,የደም ግፊት ምን ምልክቶች ይኖሩታል?,የደም ግፊት ምልክቶቹ በሰው ሰው ይለያያሉ ፣ ግን ብዙ ጊዜ ታዋቂ ይሆናሉ።,list
የእጅ ንጽህና እንዴት ማስታወቂያ ይሁን?,የእጅ ንጽህና በመቆጣጠር እና በመመገብ ሊቀንስ ይችላል።,description,የእጅ ንጽህና እንዴት ማስታወቂያ ይሁን?,የእጅ ንጽህና በመቆጣጠር እና በመመገብ ሊቀንስ ይችላል።,description
የእርግዝና እንክብካቤ በህፃናት ውስጥ እንዴት ይታያል?,የእርግዝና እንክብካቤ በመቆጣጠር እና በመመገብ ሊቀንስ ይችላል።,description,የእርግዝና እንክብካቤ በህፃናት ውስጥ እንዴት ይታያል?,የእርግዝና እንክብካቤ በመቆጣጠር እና በመመገብ ሊቀንስ ይችላል።,description
የቆዳ ችግኝ ምን ምልክቶች ይኖሩታል?,የቆዳ ችግኝ በተወሰነ ህክምና እና በቅድሚያ መከላከል ሊተካ ይችላል።,list,የቆዳ ችግኝ ምን ምልክቶች ይኖሩታል?,የቆዳ ችግኝ በተወሰነ ህክምና እና በቅድሚያ መከላከል ሊተካ ይችላል።,list
የልብ ጤና እንዴት ማስተካከል ይቻላል?,የልብ ጤና በተወሰነ ህክምና እና በቅድሚያ መከላከል ሊተካ ይችላል።,definition,የልብ ጤና እንዴት ማስተካከል ይቻላል?,የልብ ጤና በተወሰነ ህክምና እና በቅድሚያ መከላከል ሊተካ ይችላል።,definition
የእጅ ንጽህና ምን ምልክቶች ይኖሩታል?,የእጅ ንጽህና አብዛኛውን ጊዜ በተፈጥሯዊ መንገድ ሊቀንስ ይችላል።,list,የእጅ ንጽህና ምን ምልክቶች ይኖሩታል?,የእጅ ንጽህና አብዛኛውን ጊዜ በተፈጥሯዊ መንገድ ሊቀንስ ይችላል።,list
ቫይረስ እንዴት መከላከል ይቻላል?,ቫይረስ በመቆጣጠር እና በመመገብ ሊቀንስ ይችላል።,description,ቫይረስ እንዴት መከላከል ይቻላል?,ቫይረስ በመቆጣጠር እና በመመገብ ሊቀንስ ይችላል።,description
የእርግዝና እንክብካቤ ምን መመገብ አለብኝ?,የእርግዝና እንክብካቤ በሰውነት ላይ ትልቅ ተፅዕኖ ያሳያል።,list,የእርግዝና እንክብካቤ ምን መመገብ አለብኝ?,የእርግዝና እንክብካቤ በሰውነት ላይ ትልቅ ተፅዕኖ ያሳያል።,list
የምግብ መመገብ እንዴት ማስተካከል ይቻላል?,የምግብ መመገብ ምልክቶቹ በሰው ሰው ይለያያሉ ፣ ግን ብዙ ጊዜ ታዋቂ ይሆናሉ።,description,የምግብ መመገብ እንዴት ማስተካከል ይቻላል?,የምግብ መመገብ ምልክቶቹ በሰው ሰው ይለያያሉ ፣ ግን ብዙ ጊዜ ታዋቂ ይሆናሉ።,description
የእንቅስቃሴ እጅግ ጥቅም እንዴት ማስታወቂያ ይሁን?,የእንቅስቃሴ እጅግ ጥቅም አብዛኛውን ጊዜ በተፈጥሯዊ መንገድ ሊቀንስ ይችላል።,description,የእንቅስቃሴ እጅግ ጥቅም እንዴት ማስታወቂያ ይሁን?,የእንቅስቃሴ እጅግ ጥቅም አብዛኛውን ጊዜ በተፈጥሯዊ መንገድ ሊቀንስ ይችላል።,description
የጥርስ እንክብካቤ በህፃናት ውስጥ እንዴት ይታያል?,የጥርስ እንክብካቤ በሰውነት ላይ ትልቅ ተፅዕኖ ያሳያል።,definition,የጥርስ እንክብካቤ በህፃናት ውስጥ እንዴት ይታያል?,የጥርስ እንክብካቤ በሰውነት ላይ ትልቅ ተፅዕኖ ያሳያል።,definition
የእንቅስቃሴ እጅግ ጥቅም እንዴት ማስታወቂያ ይሁን?,የእንቅስቃሴ እጅግ ጥቅም በተወሰነ ህክምና እና በቅድሚያ መከላከል ሊተካ ይችላል።,definition,የእንቅስቃሴ እጅግ ጥቅም እንዴት ማስታወቂያ ይሁን?,የእንቅስቃሴ እጅግ ጥቅም በተወሰነ ህክምና እና በቅድሚያ መከላከል ሊተካ ይችላል።,definition
ኢንፍሉዌንዛ ለእጅግ አደገኛ ነው?,ኢንፍሉዌንዛ በተወሰነ ህክምና እና በቅድሚያ መከላከል ሊተካ ይችላል።,definition,ኢንፍሉዌንዛ ለእጅግ አደገኛ ነው?,ኢንፍሉዌንዛ በተወሰነ ህክምና እና በቅድሚያ መከላከል ሊተካ ይችላል።,definition
የነፍስ ጤና ለእጅግ አደገኛ ነው?,የነፍስ ጤና በሰውነት ላይ ትልቅ ተፅዕኖ ያሳያል።,definition,የነፍስ ጤና ለእጅግ አደገኛ ነው?,የነፍስ ጤና በሰውነት ላይ ትልቅ ተፅዕኖ ያሳያል።,definition
የእርግዝና እንክብካቤ ምን ያስከትላል?,የእርግዝና እንክብካቤ ለመከላከል የጤና መመሪያዎችን መከተል አስፈላጊ ነው።,list,የእርግዝና እንክብካቤ ምን ያስከትላል?,የእርግዝና እንክብካቤ ለመከላከል የጤና መመሪያዎችን መከተል አስፈላጊ ነው።,list
የደም ግፊት ምን ያስከትላል?,የደም ግፊት በመቆጣጠር እና በመመገብ ሊቀንስ ይችላል።,list,የደም ግፊት ምን ያስከትላል?,የደም ግፊት በመቆጣጠር እና በመመገብ ሊቀንስ ይችላል።,list
ቫይታሚን እንዴት መከላከል ይቻላል?,ቫይታሚን ለመከላከል የጤና መመሪያዎችን መከተል አስፈላጊ ነው።,description,ቫይታሚን እንዴት መከላከል ይቻላል?,ቫይታሚን ለመከላከል የጤና መመሪያዎችን መከተል አስፈላጊ ነው።,description
የነፍስ ጤና ከመደበኛ ምግብ ጋር ምን ግንኙነት አለው?,የነፍስ ጤና ምልክቶቹ በሰው ሰው ይለያያሉ ፣ ግን ብዙ ጊዜ ታዋቂ ይሆናሉ።,list,የነፍስ ጤና ከመደበኛ ምግብ ጋር ምን ግንኙነት አለው?,የነፍስ ጤና ምልክቶቹ በሰው ሰው ይለያያሉ ፣ ግን ብዙ ጊዜ ታዋቂ ይሆናሉ።,list
ቫይረስ በህፃናት ውስጥ እንዴት ይታያል?,ቫይረስ በመቆጣጠር እና በመመገብ ሊቀንስ ይችላል።,description,ቫይረስ በህፃናት ውስጥ እንዴት ይታያል?,ቫይረስ በመቆጣጠር እና በመመገብ ሊቀንስ ይችላል።,description
የእንቅልፍ ጥራት እንዴት ማስተካከል ይቻላል?,የእንቅልፍ ጥራት በሰውነት ላይ ትልቅ ተፅዕኖ ያሳያል።,description,የእንቅልፍ ጥራት እንዴት ማስተካከል ይቻላል?,የእንቅልፍ ጥራት በሰውነት ላይ ትልቅ ተፅዕኖ ያሳያል።,description
የእንቁላል ጤና ለእጅግ አደገኛ ነው?,የእንቁላል ጤና ምልክቶቹ በሰው ሰው ይለያያሉ ፣ ግን ብዙ ጊዜ ታዋቂ ይሆናሉ።,description,የእንቁላል ጤና ለእጅግ አደገኛ ነው?,የእንቁላል ጤና ምልክቶቹ በሰው ሰው ይለያያሉ ፣ ግን ብዙ ጊዜ ታዋቂ ይሆናሉ።,description
የአእምሮ ጤና ከመደበኛ ምግብ ጋር ምን ግንኙነት አለው?,የአእምሮ ጤና ለመከላከል የጤና መመሪያዎችን መከተል አስፈላጊ ነው።,list,የአእምሮ ጤና ከመደበኛ ምግብ ጋር ምን ግንኙነት አለው?,የአእምሮ ጤና ለመከላከል የጤና መመሪያዎችን መከተል አስፈላጊ ነው።,list
የቆዳ ችግኝ ምን ያስከትላል?,የቆዳ ችግኝ ምልክቶቹ በሰው ሰው ይለያያሉ ፣ ግን ብዙ ጊዜ ታዋቂ ይሆናሉ።,list,የቆዳ ችግኝ ምን ያስከትላል?,የቆዳ ችግኝ ምልክቶቹ በሰው ሰው ይለያያሉ ፣ ግን ብዙ ጊዜ ታዋቂ ይሆናሉ።,list
ኮቪድ-19 በህፃናት ውስጥ እንዴት ይታያል?,ኮቪድ-19 ለመከላከል የጤና መመሪያዎችን መከተል አስፈላጊ ነው።,description,ኮቪድ-19 በህፃናት ውስጥ እንዴት ይታያል?,ኮቪድ-19 ለመከላከል የጤና መመሪያዎችን መከተል አስፈላጊ ነው።,description
የ COVID-19 ክትባት ለህጻናት አስተማማኝ መሆኑን እንዴት አውቃለሁ?,የ COVID-19 ክትባቶች የትኛውም አዲስ ክትባት አስተማማኝነት እና ውጤታማነቱን ለመረዳት ማለፍ የሚጠበቅበትን የመደበኛ አሰራር እያንዳንዱን ደረጃዎች አልፈዋል። ክትባቱ ለህጻናት እና አዋቂዎች አስተማማኝ እና ውጤታማ መሆኑን ለማረጋገጥ በወጣቶች ላይ እና ታዳጊ ህጻናቶች ላይ በተለየ ሁኔታ ጥናቶች ተካሂደዋል። በእነዚህ ጠንካራ ጥናቶች ምክንያት፣ Pfizer የተባለው የ COVID-19 ክትባት ዕድሜያቸው 5 አመት እና ከዚያ በላይ ለሆኑ ህጻናት እንዲሰጥ ተፈቅዷል። ለአስቸኳይ ጊዜ እንድያገለግል ፈቃድ ማግኘቱ እንዲሁም በበሽታ መቆጣጠሪያ እና መከላከያ ማእከላት (CDC) በይፋ ይሁኝታ ማግኘቱን ሲታይ ክትባቱ ዕድሜያቸው 5 አመት እና ከዚያ በላይ ለሆኑ ህጻናት ቢሰጥ ውጤታማ መሆኑን እና የመድሀኒቱ በሽታ የመከላከል ጥቅም ከስጋተ-አደጋዎቹ የሚበልጥ እንደሆነ መረዳት ይቻላል።,description,የ COVID-19 ክትባት ለህጻናት አስተማማኝ መሆኑን እንዴት አውቃለሁ?,የ COVID-19 ክትባቶች የትኛውም አዲስ ክትባት አስተማማኝነት እና ውጤታማነቱን ለመረዳት ማለፍ የሚጠበቅበትን የመደበኛ አሰራር እያንዳንዱን ደረጃዎች አልፈዋል። ክትባቱ ለህጻናት እና አዋቂዎች አስተማማኝ እና ውጤታማ መሆኑን ለማረጋገጥ በወጣቶች ላይ እና ታዳጊ ህጻናቶች ላይ በተለየ ሁኔታ ጥናቶች ተካሂደዋል። በእነዚህ ጠንካራ ጥናቶች ምክንያት፣ Pfizer የተባለው የ COVID-19 ክትባት ዕድሜያቸው 5 አመት እና ከዚያ በላይ ለሆኑ ህጻናት እንዲሰጥ ተፈቅዷል። ለአስቸኳይ ጊዜ እንድያገለግል ፈቃድ ማግኘቱ እንዲሁም በበሽታ መቆጣጠሪያ እና መከላከያ ማእከላት (CDC) በይፋ ይሁኝታ ማግኘቱን ሲታይ ክትባቱ ዕድሜያቸው 5 አመት እና ከዚያ በላይ ለሆኑ ህጻናት ቢሰጥ ውጤታማ መሆኑን እና የመድሀኒቱ በሽታ የመከላከል ጥቅም ከስጋተ-አደጋዎቹ የሚበልጥ እንደሆነ መረዳት ይቻላል።,description
እነዚህ ክትባቶች በፍጥነት ሊሰሩ የቻሉት እንዴት ነው?,ከ30 ዓነታት በላይ፣ የሕክምና ባለሙያዎች እና ተመራማሪዎች በ mRNA ክትባቶች ላይ ሌሎች ኢንፌክሽኖች እና ካንሰሮችን ለመከላከል ይረዱ እንደሆነ በማለት ጥናት ሲያደርጉባቸው ቆይተዋል። ሳይንቲስቶች በተጨማሪም ጸረ የ COVID-19 ክትባቶችን ለመፍጠር የሚያስችላቸው ምርምር ለማድረግ እንደመንደርደሪያነት ይጠቅማቸው ዘንድ፤ እንደ የመካከለኛው ምስራቅ የመተንፈሻ አካል ሲንድረም (MERS) እና ድንገተኛ ከባድ የመተንፈሻ አካላት ሲንድረም (SARS) የመሳሰሉ ተመሳሳይ ኮሮናቫይረሶች ላይ ያዳበሩትን እውቀት እና ተሞክሮ ጭምር ተጠቅመዋል። ይህ ማለት COVID-19 በወረርሽኝ መልክነት በተከሰተበት ወቅት ዝግጁ ነበሩ ማለት ነው። በመላው ዓለም የሚገኙ በሺዎች የሚቆጠሩ የሕክምና ባለሙያዎች በተመሳሳይ ጊዜ ተመሳሳይ ችግር ላይ ሲሰሩ የነበረ መሆኑ አስተማማኝ እና ውጤታማ ክትባቶች በተሳካ ሁኔታ የመስራታቸውን ዕድል ከፍ አድርጎታል። የሰዎችን እና ማህበረሰቦችን ደህንነት ለመጠበቅ ሲባል ይህንን ችግር ቶሎ ለመፍታት ብዙ ገንዘብ ፈሰስ ተደርጓል።,definition,እነዚህ ክትባቶች በፍጥነት ሊሰሩ የቻሉት እንዴት ነው?,ከ30 ዓነታት በላይ፣ የሕክምና ባለሙያዎች እና ተመራማሪዎች በ mRNA ክትባቶች ላይ ሌሎች ኢንፌክሽኖች እና ካንሰሮችን ለመከላከል ይረዱ እንደሆነ በማለት ጥናት ሲያደርጉባቸው ቆይተዋል። ሳይንቲስቶች በተጨማሪም ጸረ የ COVID-19 ክትባቶችን ለመፍጠር የሚያስችላቸው ምርምር ለማድረግ እንደመንደርደሪያነት ይጠቅማቸው ዘንድ፤ እንደ የመካከለኛው ምስራቅ የመተንፈሻ አካል ሲንድረም (MERS) እና ድንገተኛ ከባድ የመተንፈሻ አካላት ሲንድረም (SARS) የመሳሰሉ ተመሳሳይ ኮሮናቫይረሶች ላይ ያዳበሩትን እውቀት እና ተሞክሮ ጭምር ተጠቅመዋል። ይህ ማለት COVID-19 በወረርሽኝ መልክነት በተከሰተበት ወቅት ዝግጁ ነበሩ ማለት ነው። በመላው ዓለም የሚገኙ በሺዎች የሚቆጠሩ የሕክምና ባለሙያዎች በተመሳሳይ ጊዜ ተመሳሳይ ችግር ላይ ሲሰሩ የነበረ መሆኑ አስተማማኝ እና ውጤታማ ክትባቶች በተሳካ ሁኔታ የመስራታቸውን ዕድል ከፍ አድርጎታል። የሰዎችን እና ማህበረሰቦችን ደህንነት ለመጠበቅ ሲባል ይህንን ችግር ቶሎ ለመፍታት ብዙ ገንዘብ ፈሰስ ተደርጓል።,definition
COVID-19 በልጆች ላይ ብዙም አስቸጋሪ እንዳልሆነ ሰምቻለሁ ; ልጄን ማስከተብ ያለብኝ ለምንድን ነው?,COVID-19 ለልጆች ብዙም አያስቸግርም የሚል አደገኛ የተሳሳተ አረዳድ አለ። ይሁን እንጂ፣ ህጻናት በ COVID-19 እየታመሙ ከመሆኑም ባለፈ – አንዳንዶቹ በከባድ ታመው ለሆስፒታል እንክብካቤ እስከመግባት እየደረሱ በመሆኑ – መከላከል በጣም አስፈላጊ ነው። ክትባት ህጻናትን ከከባድ በሽታ እና ሆስፒታል መግባት ይጠብቃል። በተጨማሪም ህጻናት ቫይረሱን ወደ ቤተሰቦቻቸው እና ማህበረሰቦቻቸው ሊያስተላልፉ ስለሚችሉ ክትባት ሌሎችን ለመጠበቅ ይረዳል።,definition,COVID-19 በልጆች ላይ ብዙም አስቸጋሪ እንዳልሆነ ሰምቻለሁ ; ልጄን ማስከተብ ያለብኝ ለምንድን ነው?,COVID-19 ለልጆች ብዙም አያስቸግርም የሚል አደገኛ የተሳሳተ አረዳድ አለ። ይሁን እንጂ፣ ህጻናት በ COVID-19 እየታመሙ ከመሆኑም ባለፈ – አንዳንዶቹ በከባድ ታመው ለሆስፒታል እንክብካቤ እስከመግባት እየደረሱ በመሆኑ – መከላከል በጣም አስፈላጊ ነው። ክትባት ህጻናትን ከከባድ በሽታ እና ሆስፒታል መግባት ይጠብቃል። በተጨማሪም ህጻናት ቫይረሱን ወደ ቤተሰቦቻቸው እና ማህበረሰቦቻቸው ሊያስተላልፉ ስለሚችሉ ክትባት ሌሎችን ለመጠበቅ ይረዳል።,definition
ልጆች ስለ COVID-19 ክትባት መውሰድ ለምን ይጨነቃሉ?,ልጆች መጨነቅና ብዙ ጥያቄዎች ማቅረብ የተለመደ ነው። አንዳንድ ህጻናት ስለ ክትባት መውሰድ ሊጨነቁ ይችላሉ።,definition,ልጆች ስለ COVID-19 ክትባት መውሰድ ለምን ይጨነቃሉ?,ልጆች መጨነቅና ብዙ ጥያቄዎች ማቅረብ የተለመደ ነው። አንዳንድ ህጻናት ስለ ክትባት መውሰድ ሊጨነቁ ይችላሉ።,definition
ለ6 ወራት እና ከ4 ዓመት በታች ህጻናት ክትባት ይመከራል?,እድሚያቸው ከ6 ወራት እስከ4 ዓመት ለሆኑት እና ከባድ የበሽታ መቁቋም ሀይላቸው ለተዳከመ፤ ወይም የአካል ጉዳት ላለባቸው አንዳንድ ህጻናት ክትባቶችን መውሰድ ይመከራል።,definition,ለ6 ወራት እና ከ4 ዓመት በታች ህጻናት ክትባት ይመከራል?,እድሚያቸው ከ6 ወራት እስከ4 ዓመት ለሆኑት እና ከባድ የበሽታ መቁቋም ሀይላቸው ለተዳከመ፤ ወይም የአካል ጉዳት ላለባቸው አንዳንድ ህጻናት ክትባቶችን መውሰድ ይመከራል።,definition
ለከባድ COVID-19 ችግር ያለባቸው ህጻናት ክትባት ይረዳል?,ለከባድ COVID-19 ችግር መጨመር ለሚያጋልጥ የተወሳሰበ እና / ወይም ብዙ የጤና ችግር ላለባቸው ህጻናት ክትባቶችን መውሰድ ይመከራል።,list,ለከባድ COVID-19 ችግር ያለባቸው ህጻናት ክትባት ይረዳል?,ለከባድ COVID-19 ችግር መጨመር ለሚያጋልጥ የተወሳሰበ እና / ወይም ብዙ የጤና ችግር ላለባቸው ህጻናት ክትባቶችን መውሰድ ይመከራል።,list
ልጆችን ስለ ክትባት እንዴት ማብራራት ይቻላል?,ስለ COVID-19 ክትባት ምን እንደሚያውቁ በሀቅነት የተመረኮዘና በእድሜ ትክክለኛ በሆነ መንገድ ለመግለጽ መሞከር ነው።,description,ልጆችን ስለ ክትባት እንዴት ማብራራት ይቻላል?,ስለ COVID-19 ክትባት ምን እንደሚያውቁ በሀቅነት የተመረኮዘና በእድሜ ትክክለኛ በሆነ መንገድ ለመግለጽ መሞከር ነው።,description
ክትባት መውሰድ በልጆች ላይ ምን ዓይነት ህመም ያስከትላል?,በክንዱ ላይ (እድሜ ከ6 ወር እስከ5 ዓመት በታች ለሆኑት በእግር ላይ) መርፌ እንደሚሰጥባቸውና ከዚያ በኋላ ትንሽ ህመም እንደሚያመው ግልጽ ማድረግ ነው።,list,ክትባት መውሰድ በልጆች ላይ ምን ዓይነት ህመም ያስከትላል?,በክንዱ ላይ (እድሜ ከ6 ወር እስከ5 ዓመት በታች ለሆኑት በእግር ላይ) መርፌ እንደሚሰጥባቸውና ከዚያ በኋላ ትንሽ ህመም እንደሚያመው ግልጽ ማድረግ ነው።,list
ትንሽ ህመም መፈጠር የተለመደ ነው?,በልጆች ክንድ ላይ መጠነኛ ትንሽ ህመም መፈጠር የተለመደ እንደሆነ ለልጅዎ በማሳወቅ ማረጋገጥ ነው።,list,ትንሽ ህመም መፈጠር የተለመደ ነው?,በልጆች ክንድ ላይ መጠነኛ ትንሽ ህመም መፈጠር የተለመደ እንደሆነ ለልጅዎ በማሳወቅ ማረጋገጥ ነው።,list
መርፌ በተወጋበት ቦታ ላይ መታመም ምን ማለት ነው?,መታመም ማለት ይህ ማለት የተሰጠው ህክምና የሚሰራ ስለመሆኑ ያረጋግጣል።,list,መርፌ በተወጋበት ቦታ ላይ መታመም ምን ማለት ነው?,መታመም ማለት ይህ ማለት የተሰጠው ህክምና የሚሰራ ስለመሆኑ ያረጋግጣል።,list
ልጁ ፍርሃት ካለው ምን ማድረግ ይቻላል?,ስለላላቸው ስሜት ለማጣራት እንዲነግርዎት መሞከር ወይም አስፈላጊ ከሆነ ከሀኪምዎ በበለጠ ምክር መጠየቅ ነው።,list,ልጁ ፍርሃት ካለው ምን ማድረግ ይቻላል?,ስለላላቸው ስሜት ለማጣራት እንዲነግርዎት መሞከር ወይም አስፈላጊ ከሆነ ከሀኪምዎ በበለጠ ምክር መጠየቅ ነው።,list
ለልጆች ጥያቄዎች መልስ እንዴት መስጠት ይቻላል?,ልጅዎ ሊኖረው ለሚችል ማንኛውም ጥያቄዎች እንደ የልጅ-ጓደኛማ ሆኖ ምላሽ ለመስጠት ዝግጁ መሆን።,description,ለልጆች ጥያቄዎች መልስ እንዴት መስጠት ይቻላል?,ልጅዎ ሊኖረው ለሚችል ማንኛውም ጥያቄዎች እንደ የልጅ-ጓደኛማ ሆኖ ምላሽ ለመስጠት ዝግጁ መሆን።,description
ክትባቶች ደህንነታቸው የተጠበቀ ናቸው?,አውስትራሊያ ውስጥ የሁሉም ክትባቶች ደህንነት የተጠበቀ ስለመሆኑ በድርጅቶች በኩል ሙሉ በሙሉ ምርመራ ተካሂዷል። ደህንነታቸው ያልተጠበቀ ቢሆን ኑሮ ለሰዎች መሰጠት አይችልም ነበር።,list,ክትባቶች ደህንነታቸው የተጠበቀ ናቸው?,አውስትራሊያ ውስጥ የሁሉም ክትባቶች ደህንነት የተጠበቀ ስለመሆኑ በድርጅቶች በኩል ሙሉ በሙሉ ምርመራ ተካሂዷል። ደህንነታቸው ያልተጠበቀ ቢሆን ኑሮ ለሰዎች መሰጠት አይችልም ነበር።,list
ልብ ወለድ ኮሮናቫይረስ ምንድን ነው?,ልብ ወለድ ኮሮናቫይረስ ከዚህ ቀደም ያልታወቀ አዲስ ኮሮናቫይረስ ነው። የ2019 የኮሮና ቫይረስ በሽታ (ኮቪድ-19) የሚያመጣው ቫይረስ ከዚ ጋር ተመሳሳይ አይደለም። በተለምዶ በሰዎች መካከል የሚሰራጨው ኮሮናቫይረስ እንደ ጉንፋን አይነት ቀላል ህመም ያስከትላሉ።,definition,ልብ ወለድ ኮሮናቫይረስ ምንድን ነው?,ልብ ወለድ ኮሮናቫይረስ ከዚህ ቀደም ያልታወቀ አዲስ ኮሮናቫይረስ ነው። የ2019 የኮሮና ቫይረስ በሽታ (ኮቪድ-19) የሚያመጣው ቫይረስ ከዚ ጋር ተመሳሳይ አይደለም። በተለምዶ በሰዎች መካከል የሚሰራጨው ኮሮናቫይረስ እንደ ጉንፋን አይነት ቀላል ህመም ያስከትላሉ።,definition
ቫይረሱ እንዴት ይተላለፋል?,ኮቪድ-19ን የሚያመጣው ቫይረስ በዋናነት ከሰው ወደ ሰው ይተላለፋል፣ በተለይም በቫይረሱ የተያዘ ሰው በሚያስልበት፣ በሚያስነጥስበት ወይም በሚናገርበት ጊዜ በሚፈጠሩት የመተንፈሻ ጠብታዎች ነው። እነዚህ ጠብታዎች በአቅራቢያ ባሉ ሰዎች አፍ ወይም አፍንጫ ውስጥ ሊያርፉ ወይም ወደ ሳንባ ሊተነፍሱ ይችላሉ። ሰዎች እርስ በርስ በሚቀራረቡበት ጊዜ (በ6 ጫማ አካባቢ) የመስፋፋት እድሉ ከፍተኛ ነው።,description,ቫይረሱ እንዴት ይተላለፋል?,ኮቪድ-19ን የሚያመጣው ቫይረስ በዋናነት ከሰው ወደ ሰው ይተላለፋል፣ በተለይም በቫይረሱ የተያዘ ሰው በሚያስልበት፣ በሚያስነጥስበት ወይም በሚናገርበት ጊዜ በሚፈጠሩት የመተንፈሻ ጠብታዎች ነው። እነዚህ ጠብታዎች በአቅራቢያ ባሉ ሰዎች አፍ ወይም አፍንጫ ውስጥ ሊያርፉ ወይም ወደ ሳንባ ሊተነፍሱ ይችላሉ። ሰዎች እርስ በርስ በሚቀራረቡበት ጊዜ (በ6 ጫማ አካባቢ) የመስፋፋት እድሉ ከፍተኛ ነው።,description
ለከባድ ሕመም ከፍተኛ ተጋላጭ የሆነው ማን ነው?,ኮቪድ-19 አዲስ በሽታ ነው እና ለከባድ በሽታ የሚያጋልጡ ሁኔታዎችን በተመለከተ የተወሰነ መረጃ አለ። አሁን ባለው መረጃ እና ክሊኒካዊ እውቀት ላይ በመመስረት አዛውንቶች እና በማንኛውም እድሜ ላይ ያሉ ከባድ የጤና እክል ያለባቸው ሰዎች በኮቪድ-19 ለከባድ ህመም ሊጋለጡ ይችላሉ። ከፍተኛ ተጋላጭ የሆኑት ዕድሜያቸው 65 እና ከዚያ በላይ የሆኑ ሰዎች፣ በአረጋውያን መንከባከቢያ ወይም የረጅም ጊዜ እንክብካቤ ተቋም ውስጥ የሚኖሩ ሰዎች፣ ሥር የሰደደ የሳንባ በሽታ ያለባቸው ወይም መካከለኛ እስከ ከባድ አስም ያለባቸው ሰዎች፣ ከባድ የልብ ሕመም ያለባቸው ሰዎች፣ የበሽታ መከላከያ ችግር ያለባቸው ሰዎች፣ ከባድ ውፍረት ያለባቸው ሰዎች (የሰውነት ክብደት መረጃ ጠቋሚ (BMI) ≥40)፣ የስኳር በሽታ ያለባቸው ሰዎች፣ ሥር የሰደደ የኩላሊት በሽታ ያለባቸው ሰዎች እጥበት እየዳኙ ነው። የጉበት በሽታ ያለባቸው ሰዎች።,factoid,ለከባድ ሕመም ከፍተኛ ተጋላጭ የሆነው ማን ነው?,ኮቪድ-19 አዲስ በሽታ ነው እና ለከባድ በሽታ የሚያጋልጡ ሁኔታዎችን በተመለከተ የተወሰነ መረጃ አለ። አሁን ባለው መረጃ እና ክሊኒካዊ እውቀት ላይ በመመስረት አዛውንቶች እና በማንኛውም እድሜ ላይ ያሉ ከባድ የጤና እክል ያለባቸው ሰዎች በኮቪድ-19 ለከባድ ህመም ሊጋለጡ ይችላሉ። ከፍተኛ ተጋላጭ የሆኑት ዕድሜያቸው 65 እና ከዚያ በላይ የሆኑ ሰዎች፣ በአረጋውያን መንከባከቢያ ወይም የረጅም ጊዜ እንክብካቤ ተቋም ውስጥ የሚኖሩ ሰዎች፣ ሥር የሰደደ የሳንባ በሽታ ያለባቸው ወይም መካከለኛ እስከ ከባድ አስም ያለባቸው ሰዎች፣ ከባድ የልብ ሕመም ያለባቸው ሰዎች፣ የበሽታ መከላከያ ችግር ያለባቸው ሰዎች፣ ከባድ ውፍረት ያለባቸው ሰዎች (የሰውነት ክብደት መረጃ ጠቋሚ (BMI) ≥40)፣ የስኳር በሽታ ያለባቸው ሰዎች፣ ሥር የሰደደ የኩላሊት በሽታ ያለባቸው ሰዎች እጥበት እየዳኙ ነው። የጉበት በሽታ ያለባቸው ሰዎች።,factoid
ራሴን ለመጠበቅ እንዴት መርዳት እችላለሁ?,ንቁ ይሁኑ እና እራስዎን እና ሌሎችን እንዴት መጠበቅ እንደሚችሉ ይወቁ።,description,ራሴን ለመጠበቅ እንዴት መርዳት እችላለሁ?,ንቁ ይሁኑ እና እራስዎን እና ሌሎችን እንዴት መጠበቅ እንደሚችሉ ይወቁ።,description
ኮቪድ-19 ካለበት ሰው ጋር የቅርብ ግንኙነት ከነበረኝ ምን ማድረግ አለብኝ?,ለህመም ምልክቶች ንቁ ይሁኑ። ትኩሳትን፣ ሳልን፣ የትንፋሽ ማጠርን ወይም ሌሎች የኮቪድ-19 ምልክቶችን ካስተዋሉ በቤት ውስጥ ቆዩ። የጤና አገልግሎት አቅራቢዎን ወይም የአካባቢዎን የህዝብ ጤና ክፍል ያነጋግሩ።,list,ኮቪድ-19 ካለበት ሰው ጋር የቅርብ ግንኙነት ከነበረኝ ምን ማድረግ አለብኝ?,ለህመም ምልክቶች ንቁ ይሁኑ። ትኩሳትን፣ ሳልን፣ የትንፋሽ ማጠርን ወይም ሌሎች የኮቪድ-19 ምልክቶችን ካስተዋሉ በቤት ውስጥ ቆዩ። የጤና አገልግሎት አቅራቢዎን ወይም የአካባቢዎን የህዝብ ጤና ክፍል ያነጋግሩ።,list
ኮቪድ-19 ምንድን ነው?,ኮቪድ-19 አዲስ በመጣው ኮሮና ቫይረስ የተከሰተ የመተንፈሻ አካል ችግር ነው፡፡ በዋናት ሳንባን የሚያጠቃ ሲሆን ልብን እና አእምሮን ሊያጠቃ ይችላል፡፡ እንዳንድ ሰዎች ኢንፌክሽሰኑ ካቆመ መኃላ ምልክቱ ለወራት ሊታይ ይችላል፡፡ ለረዥም ጊዜ የሚቆይ ኮቪድ በዚህ በሽታ ከተያዘ አንድ ሰው ላይ የሚታይ ነው፡፡,description,ኮቪድ-19 ምንድን ነው?,ኮቪድ-19 አዲስ በመጣው ኮሮና ቫይረስ የተከሰተ የመተንፈሻ አካል ችግር ነው፡፡ በዋናት ሳንባን የሚያጠቃ ሲሆን ልብን እና አእምሮን ሊያጠቃ ይችላል፡፡ እንዳንድ ሰዎች ኢንፌክሽሰኑ ካቆመ መኃላ ምልክቱ ለወራት ሊታይ ይችላል፡፡ ለረዥም ጊዜ የሚቆይ ኮቪድ በዚህ በሽታ ከተያዘ አንድ ሰው ላይ የሚታይ ነው፡፡,description
የኮቪድ-19 ምልክቶች ምንድ ናቸው?,ምልክቶቹ ከተጋለጡ ከ2-14 ቀናት በኋላ ሊታዩ ይችላሉ እና በክብደታቸው ሊለያዩ ይችላሉ. በጣም የተለመዱት COVID-19 ምልክቶች ትኩሳት ፣ ድካም እና ደረቅ ሳል ናቸው. ሌሎች ምልክቶች የትንፋሽ እጥረት ፣ የሰውነት ህመም ፣ ራስ ምታት ፣ የጉሮሮ መቁሰል ፣ የአፍንጫ ፍሳሽ ፣ የጣዕም ወይም የማሽተት ስሜት ማጣት ፣ ማቅማማት ወይም ተቅማጥ ሊሆኑ ይችላሉ. የኮቪድ-19 ምልክቶች እንደ ጉንፋን ወይም የአለርጂ ምልክቶች ሊሆኑ ይችላሉ. አንዳንድ ሰዎች ምንም ምልክት ሳይታይባቸው ሊተላለፍ ይችላል. አብዛኞቹ ሰዎች (80%) ያለምንም ሆስፒታል ወይም ልዩ ህክምና ይድናሉ. ወደ 6 ሰዎች አንዱ በጣም ታምሞ በሆስፒታል መግባት ያስፈልገዋል. አዛውንቶች እና የሌሎች በሽታዎች ያለባቸው ሰዎች ከባድ ህመም የመያዝ አደጋ አላቸው.,description,የኮቪድ-19 ምልክቶች ምንድ ናቸው?,ምልክቶቹ ከተጋለጡ ከ2-14 ቀናት በኋላ ሊታዩ ይችላሉ እና በክብደታቸው ሊለያዩ ይችላሉ. በጣም የተለመዱት COVID-19 ምልክቶች ትኩሳት ፣ ድካም እና ደረቅ ሳል ናቸው. ሌሎች ምልክቶች የትንፋሽ እጥረት ፣ የሰውነት ህመም ፣ ራስ ምታት ፣ የጉሮሮ መቁሰል ፣ የአፍንጫ ፍሳሽ ፣ የጣዕም ወይም የማሽተት ስሜት ማጣት ፣ ማቅማማት ወይም ተቅማጥ ሊሆኑ ይችላሉ. የኮቪድ-19 ምልክቶች እንደ ጉንፋን ወይም የአለርጂ ምልክቶች ሊሆኑ ይችላሉ. አንዳንድ ሰዎች ምንም ምልክት ሳይታይባቸው ሊተላለፍ ይችላል. አብዛኞቹ ሰዎች (80%) ያለምንም ሆስፒታል ወይም ልዩ ህክምና ይድናሉ. ወደ 6 ሰዎች አንዱ በጣም ታምሞ በሆስፒታል መግባት ያስፈልገዋል. አዛውንቶች እና የሌሎች በሽታዎች ያለባቸው ሰዎች ከባድ ህመም የመያዝ አደጋ አላቸው.,description
ኮቪድ-19 እንዴት ይሰራጫል?,ኮቪድ-19 ከተያዘ ሰው በሚወጡ ትንንሽ ጠብታዎች በማስል ወይም በማስነጠስ ይሰራጫል. እነዚህ ጠብታዎች በአቅራቢያ ባሉ ሰዎች አፍ ወይም አፍንጫ ውስጥ ሊገቡ ይችላሉ ወይም ወደ ሳንባ ሊተነፍሱ ይችላሉ. በተጨማሪም ቫይረሱ በገጽታዎች ላይ ሊተኛ ይችላል እና በንካት ይተላለፋል።,description,ኮቪድ-19 እንዴት ይሰራጫል?,ኮቪድ-19 ከተያዘ ሰው በሚወጡ ትንንሽ ጠብታዎች በማስል ወይም በማስነጠስ ይሰራጫል. እነዚህ ጠብታዎች በአቅራቢያ ባሉ ሰዎች አፍ ወይም አፍንጫ ውስጥ ሊገቡ ይችላሉ ወይም ወደ ሳንባ ሊተነፍሱ ይችላሉ. በተጨማሪም ቫይረሱ በገጽታዎች ላይ ሊተኛ ይችላል እና በንካት ይተላለፋል።,description
የኮቪድ-19 ገዳይነት ምንድነው?,በግምት 1.4% እና 2% መካከል የሞት መጠን አለ፣ ነገር ግን ቀላል በሽታዎች ብዙ ጊዜ ሳይመረመሩ ይቆያሉ። ከጉንፋን ወይም SARS ያነሰ ጉዳት ይፈጥራል።,definition,የኮቪድ-19 ገዳይነት ምንድነው?,በግምት 1.4% እና 2% መካከል የሞት መጠን አለ፣ ነገር ግን ቀላል በሽታዎች ብዙ ጊዜ ሳይመረመሩ ይቆያሉ። ከጉንፋን ወይም SARS ያነሰ ጉዳት ይፈጥራል።,definition
ከኮሮና ለመከላከል ምን ጥንቃቄዎች መደረግ አለባል?,ከሌሎች አንድ ሜትር ርቀት ይጠብቁ፣ ጭንብል ይልበሱ፣ እጆችን በሳሙና ይታጠቡ፣ ማስነጠስን በቲሹ ይሸፍኑ እና ከተጋለጡ በኋላ በጥንቃቄ ይጠብቁ።,list,ከኮሮና ለመከላከል ምን ጥንቃቄዎች መደረግ አለባል?,ከሌሎች አንድ ሜትር ርቀት ይጠብቁ፣ ጭንብል ይልበሱ፣ እጆችን በሳሙና ይታጠቡ፣ ማስነጠስን በቲሹ ይሸፍኑ እና ከተጋለጡ በኋላ በጥንቃቄ ይጠብቁ።,list
ቫይታሚን ሲ የኮሮናቫይረስን መከላከል ይረዳል?,ቫይታሚን ሲ የበሽታ መከላከልን ያጠናክራል፣ ነገር ግን ኮቪድ-19ን ለመከላከል ወይም ለማከም አይችልም። ከሐኪም ሳይሆን ተጨማሪ መድሃኒቶችን አይውሰዱ።,definition,ቫይታሚን ሲ የኮሮናቫይረስን መከላከል ይረዳል?,ቫይታሚን ሲ የበሽታ መከላከልን ያጠናክራል፣ ነገር ግን ኮቪድ-19ን ለመከላከል ወይም ለማከም አይችልም። ከሐኪም ሳይሆን ተጨማሪ መድሃኒቶችን አይውሰዱ።,definition
እንደ ነጭ ሽንኩርት ያሉ ምግቦች የኮሮናቫይረስን መከላከል ይረዳሉ?,ነጭ ሽንኩርት ጤና ያለው ሲሆን፣ ኮቪድ-19ን ለመከላከል ምንም ምግብ የለም። ጤናማ አመጋገብ ይመከራል።,list,እንደ ነጭ ሽንኩርት ያሉ ምግቦች የኮሮናቫይረስን መከላከል ይረዳሉ?,ነጭ ሽንኩርት ጤና ያለው ሲሆን፣ ኮቪድ-19ን ለመከላከል ምንም ምግብ የለም። ጤናማ አመጋገብ ይመከራል።,list
ጭንብል ከኮሮና ይከላከላል?,ጭንብል ቫይረሱን ለመከላከል ይረዳል፣ በተለይ ሲስሉ ወይም ሲያስሉ ጠብታዎችን ለመከላከል። ነገር ግን በአየር ውስጥ ያሉ ትንንሽ ጠብታዎችን ሙሉ በሙሉ አይከላከልም። ክትባት እና ሌሎች ጥንቃቄዎች ጋር መጠቀም ይመከራል.,description,ጭንብል ከኮሮና ይከላከላል?,ጭንብል ቫይረሱን ለመከላከል ይረዳል፣ በተለይ ሲስሉ ወይም ሲያስሉ ጠብታዎችን ለመከላከል። ነገር ግን በአየር ውስጥ ያሉ ትንንሽ ጠብታዎችን ሙሉ በሙሉ አይከላከልም። ክትባት እና ሌሎች ጥንቃቄዎች ጋር መጠቀም ይመከራል.,description
ኮሮና ቫይረስ ምንድን ነው?,COVID-19 ሳንባን፣ የመተንፈሻ እና ሌሎች አካላትን የሚያጠቃ አዲስ በሽታ ነው። ኮሮና ቫይረስ በሚባል ቫይረስ የሚከሰት ነው።,definition,ኮሮና ቫይረስ ምንድን ነው?,COVID-19 ሳንባን፣ የመተንፈሻ እና ሌሎች አካላትን የሚያጠቃ አዲስ በሽታ ነው። ኮሮና ቫይረስ በሚባል ቫይረስ የሚከሰት ነው።,definition
በሽታውንስ እንዴት መከላከል ይቻላል?,አብረዎት ከማይኖሩ ሰዎች ጋር ንክኪ መቀነስ እናም የቫይረሱን ስርጭት ለመግታት የንፅህና አጠባበቅ መመሪያዎችን መከተል ይኖርብዎታል። የሕዝብ ማመላለሻ አጠቃቀም ከህዝብ ማመላለሻ በተቻለ መጠን መራቅ እና ብስክሌት፣ መራመድን ወይም በግል መኪናዎ መንቀሳቀስን ማዘውተር ይመከራል። የሕዝብ ማመላለሻ ውስጥ ማስክ ማድረግ ይገደዳሉ።,description,በሽታውንስ እንዴት መከላከል ይቻላል?,አብረዎት ከማይኖሩ ሰዎች ጋር ንክኪ መቀነስ እናም የቫይረሱን ስርጭት ለመግታት የንፅህና አጠባበቅ መመሪያዎችን መከተል ይኖርብዎታል። የሕዝብ ማመላለሻ አጠቃቀም ከህዝብ ማመላለሻ በተቻለ መጠን መራቅ እና ብስክሌት፣ መራመድን ወይም በግል መኪናዎ መንቀሳቀስን ማዘውተር ይመከራል። የሕዝብ ማመላለሻ ውስጥ ማስክ ማድረግ ይገደዳሉ።,description
የህመም ሰሜት ከተሰማዎ ምን ማድረግ አለብዎት?,ከፍተኛ ሙቀት፣ አዲስ ተከታታይ የሆነ ሳል፣ የተለመደው የመቅመስ ወይም የማሽተት ስሜት ላይ ለውጥ ሲኖር ወይም ሲጠፋ (አኖስሚያ) ራስዎን ያግልሉ፡ በቤትዎ ቢያንስ ለ 10 ቀን ይቀመጡ። በአምስት ቀን ውስጥ የኮሮና ቫይረስ ምርመራ ያካሂዱ።,list,የህመም ሰሜት ከተሰማዎ ምን ማድረግ አለብዎት?,ከፍተኛ ሙቀት፣ አዲስ ተከታታይ የሆነ ሳል፣ የተለመደው የመቅመስ ወይም የማሽተት ስሜት ላይ ለውጥ ሲኖር ወይም ሲጠፋ (አኖስሚያ) ራስዎን ያግልሉ፡ በቤትዎ ቢያንስ ለ 10 ቀን ይቀመጡ። በአምስት ቀን ውስጥ የኮሮና ቫይረስ ምርመራ ያካሂዱ።,list
በኮሮና ቫይረስ (COVID-19) መጠቃት አለመጠቃታቸውን ያላረጋገጡ ሰዎች ራሳቸውን በሚያገሉበት ጊዜ ለቤተሰቦቻቸው የሚያደርጉት ጥንቃቄ መመሪያ ምንድን ነው?,ወደ ሥራ፣ ትምህርት ቤት፣ የጠቅላላ ህክምና ቀዶ ጥገና፣ ፋርማሲ ወይም ሆስፒታል አይሂዱ። የተለያዩ መገልገያዎችን ይጠቀሙ፣ ወይም ከተጠቀሙ በኋላ ያጽዱ። ከሰዎች ጋር ቅርብ ንክኪን ያስወግዱ። ምግብ እና መድሃኒት እርስዎ ያሉበት ቦታ ድረስ እንዲመጣ ያድርጉ። መመሪያዎቹን ጎብኚዎች ላይ ይመልከቱ። ከተቻለ ለብቻዎ ይተኙ። እጅዎን በየጊዜው ይታጠቡ። ብዙ ውሃ ይጠጡ። ምልክቶቹን እንዲያስታግስልዎ ፓራሲታሞል ይውሰዱ።,description,በኮሮና ቫይረስ (COVID-19) መጠቃት አለመጠቃታቸውን ያላረጋገጡ ሰዎች ራሳቸውን በሚያገሉበት ጊዜ ለቤተሰቦቻቸው የሚያደርጉት ጥንቃቄ መመሪያ ምንድን ነው?,ወደ ሥራ፣ ትምህርት ቤት፣ የጠቅላላ ህክምና ቀዶ ጥገና፣ ፋርማሲ ወይም ሆስፒታል አይሂዱ። የተለያዩ መገልገያዎችን ይጠቀሙ፣ ወይም ከተጠቀሙ በኋላ ያጽዱ። ከሰዎች ጋር ቅርብ ንክኪን ያስወግዱ። ምግብ እና መድሃኒት እርስዎ ያሉበት ቦታ ድረስ እንዲመጣ ያድርጉ። መመሪያዎቹን ጎብኚዎች ላይ ይመልከቱ። ከተቻለ ለብቻዎ ይተኙ። እጅዎን በየጊዜው ይታጠቡ። ብዙ ውሃ ይጠጡ። ምልክቶቹን እንዲያስታግስልዎ ፓራሲታሞል ይውሰዱ።,description
የአእምሮ ጤና ማለት ምን ማለት ነዉ? ,የአእምሮ ጤና ማለት እምቅ ችሎታን ለማውጣት፤ በስራ ውጤታማ ለመሆን፤ ለማህበረሰብ አስተዋጽኦ ለማድረግ፤ እና የእለት ተዕለት ጫናዎችን ለመቋቋም የሚያስችል የጤንነት ሁኔታ ውስጥ መሆን ነዉ፡፡ ,definition,የአእምሮ ጤና ማለት ምን ማለት ነዉ?,የአእምሮ ጤና ማለት እምቅ ችሎታን ለማውጣት፤ በስራ ውጤታማ ለመሆን፤ ለማህበረሰብ አስተዋጽኦ ለማድረግ፤ እና የእለት ተዕለት ጫናዎችን ለመቋቋም የሚያስችል የጤንነት ሁኔታ ውስጥ መሆን ነዉ፡፡,definition
የአዕምሮ ህመም ማለት ምን ማለት ነዉ?,የአዕምሮ ህመም ማለት ከተለመደዉና ትክክለኛ ከሚበለዉ የአስተሳሰብ ፤የስሜት ወይም የባህርይ ለዉጥ ቅንብር ሲኖር እና ከዚህም የተነሳ የዕለት ተዕለት ሥራ ወይም ሌሎች ማህበራዊ ሚናዎችን መወጣት መሳንን የሚያመጣ የአእምሮ ጤና ችግር መታየት ነው፡፡,definition,የአዕምሮ ህመም ማለት ምን ማለት ነዉ?,የአዕምሮ ህመም ማለት ከተለመደዉና ትክክለኛ ከሚበለዉ የአስተሳሰብ ፤የስሜት ወይም የባህርይ ለዉጥ ቅንብር ሲኖር እና ከዚህም የተነሳ የዕለት ተዕለት ሥራ ወይም ሌሎች ማህበራዊ ሚናዎችን መወጣት መሳንን የሚያመጣ የአእምሮ ጤና ችግር መታየት ነው፡፡,definition
የአእምሮ ህመሞችን ዘርዝር,የሚጥል የአንጎል ህመም፣የህጻናትና አፍላ ወጣቶች የአእምሮ ህመም፣ ሱስ አምጪ በሆኑ ነገሮች ሱስ የመጠመድ ችግሮች,list,የአእምሮ ህመሞችን ዘርዝር,የሚጥል የአንጎል ህመም፣የህጻናትና አፍላ ወጣቶች የአእምሮ ህመም፣ ሱስ አምጪ በሆኑ ነገሮች ሱስ የመጠመድ ችግሮች,list
ከባድ የአእመሮ ህምመሞች የሚባሉት ምንምን ናቸዉ?,ሰኪዞፍሬኒና ባይፖላር እና ከፍተኛ ድባቴ የሚባሉ የአእምሮ ህመሞች ,list,ከባድ የአእመሮ ህምመሞች የሚባሉት ምንምን ናቸዉ?,ሰኪዞፍሬኒና ባይፖላር እና ከፍተኛ ድባቴ የሚባሉ የአእምሮ ህመሞች,list
የአእምሮ ህመም ምልክቶችን ዘርዝር,የተራዘመ ሃዘንተኝነት፤ የተዘበራረቀ ሃሳብ መከሰት፤ትኩረት ማድረግ አለመቻል፤ ከመጠን ያለፈ ፍራቻ እና የጥፋተኝነት ስሜት መኖር፤ የስሜት በከፍተኛ ሁኔታ መዋዠቅ,list,የአእምሮ ህመም ምልክቶችን ዘርዝር,የተራዘመ ሃዘንተኝነት፤ የተዘበራረቀ ሃሳብ መከሰት፤ትኩረት ማድረግ አለመቻል፤ ከመጠን ያለፈ ፍራቻ እና የጥፋተኝነት ስሜት መኖር፤ የስሜት በከፍተኛ ሁኔታ መዋዠቅ,list
በራስ መተማመን ማለት ምን ጥቅም አለዉ? ,በራስ የመተማመን ስሜት ሲኖርዎትም በተሰማሩበት ሥራ ላይ የበለጠ ስኬታማ እንዲሆኑ ከፍተኛ እርዳታ አለው።,description,በራስ መተማመን ማለት ምን ጥቅም አለዉ?,በራስ የመተማመን ስሜት ሲኖርዎትም በተሰማሩበት ሥራ ላይ የበለጠ ስኬታማ እንዲሆኑ ከፍተኛ እርዳታ አለው።,description
በራስ መተማመንን ለመገንባት የሚረዱ ብዙ ነገሮች ምንምን ናቸዉ?,አለባበስዎ ጥሩ ይሁን፣ሲራመዱ ፍጥነት በተሞላበት ሁኔታ ይራመዱ፣ ሃሳብዎን ይግለፁ እና ስፖርታዊ እንቅስቃሴ ማድረግ ልምድዎ ይሁን፡፡,list,በራስ መተማመንን ለመገንባት የሚረዱ ብዙ ነገሮች ምንምን ናቸዉ?,አለባበስዎ ጥሩ ይሁን፣ሲራመዱ ፍጥነት በተሞላበት ሁኔታ ይራመዱ፣ ሃሳብዎን ይግለፁ እና ስፖርታዊ እንቅስቃሴ ማድረግ ልምድዎ ይሁን፡፡,list
በራስ መተማመን ማለት ምን ማለት ነዉ? ,በራስ መተማመን ማለት ስለ ክህሎትዎና እና ችሎታዎችዎ ለራስዎ የሚኖርዎ አመለካከት ነው፡፡,definition,በራስ መተማመን ማለት ምን ማለት ነዉ?,በራስ መተማመን ማለት ስለ ክህሎትዎና እና ችሎታዎችዎ ለራስዎ የሚኖርዎ አመለካከት ነው፡፡,definition
በራስ መተማመንዎ ዝቅተኛ ነዉ ማለት ምን ማለት ነዉ? ,በራስ መተማመንዎ ዝቅተኛ ከሆነ የመጠራጠር ስሜት ይሰማዎታል፤ ግድየለሽ ወይም ታዛዥ ይሆናሉ፤በሌሎች ላይ እምነት ማጣት ወይም ሌሎች ሰዎችን ለማመን ይቸገራሉ፤ የበታችነት ስሜት ይሰማዎታል፡፡,definition,በራስ መተማመንዎ ዝቅተኛ ነዉ ማለት ምን ማለት ነዉ?,በራስ መተማመንዎ ዝቅተኛ ከሆነ የመጠራጠር ስሜት ይሰማዎታል፤ ግድየለሽ ወይም ታዛዥ ይሆናሉ፤በሌሎች ላይ እምነት ማጣት ወይም ሌሎች ሰዎችን ለማመን ይቸገራሉ፤ የበታችነት ስሜት ይሰማዎታል፡፡,definition
ዝቅተኛ በራስ የመተማመን ስሜት ምክነያት ምንድን ነዉ?,ዝቅተኛ በራስ የመተማመን ስሜት ከተለያዩ ልምዶች የሚመጣ ሊሆን ይችላል። ለምሳሌ ድጋፍ በማይሰጥና በማያበረታታ ማህበረሰብ ውስጥ ያደጉ ከሆነ፣ እራስዎን በጣም በተጋነነ መልኩ ከመዘኑ፣ ወይም ውድቀትን ከፈሩ በራስ መተማመን ዝቅተኛ ይሆናል፡፡ ,description,ዝቅተኛ በራስ የመተማመን ስሜት ምክነያት ምንድን ነዉ?,ዝቅተኛ በራስ የመተማመን ስሜት ከተለያዩ ልምዶች የሚመጣ ሊሆን ይችላል። ለምሳሌ ድጋፍ በማይሰጥና በማያበረታታ ማህበረሰብ ውስጥ ያደጉ ከሆነ፣ እራስዎን በጣም በተጋነነ መልኩ ከመዘኑ፣ ወይም ውድቀትን ከፈሩ በራስ መተማመን ዝቅተኛ ይሆናል፡፡,description
በራስ የመተማመን ስሜትን እንዴት መጨመር ይቻላል?,"ያለዎትን ጥንካሬ መገንዘብና ማጎልበት ላይ ትኩረት ያድረጉ። ለሚያደርጉት ጥረት እና እምርታ እራስዎን ያጀግኑ፣ያወድሱ ፡፡
",description,በራስ የመተማመን ስሜትን እንዴት መጨመር ይቻላል?,ያለዎትን ጥንካሬ መገንዘብና ማጎልበት ላይ ትኩረት ያድረጉ። ለሚያደርጉት ጥረት እና እምርታ እራስዎን ያጀግኑ፣ያወድሱ ፡፡,description
ለእንቅልፍ እጦት አጋላጮች ዘርዝር ,ለእንቅልፍ እጦት አጋላጮች ጭንቀት፣ህመም፣የስሜት ወይም የአካል አለመመቸት እና የአካባቢ ተፅዕኖ ,list,ለእንቅልፍ እጦት አጋላጮች ዘርዝር,ለእንቅልፍ እጦት አጋላጮች ጭንቀት፣ህመም፣የስሜት ወይም የአካል አለመመቸት እና የአካባቢ ተፅዕኖ,list
ለእንቅልፍ እጦትን እንዴት መከላከል ይቻላል?,"ጠዋት ላይ በተመሳሳይ ሰአት ለመንቃት መሞከር እና ሊያነቃቁን የሚችሉ ነገሮችን መገደብ ወይም መተው
",description,ለእንቅልፍ እጦትን እንዴት መከላከል ይቻላል?,ጠዋት ላይ በተመሳሳይ ሰአት ለመንቃት መሞከር እና ሊያነቃቁን የሚችሉ ነገሮችን መገደብ ወይም መተው,description
የአእምሮ እድገት ውስንነት ማለት ምን ማለት ነዉ?,የአእምሮ እድገት ውስንነት ማለት አንድ ልጅ ያለው ትምህርት የመቀበልና የማስታወስ አቅም ፣ የማገናዘብ ፣ ውሳኔ የመወሰን ፣ ችግር የመፍታት ፣ ከሌሎች ጋር ያለው የመግባባት እና ራስን የመርዳት ክህሎት ከእድሜው ከሚጠበቀው በታች ሲሆን ነው።,definition,የአእምሮ እድገት ውስንነት ማለት ምን ማለት ነዉ?,የአእምሮ እድገት ውስንነት ማለት አንድ ልጅ ያለው ትምህርት የመቀበልና የማስታወስ አቅም ፣ የማገናዘብ ፣ ውሳኔ የመወሰን ፣ ችግር የመፍታት ፣ ከሌሎች ጋር ያለው የመግባባት እና ራስን የመርዳት ክህሎት ከእድሜው ከሚጠበቀው በታች ሲሆን ነው።,definition
የአእምሮ እድገት ውስንነት ያለባቸው የአእምሮ ምጥቀት ስንት ነዉ?,የአእምሮ እድገት ውስንነት ያለባቸው የአእምሮ ምጥቀት ከ 70 በታች ነው።  ,factoid,የአእምሮ እድገት ውስንነት ያለባቸው የአእምሮ ምጥቀት ስንት ነዉ?,የአእምሮ እድገት ውስንነት ያለባቸው የአእምሮ ምጥቀት ከ 70 በታች ነው።,factoid
የአእምሮ እድገት ውስንነት ምልክቶቹ መቸ መታየት ይጀምራሉ?,ከተወለዱ ጀምሮ ት/ት እስከሚጀምሩ ባለው እድሜ ሊታወቅ ይችላል።,factoid,የአእምሮ እድገት ውስንነት ምልክቶቹ መቸ መታየት ይጀምራሉ?,ከተወለዱ ጀምሮ ት/ት እስከሚጀምሩ ባለው እድሜ ሊታወቅ ይችላል።,factoid
የአእምሮ እድገት ውስንነት ምልክቶች ምንምን ናቸዉ?,በየእለቱ የሚያዩትን የህይወት እንቅስቃሴ የመረዳት እና የመተግበር ውስንነት መኖር,list,የአእምሮ እድገት ውስንነት ምልክቶች ምንምን ናቸዉ?,በየእለቱ የሚያዩትን የህይወት እንቅስቃሴ የመረዳት እና የመተግበር ውስንነት መኖር,list
"የአእምሮ እድገት ውስንነት መንስኤ ምንምን ነዉ?
",በዘር ሊከሰት ይችላል፣በፅንስ ወቅት እናት አልኮል መጠጣት እና በፅንስ ወቅት ሊወሰዱ የማይገባቸው መድሃኒቶች መውሰድ,list,የአእምሮ እድገት ውስንነት መንስኤ ምንምን ነዉ?,በዘር ሊከሰት ይችላል፣በፅንስ ወቅት እናት አልኮል መጠጣት እና በፅንስ ወቅት ሊወሰዱ የማይገባቸው መድሃኒቶች መውሰድ,list
የአእምሮ እድገት ውስነት እንዳይከሰት መከላከያዉ ምንድን ነዉ?,በእርግዝና ወቅት አስፈላጊውን የህክምና ክትትል ፣ ምርመራ እና የባለሞያ ምክር በማግኘት ,description,የአእምሮ እድገት ውስነት እንዳይከሰት መከላከያዉ ምንድን ነዉ?,በእርግዝና ወቅት አስፈላጊውን የህክምና ክትትል ፣ ምርመራ እና የባለሞያ ምክር በማግኘት,description
አእምሮ እድገት ውስንነት ስንት ደረጃዎች አሉት?,አራት,factoid,አእምሮ እድገት ውስንነት ስንት ደረጃዎች አሉት?,አራት,factoid
ጭንቀት ምንድን ነው?,ጭንቀት ነገሮች እና ሁኔታዎች ከቁጥጥራችን እንደወጡ ስናስብ የሚፈጠር ስሜት ነው፡፡,description,ጭንቀት ምንድን ነው?,ጭንቀት ነገሮች እና ሁኔታዎች ከቁጥጥራችን እንደወጡ ስናስብ የሚፈጠር ስሜት ነው፡፡,description
የጭንቀት ምንጮች ምንድን ናቸው?,"ስነ ልቦናዊ እና አካላዊ
",description,የጭንቀት ምንጮች ምንድን ናቸው?,ስነ ልቦናዊ እና አካላዊ,description
የጭንቀት ውጤቶችን አብራራ,የሰውነት ድካም፣ከፍተኛ የራስ ምታት፣ብስጭት እና የምግብ ፍላጎት መዛባት,description,የጭንቀት ውጤቶችን አብራራ,የሰውነት ድካም፣ከፍተኛ የራስ ምታት፣ብስጭት እና የምግብ ፍላጎት መዛባት,description
ጭንቀትን መፍትሄዉ ምንድን ነዉ?,የቁጣ ስሜቶቻችንን መለየት፣የአካል ብቃት እንቅስቃሴ ማድረግ እና ማኅበራዊ ሕይወት ውስጥ ንቁ ተሳትፎ ማድረግ,description,ጭንቀትን መፍትሄዉ ምንድን ነዉ?,የቁጣ ስሜቶቻችንን መለየት፣የአካል ብቃት እንቅስቃሴ ማድረግ እና ማኅበራዊ ሕይወት ውስጥ ንቁ ተሳትፎ ማድረግ,description
ለአንጎል ጎጂ የሆኑ ልማዶች ምንምን ናቸዉ?,ቁርስ አለመመገብ፣በህመም ወቅት በቂ እረፍት እና ሲጋራ ማጤስ,list,ለአንጎል ጎጂ የሆኑ ልማዶች ምንምን ናቸዉ?,ቁርስ አለመመገብ፣በህመም ወቅት በቂ እረፍት እና ሲጋራ ማጤስ,list
ጭንቀት እና ድብርት ውስጥ በምንሆንበት ወቅት እቤት ዉስጥ ህክምናዉ ምንድን ነዉ?,የተለያዩ ቫይታሚን፣ ንጥረ ነገሮችን፣ ጤናማ የቅባት አይነት የያዙ ምግቦች እንዲሁም ሰውነታችን ያጠራቀመውን ምግብ በአግባቡ እንዲጠቀም የሚያደርጉ ጭንቀትና ድብርትን ለማስወገድ ያግዛሉ፡፡ ,description,ጭንቀት እና ድብርት ውስጥ በምንሆንበት ወቅት እቤት ዉስጥ ህክምናዉ ምንድን ነዉ?,የተለያዩ ቫይታሚን፣ ንጥረ ነገሮችን፣ ጤናማ የቅባት አይነት የያዙ ምግቦች እንዲሁም ሰውነታችን ያጠራቀመውን ምግብ በአግባቡ እንዲጠቀም የሚያደርጉ ጭንቀትና ድብርትን ለማስወገድ ያግዛሉ፡፡,description
ብቸኝነት ምንድን ነዉ?,ብቸኝነት በዋነኝነት የሚገለጸው ከሰዎች ጋር ጥብቅ ግንኙነት በማጣት ነው።,description,ብቸኝነት ምንድን ነዉ?,ብቸኝነት በዋነኝነት የሚገለጸው ከሰዎች ጋር ጥብቅ ግንኙነት በማጣት ነው።,description
ብቸኝነት የሚሰማቸው ሰዎች ምልክቶች ምንምን ናቸዉ?,ደም ግፊት እንዲጨምር ያደርጋል፣አካል ብቃት እንቅስቃሴ አለማዘውተርን ያስከትላል፣የአእምሮ ፍጥነት ይቀንሳል፡፡,list,ብቸኝነት የሚሰማቸው ሰዎች ምልክቶች ምንምን ናቸዉ?,ደም ግፊት እንዲጨምር ያደርጋል፣አካል ብቃት እንቅስቃሴ አለማዘውተርን ያስከትላል፣የአእምሮ ፍጥነት ይቀንሳል፡፡,list
የማህበራዊ እንቅስቃሴ ፍራቻ ምንድን ነዉ?,ይህ አይነቱ የፎቢያ ችግር ያለባቸው ሰዎች ማህበራዊ እንቅስቃሴ ማድረግ ፣ በሚደረግባቸው ስፍራዎች ላይ መገኘት አጥብቀው ይፈራሉ።,description,የማህበራዊ እንቅስቃሴ ፍራቻ ምንድን ነዉ?,ይህ አይነቱ የፎቢያ ችግር ያለባቸው ሰዎች ማህበራዊ እንቅስቃሴ ማድረግ ፣ በሚደረግባቸው ስፍራዎች ላይ መገኘት አጥብቀው ይፈራሉ።,description
የማህበራዊ እንቅስቃሴ ፍራቻ ምክነያት ምንድን ነዉ?,የአካባቢያዊ ሁኔታ እና አስተዳድግ ,description,የማህበራዊ እንቅስቃሴ ፍራቻ ምክነያት ምንድን ነዉ?,የአካባቢያዊ ሁኔታ እና አስተዳድግ,description
የማህበራዊ እንቅስቃሴ ፍራቻ መፍትሄዉ ምንድን ነዉ?,የስነ አእምሮ ምክሮች እንዲያገኙ ማድረግ,description,የማህበራዊ እንቅስቃሴ ፍራቻ መፍትሄዉ ምንድን ነዉ?,የስነ አእምሮ ምክሮች እንዲያገኙ ማድረግ,description
አንቅልፍ ለአእምሮ ጤና ጥቅሞችን አብራራ,በምንተኛበት ጊዜ ሰውነታችን ቢያርፍም አእምሯችን ትውስታዎቻችንን ያደራጃል፡፡ስለዚህ ጥሩ አንቅልፍ ማግኘት ጥሩ የማስታወስ ችሎታ እንዲኖረን ያደርጋል፡፡,description,አንቅልፍ ለአእምሮ ጤና ጥቅሞችን አብራራ,በምንተኛበት ጊዜ ሰውነታችን ቢያርፍም አእምሯችን ትውስታዎቻችንን ያደራጃል፡፡ስለዚህ ጥሩ አንቅልፍ ማግኘት ጥሩ የማስታወስ ችሎታ እንዲኖረን ያደርጋል፡፡,description
ጥሩ እንቅልፍ ለማግኘት የሚጠቅሙን ምግቦች ምንምን ናቸዉ?,ዝንጅብል፣የካሞሚል ሻይ፣ወተት,list,ጥሩ እንቅልፍ ለማግኘት የሚጠቅሙን ምግቦች ምንምን ናቸዉ?,ዝንጅብል፣የካሞሚል ሻይ፣ወተት,list
ከ18 አመት በላይ የሆነው ማንኛውም ሰው በቀን ስንት ሰአት እንዲተኛ ይመከራል?,ከሰባት እስከ ዘጠኝ ሰአት,factoid,ከ18 አመት በላይ የሆነው ማንኛውም ሰው በቀን ስንት ሰአት እንዲተኛ ይመከራል?,ከሰባት እስከ ዘጠኝ ሰአት,factoid
የሚጥል ህመም ምንድን ነዉ?,የሚጥል የአንጎል በሽታ ወይም ኢፒለፕሲ የማይተላለፍ የአዕምሮ ህመም ሲሆን ጤናማ ባልሆነ የአንጎል የኤሌክትሪክ ንዝረት የተነሳ በተደጋጋሚ ራስን መሳት መዉደቅ እና የመሳሰሉ ምልክቶች የሚገለጽ የህመም አይነት ነዉ፡፡,description,የሚጥል ህመም ምንድን ነዉ?,የሚጥል የአንጎል በሽታ ወይም ኢፒለፕሲ የማይተላለፍ የአዕምሮ ህመም ሲሆን ጤናማ ባልሆነ የአንጎል የኤሌክትሪክ ንዝረት የተነሳ በተደጋጋሚ ራስን መሳት መዉደቅ እና የመሳሰሉ ምልክቶች የሚገለጽ የህመም አይነት ነዉ፡፡,description
የሚጥል ህመም ምክነያት ምንድን ነዉ?,ከወሊድ ጋራ ተያይዞ በአንጎል ላይ የሚከሰቱ ጉዳቶች፤በተለያዩ አደጋዎችና ከደም ግፊት እና ኢንፌክሺኖች ጋራ በተያያዘ ሊከሰት ይችላል፡፡ በአንዳነድ ሰዎች ላይም ምክንያቱ ላይታዎቅ ይችላል፡፡,description,የሚጥል ህመም ምክነያት ምንድን ነዉ?,ከወሊድ ጋራ ተያይዞ በአንጎል ላይ የሚከሰቱ ጉዳቶች፤በተለያዩ አደጋዎችና ከደም ግፊት እና ኢንፌክሺኖች ጋራ በተያያዘ ሊከሰት ይችላል፡፡ በአንዳነድ ሰዎች ላይም ምክንያቱ ላይታዎቅ ይችላል፡፡,description
የደም ግፊት ህመም ምንድን ነዉ?,የደም ግፊት ህመም ልብ ከልክ በላይ እንዲሠራ በማድረግና የደም ሥር ግድግዳን በማገንተር እንደልብ እንዳይለጠጥ በማድረግ በልብ፣ በኩላሊትና አንጎል ላይ ከፍተኛ ጉዳት የሚያስከትል ህመም ነው፡፡,description,የደም ግፊት ህመም ምንድን ነዉ?,የደም ግፊት ህመም ልብ ከልክ በላይ እንዲሠራ በማድረግና የደም ሥር ግድግዳን በማገንተር እንደልብ እንዳይለጠጥ በማድረግ በልብ፣ በኩላሊትና አንጎል ላይ ከፍተኛ ጉዳት የሚያስከትል ህመም ነው፡፡,description
የደም ግፊት ጨመረ የሚባለው መቸ ነዉ?,አንድ አዋቂ ሰው የደም ግፊት ጨመረ የሚባለው የሲስቶሊክ ደም ግፊቱ 140 mmHgና ከዚያ በላይ ሲሆን ወይም ”የዲያስቶሊክ” የደም ግፊቱ 90mmHg ና ከዚያ በላይ ሲሆን ነው::,factoid,የደም ግፊት ጨመረ የሚባለው መቸ ነዉ?,አንድ አዋቂ ሰው የደም ግፊት ጨመረ የሚባለው የሲስቶሊክ ደም ግፊቱ 140 mmHgና ከዚያ በላይ ሲሆን ወይም ”የዲያስቶሊክ” የደም ግፊቱ 90mmHg ና ከዚያ በላይ ሲሆን ነው::,factoid
የደም ግፊት ምልክቱን አብራራ,ራስ ምታት፣ የትንፋሽ ማጠር፣ የአፍንጫ መድማት(ነስር),description,የደም ግፊት ምልክቱን አብራራ,ራስ ምታት፣ የትንፋሽ ማጠር፣ የአፍንጫ መድማት(ነስር),description
የደም ግፊት መንስኤ ምንድን ነዉ?,"የኩላሊት ችግር ካለ, የታይሮይድ ችግር ካለ የደም ስር ላይ ከውልደት ጀምሮ ችግር ካለ ",description,የደም ግፊት መንስኤ ምንድን ነዉ?,"የኩላሊት ችግር ካለ, የታይሮይድ ችግር ካለ የደም ስር ላይ ከውልደት ጀምሮ ችግር ካለ",description
የደም ግፊት ምርመራ እንዴት ነዉ?,በደም ግፊት መለኪያ መሳሪያ ክንድ ላይ መለካት,description,የደም ግፊት ምርመራ እንዴት ነዉ?,በደም ግፊት መለኪያ መሳሪያ ክንድ ላይ መለካት,description
የደም ግፊት ህክምናዉ ምንድን ነዉ?,"ሽንት የሚያሸኑ መድሀኒቶች፣ የደም ስርን የሚለጥጥ ወይም የሚያሰፋ መድሀኒት፣ የደም ስር ጡንቻ የሚያላላ     
",description,የደም ግፊት ህክምናዉ ምንድን ነዉ?,ሽንት የሚያሸኑ መድሀኒቶች፣ የደም ስርን የሚለጥጥ ወይም የሚያሰፋ መድሀኒት፣ የደም ስር ጡንቻ የሚያላላ,description
የደም ግፊት መከላከያዉ ምንድን ነዉ?,"የምግብ ስርዓት ላይ ጨው መቀነስ፣ የአካል ብቃት እንቅስቃሴ መስራት፣ አለማጨስ፣ መጠጥ መቀነስ
",description,የደም ግፊት መከላከያዉ ምንድን ነዉ?,የምግብ ስርዓት ላይ ጨው መቀነስ፣ የአካል ብቃት እንቅስቃሴ መስራት፣ አለማጨስ፣ መጠጥ መቀነስ,description
ደም ግፊት ካለብዎት ተመራጭ ምግቦች ምንምን ናቸዉ?,አረንጓዴ ቅጠል ያላቸው አትክልቶች፣ አረንጓዴ ሻይ,list,ደም ግፊት ካለብዎት ተመራጭ ምግቦች ምንምን ናቸዉ?,አረንጓዴ ቅጠል ያላቸው አትክልቶች፣ አረንጓዴ ሻይ,list
ደም ግፊት ካለብዎት ተመራጭ ያልሆኑ ምግቦች ምንምን ናቸዉ?,ቀይ ሥጋ፣ ስኳር፣ ጨው፣ አልኮል ,list,ደም ግፊት ካለብዎት ተመራጭ ያልሆኑ ምግቦች ምንምን ናቸዉ?,ቀይ ሥጋ፣ ስኳር፣ ጨው፣ አልኮል,list
መካንነት ማለት ምን ማለት ነዉ? ,መካንነት ማለት ቢያንስ ለአንድ አመት ያህል መከራ አድርገው ለማርገዝ አለመቻል ነው። ,definition,መካንነት ማለት ምን ማለት ነዉ?,መካንነት ማለት ቢያንስ ለአንድ አመት ያህል መከራ አድርገው ለማርገዝ አለመቻል ነው።,definition
የወንድ መካንነት ምክነያት ምንድን ነዉ?,የወንድ የዘር ፍሬ ቁጥር መቀነስ፣ የብልት ከተለመደው ውጭ መሆን (ችግር) እና የስሜት ጣሪያ ላይ ለመድረስ መቸገር የተለመድ የወንድ መካንነት መነሾ ምክንያቶች ናቸው።,description,የወንድ መካንነት ምክነያት ምንድን ነዉ?,የወንድ የዘር ፍሬ ቁጥር መቀነስ፣ የብልት ከተለመደው ውጭ መሆን (ችግር) እና የስሜት ጣሪያ ላይ ለመድረስ መቸገር የተለመድ የወንድ መካንነት መነሾ ምክንያቶች ናቸው።,description
የሴት መካንነት ምክነያት ምንድን ነዉ?,ኢንዶሜትሪዮሲስ፣ ፖሊሲስቲክ ኦቫሪ ሲንድረም እና የመውለጃ ዕድሜ ከፍ ማለት የእንቁላል ብዛትና ጥራትን ይቀንሰዋል።,description,የሴት መካንነት ምክነያት ምንድን ነዉ?,ኢንዶሜትሪዮሲስ፣ ፖሊሲስቲክ ኦቫሪ ሲንድረም እና የመውለጃ ዕድሜ ከፍ ማለት የእንቁላል ብዛትና ጥራትን ይቀንሰዋል።,description
የሴት መካንነት ምልክቱ ምንድን ነዉ?,የወር አበባ ኡደት መቀየር ወይም የሴት ዘር መፈልፈል,description,የሴት መካንነት ምልክቱ ምንድን ነዉ?,የወር አበባ ኡደት መቀየር ወይም የሴት ዘር መፈልፈል,description
የወንድ መካንነት ምልክቱ ምንድን ነዉ?,የብልት ህመም፣ መጓጐል ወይም ላብ (ማላብ)።,description,የወንድ መካንነት ምልክቱ ምንድን ነዉ?,የብልት ህመም፣ መጓጐል ወይም ላብ (ማላብ)።,description
ለመካንነት ወደ ህክምና ተቋም መሄድ ያለብን መቸ ነው?,ዕድሜያቸው ከ 35 ዓመት በታች ከሆነና ለማርገዝ ወይም ጽንስ ለመቋጠር ለአንድ ዓመት ያህል ሙከራ ካደረጉና ካልተሳካ።,factoid,ለመካንነት ወደ ህክምና ተቋም መሄድ ያለብን መቸ ነው?,ዕድሜያቸው ከ 35 ዓመት በታች ከሆነና ለማርገዝ ወይም ጽንስ ለመቋጠር ለአንድ ዓመት ያህል ሙከራ ካደረጉና ካልተሳካ።,factoid
ስትሮክን ግለጽ,አንጎል ማግኘት ያለበትን ኦክስጅን በአንጎል ውስጥ ደም በመፍሰስ ወይም የደም ቧንቧ በረጋ ደም እና በስብ በመዘጋቱ ምክንያት ሳያገኝ ሲቀር የሚፈጠር ነው። ,description,ስትሮክን ግለጽ,አንጎል ማግኘት ያለበትን ኦክስጅን በአንጎል ውስጥ ደም በመፍሰስ ወይም የደም ቧንቧ በረጋ ደም እና በስብ በመዘጋቱ ምክንያት ሳያገኝ ሲቀር የሚፈጠር ነው።,description
የስትሮክ ምክነያት ምንድን ነዉ?,ስትሮክ የሚከሰተዉ በተወሰነ የአንጎላችን ክፍል ያለዉ የደም ዝዉዉር በተለያዩ ምክንያቶች በድንገት ሲቋረጥ ነዉ፡፡ ,description,የስትሮክ ምክነያት ምንድን ነዉ?,ስትሮክ የሚከሰተዉ በተወሰነ የአንጎላችን ክፍል ያለዉ የደም ዝዉዉር በተለያዩ ምክንያቶች በድንገት ሲቋረጥ ነዉ፡፡,description
የስትሮክ ምክነያት ምን ሊከሰት ይችላል?,በአንጎላችን ክፍል ዉስጥ ከፍተኛ ጉዳት ይከሰታል ይኸዉም ፤ የመንቀሳቀስ፣ የመናገር፣ የፊት መጣመም፣ ራስመሳት፣ የእይታ ችግር እና የመሳሰሉት በድንገት ሉከሰቱ ይችላሉ፡፡ ,description,የስትሮክ ምክነያት ምን ሊከሰት ይችላል?,በአንጎላችን ክፍል ዉስጥ ከፍተኛ ጉዳት ይከሰታል ይኸዉም ፤ የመንቀሳቀስ፣ የመናገር፣ የፊት መጣመም፣ ራስመሳት፣ የእይታ ችግር እና የመሳሰሉት በድንገት ሉከሰቱ ይችላሉ፡፡,description
የስትሮክ መንስኤ ምንድን ነዉ?,ከፍተኛ ደም ግፊት፣ አቴሮስክለሮሲስ እና አርቲሪያል ፊብሪሌሽን አይነት የልብ በሽታዎች ናቸው። ,description,የስትሮክ መንስኤ ምንድን ነዉ?,ከፍተኛ ደም ግፊት፣ አቴሮስክለሮሲስ እና አርቲሪያል ፊብሪሌሽን አይነት የልብ በሽታዎች ናቸው።,description
ስትሮክ ከተፈጠረ ጀምሮ በየደቂቃው ስንት የአእምሮ ሴሎች ይሞታሉ?,ሁለት ሚሊዮን,factoid,ስትሮክ ከተፈጠረ ጀምሮ በየደቂቃው ስንት የአእምሮ ሴሎች ይሞታሉ?,ሁለት ሚሊዮን,factoid
ስትሮክን መከላከያዉ ምንድን ነዉ?,የመጀመሪያ እና ቀዳሚው የመከላከያ መንገድ ስለስትሮክ በሽታ ምንነት እና ስለሚያስከትለው ጉዳት ማወቅ ነው፡፡,description,ስትሮክን መከላከያዉ ምንድን ነዉ?,የመጀመሪያ እና ቀዳሚው የመከላከያ መንገድ ስለስትሮክ በሽታ ምንነት እና ስለሚያስከትለው ጉዳት ማወቅ ነው፡፡,description
የስትሮክ ምርመራዎች ምንምን ናቸዉ?,ሙሉ የደም ምርመራ፣ሲቲ ስካን,list,የስትሮክ ምርመራዎች ምንምን ናቸዉ?,ሙሉ የደም ምርመራ፣ሲቲ ስካን,list
የስትሮክ ህክምናዉ ምንድን ነዉ?,የረጋ ደም የሚሰብሩ መድሀኒቶች፣ ቀጭን ቱቦ በጭንቅላት የደም ቧንቧ በማስገባት የረጋውን ደም ማውጣት,description,የስትሮክ ህክምናዉ ምንድን ነዉ?,የረጋ ደም የሚሰብሩ መድሀኒቶች፣ ቀጭን ቱቦ በጭንቅላት የደም ቧንቧ በማስገባት የረጋውን ደም ማውጣት,description
ብጉር ምንድን ነዉ?,ብጉር በሰዉነት ቆዳ ላይ የሚከሰት ችግር ሲሆን የላብ መዉጪያ ቀዳዳዎች በስብ፣ በሞቱ የቆዳ ሴሎችና አንዳንድ ጊዜ ደግሞ በባክቴሪያዎች በሚደፈንበት ወቅት የሚመጣ ነዉ፡፡ ,description,ብጉር ምንድን ነዉ?,ብጉር በሰዉነት ቆዳ ላይ የሚከሰት ችግር ሲሆን የላብ መዉጪያ ቀዳዳዎች በስብ፣ በሞቱ የቆዳ ሴሎችና አንዳንድ ጊዜ ደግሞ በባክቴሪያዎች በሚደፈንበት ወቅት የሚመጣ ነዉ፡፡,description
ለብጉር መከሰት ምክንያቶች ምንምን ናቸዉ?,የስብ ከመጠን በላይ መመረት፣የሞቱ የቆዳ ሴሎች በአግባቡ ያለመወገድ,list,ለብጉር መከሰት ምክንያቶች ምንምን ናቸዉ?,የስብ ከመጠን በላይ መመረት፣የሞቱ የቆዳ ሴሎች በአግባቡ ያለመወገድ,list
የብጉር አጋላጮች ምንምን ናቸዉ?,ለሰዉነት ሆርሞን መለዋወጥ ምክንት የሆኑ ነገሮች በሚኖሩበት ወቅት,list,የብጉር አጋላጮች ምንምን ናቸዉ?,ለሰዉነት ሆርሞን መለዋወጥ ምክንት የሆኑ ነገሮች በሚኖሩበት ወቅት,list
የብጉር ህክምናዉ ምንድን ነዉ?,የብጉር ህክምና የስብ መመረትን መቀነስ፣የቆዳ ሴሎች ቶሎ ቶሎ እንዲቀያየሩ በማድረግ,description,የብጉር ህክምናዉ ምንድን ነዉ?,የብጉር ህክምና የስብ መመረትን መቀነስ፣የቆዳ ሴሎች ቶሎ ቶሎ እንዲቀያየሩ በማድረግ,description
ብጉርን መከላከያዉ ምንድን ነዉ?,ለብጉር ተጋላጭ የሆኑ ቦታዎችን በቀን ሁለት ጊዜ መታጠብ,description,ብጉርን መከላከያዉ ምንድን ነዉ?,ለብጉር ተጋላጭ የሆኑ ቦታዎችን በቀን ሁለት ጊዜ መታጠብ,description
ብጉር በስንት የእድሜ ክልል ያሉ ሰዎችን ያጠቃል?,በአስራዎቹ እድሜ ክልል ያሉ ሰዎችን በብዛት ያጠቃል።,factoid,ብጉር በስንት የእድሜ ክልል ያሉ ሰዎችን ያጠቃል?,በአስራዎቹ እድሜ ክልል ያሉ ሰዎችን በብዛት ያጠቃል።,factoid
ብጉር ምልክቱ ምንድን ነዉ?,ህመም ያላቸው መግል የያዙ ከቆዳ ስር ያሉ እባጮች,description,ብጉር ምልክቱ ምንድን ነዉ?,ህመም ያላቸው መግል የያዙ ከቆዳ ስር ያሉ እባጮች,description
ብጉር ያለበት ሰዉ ምን አይነት ጥንቀቄ ያድርግ?,ቡግሩን መነካካት፣ተጭኖ እንዲፈርስ ማድረግ እየተባባሰ እንዲሄድ እና ጠባሳ እንዲፈጥር ያደርጋል,description,ብጉር ያለበት ሰዉ ምን አይነት ጥንቀቄ ያድርግ?,ቡግሩን መነካካት፣ተጭኖ እንዲፈርስ ማድረግ እየተባባሰ እንዲሄድ እና ጠባሳ እንዲፈጥር ያደርጋል,description
ብጉር ያለበት ሰው ምን መመገብ አለበት?,"በብዛት ፍራፍሬን፤ጥራጥሬን እና አትክልቶችን መመገብ ጤናማ ቆዳ እንዲኖረን ያደርጋል
",description,ብጉር ያለበት ሰው ምን መመገብ አለበት?,በብዛት ፍራፍሬን፤ጥራጥሬን እና አትክልቶችን መመገብ ጤናማ ቆዳ እንዲኖረን ያደርጋል,description
ቡጉንጅ ምንድን ነዉ?,ቡጉንጅ አንድ ቦታ ላይ የሚከሰት እባጭ ሲሆን የፈሳሽ ክምች የያዘ ነው፡፡,description,ቡጉንጅ ምንድን ነዉ?,ቡጉንጅ አንድ ቦታ ላይ የሚከሰት እባጭ ሲሆን የፈሳሽ ክምች የያዘ ነው፡፡,description
የቡጉንጅ መንስኤ ምንድን ነዉ?,ስታፊሎ ኮከስ በተሰኘ ባክቴሪያ፣ ንፅናው በጎደለ መርፌ መወጋት,description,የቡጉንጅ መንስኤ ምንድን ነዉ?,ስታፊሎ ኮከስ በተሰኘ ባክቴሪያ፣ ንፅናው በጎደለ መርፌ መወጋት,description
ቡጉንጅ በብዛት የሚወጣባቸው ቦታዎችን ዘርዝር,"የሚመጣው ወደ ቅባት ዕጢ፣ ወደ ላብ ዕጢ፣ ጸጉር ወደ ሚበቅልበት ቦታ 
",list,ቡጉንጅ በብዛት የሚወጣባቸው ቦታዎችን ዘርዝር,የሚመጣው ወደ ቅባት ዕጢ፣ ወደ ላብ ዕጢ፣ ጸጉር ወደ ሚበቅልበት ቦታ,list
የቡጉንጅ ምልክቱ ምንድን ነዉ?,ከሌላው የአካል ክፍል ተለይቶ ያበጠ እንደመቅላት ያለና በውስጡ ቢጫ መግል የያዘ እባጭ መኖር,description,የቡጉንጅ ምልክቱ ምንድን ነዉ?,ከሌላው የአካል ክፍል ተለይቶ ያበጠ እንደመቅላት ያለና በውስጡ ቢጫ መግል የያዘ እባጭ መኖር,description
"የቡግንጅ በሽታ በቤት ውስጥ እንዴት ማከም ይቻላል?

",የግል ንፅህና በአግባቡ መጠበቅ,description,የቡግንጅ በሽታ በቤት ውስጥ እንዴት ማከም ይቻላል?,የግል ንፅህና በአግባቡ መጠበቅ,description
ታይፎይድ መንስኤዉ ምንድን ነዉ?,ህመሙ የሚከሰተዉ ሳልሞኔላ ታይፊ በሚባል የባክቴሪ አይነት ሲሆን ህመሙ ከታማሚዉ ሰዉ ወደ ጤነኛዉ ሰዉ በተበከለ ዉሃና ምግብ አማካይነት ይተላለፋል፡፡,description,ታይፎይድ መንስኤዉ ምንድን ነዉ?,ህመሙ የሚከሰተዉ ሳልሞኔላ ታይፊ በሚባል የባክቴሪ አይነት ሲሆን ህመሙ ከታማሚዉ ሰዉ ወደ ጤነኛዉ ሰዉ በተበከለ ዉሃና ምግብ አማካይነት ይተላለፋል፡፡,description
የታይፎይድ በሽታ ምልክቱን ዘርዝር, ከፍተኛ ትኩሳት ፣ድካም ፣የሆድህመም፣ራስ ምታት፣የምግብ ፍላጎት መቀነስ,list,የታይፎይድ በሽታ ምልክቱን ዘርዝር,ከፍተኛ ትኩሳት ፣ድካም ፣የሆድህመም፣ራስ ምታት፣የምግብ ፍላጎት መቀነስ,list
የታይፎይድ በሽታ ምልክቶቹ መቸ ይታያል?,ምልክቶቹ በሶስት ሳምንታት ውስጥ ይታያሉ ,factoid,የታይፎይድ በሽታ ምልክቶቹ መቸ ይታያል?,ምልክቶቹ በሶስት ሳምንታት ውስጥ ይታያሉ,factoid
ታይፈስ ምንድን ነው?,ታይፊስ ከአንድ ወይም ከዚያ በላይ በሆነ ሪኬትቲክ ባክቴሪያ ውስጥ በመያዝ የሚመጣ በሽታ ነው ፡፡ ,description,ታይፈስ ምንድን ነው?,ታይፊስ ከአንድ ወይም ከዚያ በላይ በሆነ ሪኬትቲክ ባክቴሪያ ውስጥ በመያዝ የሚመጣ በሽታ ነው ፡፡,description
ታይፈስ ምልክቱነን ጥቀስ,የሆድ ህመም ፣ ሽፍታ ፣ ከፍተኛ፣ትኩሳት ፣ ሳል ፣ ራስ ምታት ፣የመገጣጠሚያ እና የጡንቻ ህመም,list,ታይፈስ ምልክቱነን ጥቀስ,የሆድ ህመም ፣ ሽፍታ ፣ ከፍተኛ፣ትኩሳት ፣ ሳል ፣ ራስ ምታት ፣የመገጣጠሚያ እና የጡንቻ ህመም,list
የታይፎይድ በሽታ ህክምናዉ ምንድን ነዉ?,የታይፎይድ ሕክምና ፈሳሾችን እና ኤሌክትሮላይቶችን እንዲሁም ዝቅተኛ ደረጃ ያላቸው አንቲባዮቲኮችን በመስጠት ይታከማል ፡፡,description,የታይፎይድ በሽታ ህክምናዉ ምንድን ነዉ?,የታይፎይድ ሕክምና ፈሳሾችን እና ኤሌክትሮላይቶችን እንዲሁም ዝቅተኛ ደረጃ ያላቸው አንቲባዮቲኮችን በመስጠት ይታከማል ፡፡,description
የታይፎይድ በሽታ መከላከያዉ ምንድን ነዉ?,"የግል ንጽሕናን በሚገባ መጠበቅ፣ከሽንት ቤት ሲወጡ እጅን በሳሙና እና በውሀ መታጠብ
",description,የታይፎይድ በሽታ መከላከያዉ ምንድን ነዉ?,የግል ንጽሕናን በሚገባ መጠበቅ፣ከሽንት ቤት ሲወጡ እጅን በሳሙና እና በውሀ መታጠብ,description
የጥቁር አዝሙድን ጥቅም ዘርዝር,ጥቁር አዝሙድ ለሆድ ትላትል፣ለፀጉር መሳሳት፣ለደረቅ ሳል፣ለዓይን ህመም እና ለእይታ ችግር,list,የጥቁር አዝሙድን ጥቅም ዘርዝር,ጥቁር አዝሙድ ለሆድ ትላትል፣ለፀጉር መሳሳት፣ለደረቅ ሳል፣ለዓይን ህመም እና ለእይታ ችግር,list
የቀረፋን ጥቅም ዘርዝር,ቀረፋ እንደ ሳል፣ ጉንፋን፣ የምግብ መፈጨት ችግር፣ የጡንቻ መሳሳብን የመሳሰሉት ችግሮች ለመቅረፍ ይረዳል፡፡ ,list,የቀረፋን ጥቅም ዘርዝር,ቀረፋ እንደ ሳል፣ ጉንፋን፣ የምግብ መፈጨት ችግር፣ የጡንቻ መሳሳብን የመሳሰሉት ችግሮች ለመቅረፍ ይረዳል፡፡,list
የቅርንፉድ ጥቅም ዘርዝር,ቅርንፉድ ለሳል እና ጉንፋን በሽታዎች፣አፋችን ንጹህና ጥሩ ማዕዛ እንዲኖረው ያደርጋል፡፡,list,የቅርንፉድ ጥቅም ዘርዝር,ቅርንፉድ ለሳል እና ጉንፋን በሽታዎች፣አፋችን ንጹህና ጥሩ ማዕዛ እንዲኖረው ያደርጋል፡፡,list
የአብሽ ጥቅም ዘርዝር,አብሽ ለቆዳ፣ለጸጉር እና የተለያዩ የጤና ጠቀሜታዎች ይጠቅማል፡፡,list,የአብሽ ጥቅም ዘርዝር,አብሽ ለቆዳ፣ለጸጉር እና የተለያዩ የጤና ጠቀሜታዎች ይጠቅማል፡፡,list
ኤች.አይ.ቪ ምንድን ነዉ?,ኤች.አይ.ቪ ማለት በሽታ ተከላካይ የሆኑ ነጭ የደም ሴሎችን በተለይም ሲዲ ፎር ሊንፎሳይትስ የተባሉትን በመቀነስ ቀስ በቀስ የሰውነታችንን በሽታ የመከላከል አቅም አዳክሞ ለሌሎች ተደራራቢ በሽታዎች አሳልፎ የሚሰጥ የሰውን ልጅ ብቻ የሚያጠቃ ቫይረስ ነው፡፡ ,description,ኤች.አይ.ቪ ምንድን ነዉ?,ኤች.አይ.ቪ ማለት በሽታ ተከላካይ የሆኑ ነጭ የደም ሴሎችን በተለይም ሲዲ ፎር ሊንፎሳይትስ የተባሉትን በመቀነስ ቀስ በቀስ የሰውነታችንን በሽታ የመከላከል አቅም አዳክሞ ለሌሎች ተደራራቢ በሽታዎች አሳልፎ የሚሰጥ የሰውን ልጅ ብቻ የሚያጠቃ ቫይረስ ነው፡፡,description
አንድ ሰው ኤች.አይ.ቪ እንዳለበት በምን ይታወቃል?,አንድ ሰው ኤች.አይ.ቪ በደሙ ውስጥ መኖሩ ሊታወቅ የሚችለው በደም ምርመራ ብቻ ነው፡፡ ,description,አንድ ሰው ኤች.አይ.ቪ እንዳለበት በምን ይታወቃል?,አንድ ሰው ኤች.አይ.ቪ በደሙ ውስጥ መኖሩ ሊታወቅ የሚችለው በደም ምርመራ ብቻ ነው፡፡,description
የኤች.አይ.ቪ መተላለፊያ መንገዶች ምንምን ናቸው?,ጥንቃቄ የጎደለው የግብረ ሥጋ ግንኙነት፣ የተለገሠ ደም ሳይመረመር ለሌላ ሕመምተኛ ከተሰጠ ,list,የኤች.አይ.ቪ መተላለፊያ መንገዶች ምንምን ናቸው?,ጥንቃቄ የጎደለው የግብረ ሥጋ ግንኙነት፣ የተለገሠ ደም ሳይመረመር ለሌላ ሕመምተኛ ከተሰጠ,list
ኤች.አይ.ቪ የማይተላለፍባቸው መንገዶች ዘርዝር,አብሮ በመስራት፣ አብሮ በመብላትና በመጠጣት,list,ኤች.አይ.ቪ የማይተላለፍባቸው መንገዶች ዘርዝር,አብሮ በመስራት፣ አብሮ በመብላትና በመጠጣት,list
ኤች.አይ.ቪ ምልክቱ ምንድን ነዉ?,ማቅለሽለሽ፣ ማስመለስ እና ተቅማጥ ,description,ኤች.አይ.ቪ ምልክቱ ምንድን ነዉ?,ማቅለሽለሽ፣ ማስመለስ እና ተቅማጥ,description
የጆሮ ህመም ምንድን ነዉ?,የጆሮ ኢንፌክሽን በባክቴሪያ እና በቫይረስ አማካኝነት የሚከሰት ነው ፡፡ ,description,የጆሮ ህመም ምንድን ነዉ?,የጆሮ ኢንፌክሽን በባክቴሪያ እና በቫይረስ አማካኝነት የሚከሰት ነው ፡፡,description
የጆሮ ህመም በቤት ዉስጥ ህክምናዉ ምንድን ነዉ?,ጨው፣ ቀይ እና ነጭ ሽንኩርት፣ የወይራ ዘይት፣ ለብ ያለ ውሃ እና የማንጎ ቅጠልን በመጠቀም ማከም እና ፈውስ ማግኘት ይቻላል።,description,የጆሮ ህመም በቤት ዉስጥ ህክምናዉ ምንድን ነዉ?,ጨው፣ ቀይ እና ነጭ ሽንኩርት፣ የወይራ ዘይት፣ ለብ ያለ ውሃ እና የማንጎ ቅጠልን በመጠቀም ማከም እና ፈውስ ማግኘት ይቻላል።,description
የጆሮ ህመም ምልክቱ ምንድን ነዉ?,"ከፍተኛ የጆሮ ህመም፣የጆሮ የመደፈን ስሜት፣ከጆሮ የሚወጣ ፈሳሽ
",description,የጆሮ ህመም ምልክቱ ምንድን ነዉ?,ከፍተኛ የጆሮ ህመም፣የጆሮ የመደፈን ስሜት፣ከጆሮ የሚወጣ ፈሳሽ,description
የጆሮ ህመም መንስኤ ዘርዝር,ከፍተኛ ነፋስ፣የጆሮ ማዳመጫዎች፣የጆሮ አፀዳድ ሁኔታችን በጣም ወደ ውስጥ ገብተን የምናፀዳ ከሆነ,list,የጆሮ ህመም መንስኤ ዘርዝር,ከፍተኛ ነፋስ፣የጆሮ ማዳመጫዎች፣የጆሮ አፀዳድ ሁኔታችን በጣም ወደ ውስጥ ገብተን የምናፀዳ ከሆነ,list
የጆሮ ህመም መፍትሄዉ ምንድን ነዉ?,የጆሮ እርጥበትን ማስወገድ(መከላከል)፣ህመምን (ግፊቱን) ለማስታገስ ቀጥ ብሎ መቀመጥ,description,የጆሮ ህመም መፍትሄዉ ምንድን ነዉ?,የጆሮ እርጥበትን ማስወገድ(መከላከል)፣ህመምን (ግፊቱን) ለማስታገስ ቀጥ ብሎ መቀመጥ,description
ኤርፎን አዘወትሮ መጠቀም የሚያስከትላቸው የጤና ጉዳቶችን ዘርዝር,ለጆሮ ኢንፌክሽን እንድንጋለጥ ያደርጋል፣ኢርፎን ጆራችን ላይ በምንሰካበት ወቅት የአየር መተላለፊያውን ይዘጋብናል ስለዚህ በቂ አየር እንዳይዘዋወር ያደርጋል በዚህ ምክንያት የጆሮ ቀዳዶች ላይ ጉዳት ይደርሳል።,list,ኤርፎን አዘወትሮ መጠቀም የሚያስከትላቸው የጤና ጉዳቶችን ዘርዝር,ለጆሮ ኢንፌክሽን እንድንጋለጥ ያደርጋል፣ኢርፎን ጆራችን ላይ በምንሰካበት ወቅት የአየር መተላለፊያውን ይዘጋብናል ስለዚህ በቂ አየር እንዳይዘዋወር ያደርጋል በዚህ ምክንያት የጆሮ ቀዳዶች ላይ ጉዳት ይደርሳል።,list
የጆሮ ጩኸት ማለት ምን ማለት ነዉ?,የጆሮ ጬኸት ማለት ምንም አይነት ድምጽ በአካባቢው ላይ ሳይኖር ነገር ግን ጆሮአችን ውስጥ የምንሰማው ድምጽ ሲኖር ማለት ነው።,definition,የጆሮ ጩኸት ማለት ምን ማለት ነዉ?,የጆሮ ጬኸት ማለት ምንም አይነት ድምጽ በአካባቢው ላይ ሳይኖር ነገር ግን ጆሮአችን ውስጥ የምንሰማው ድምጽ ሲኖር ማለት ነው።,definition
የማዲያት ምክነያት ምንድን ነዉ?,ማዲያት አብዛኛውን ግዜ የሚከሰተው በሆርሞኖች መዛባት ምክንያት ነው፡፡,description,የማዲያት ምክነያት ምንድን ነዉ?,ማዲያት አብዛኛውን ግዜ የሚከሰተው በሆርሞኖች መዛባት ምክንያት ነው፡፡,description
የማዲያት ህክምናዉ ምንድን ነዉ?,ሎሚ፡- አሲድ እና ቪታሚን ሲ ስላለው ቆሻሻን በማውጣት ቆዳን ይጠግናል፡፡ ,description,የማዲያት ህክምናዉ ምንድን ነዉ?,ሎሚ፡- አሲድ እና ቪታሚን ሲ ስላለው ቆሻሻን በማውጣት ቆዳን ይጠግናል፡፡,description
የማዲያት መከላከያዉ ምንድን ነዉ?,ራስን ከፀሀይ ጨረርና ቆዳን ከሚጐዱ ኮስሞቲክስ ማራቅ,description,የማዲያት መከላከያዉ ምንድን ነዉ?,ራስን ከፀሀይ ጨረርና ቆዳን ከሚጐዱ ኮስሞቲክስ ማራቅ,description
የኪንታሮት ምክነያት ምንድን ነዉ?,ለረጅም ሰዓታት በመፀዳጃ ቤት መቀመጥ,description,የኪንታሮት ምክነያት ምንድን ነዉ?,ለረጅም ሰዓታት በመፀዳጃ ቤት መቀመጥ,description
የኪንታሮት ምልክቱ ምንድን ነዉ?,ሕመም ወይንም አለመመቸት፣በፊንጢጣ አካባቢ እብጠት ናቸዉ፡፡,description,የኪንታሮት ምልክቱ ምንድን ነዉ?,ሕመም ወይንም አለመመቸት፣በፊንጢጣ አካባቢ እብጠት ናቸዉ፡፡,description
ኪንታሮት የሚያስከትለው ተያያዥ ጉዳቶች ምንምን ናቸዉ?,ኪንታሮት ለውስጣዊ ሄሞሮይድ የሚደርሰው የደም ፍሰት መጠን ሲቀንስ ከፍተኛ የሆነ ሕመምን ያስከትላል፡፡ ,list,ኪንታሮት የሚያስከትለው ተያያዥ ጉዳቶች ምንምን ናቸዉ?,ኪንታሮት ለውስጣዊ ሄሞሮይድ የሚደርሰው የደም ፍሰት መጠን ሲቀንስ ከፍተኛ የሆነ ሕመምን ያስከትላል፡፡,list
የኪንታሮት የቤት ዉስጥ ህክምናዉ ምንምን ናቸዉ?,በፋይበር የበለፀጉ ምግቦችን ማዘውተር - አትክልት፣ፍራፍሬዎችን መመገብ ሠገራን በማለስለስ ማስማጥ እንዳይኖር ያድርጋል፡፡,list,የኪንታሮት የቤት ዉስጥ ህክምናዉ ምንምን ናቸዉ?,በፋይበር የበለፀጉ ምግቦችን ማዘውተር - አትክልት፣ፍራፍሬዎችን መመገብ ሠገራን በማለስለስ ማስማጥ እንዳይኖር ያድርጋል፡፡,list
ትኩሳት ማለት ምን ማለት ነዉ?,ትኩሳት የሚባለው የሰዉነት ሙቀት ከኖርማል በላይ ከፍ ሲል ወይም ሲጨምር ነዉ፡፡ ,definition,ትኩሳት ማለት ምን ማለት ነዉ?,ትኩሳት የሚባለው የሰዉነት ሙቀት ከኖርማል በላይ ከፍ ሲል ወይም ሲጨምር ነዉ፡፡,definition
ትኩሳት ምልክቱን ዘርዝር,ማላብ፣የራስ ምታት፣የምግብ ፍላጎት መቀነስ,list,ትኩሳት ምልክቱን ዘርዝር,ማላብ፣የራስ ምታት፣የምግብ ፍላጎት መቀነስ,list
የትኩሳትዎ መጠን በጣም ከፍተኛ የሚባለዉ ስንት ነዉ?,ከ39.4°C እስከ 41.1°C,factoid,የትኩሳትዎ መጠን በጣም ከፍተኛ የሚባለዉ ስንት ነዉ?,ከ39.4°C እስከ 41.1°C,factoid
የትኩሳት አጋላጮች ምንምን ናቸዉ?,የቫይረስ ኢንፌክሽን፣የባክቴሪያል እንፌክሽን፣በከፍተኛ ሙቀት፣ የፀሃይ ቃጠሎ,list,የትኩሳት አጋላጮች ምንምን ናቸዉ?,የቫይረስ ኢንፌክሽን፣የባክቴሪያል እንፌክሽን፣በከፍተኛ ሙቀት፣ የፀሃይ ቃጠሎ,list
በትኩሳት ምክንያት ሊከሰቱ የሚችሉ ጉዳቶች ዘርዝር ,ከፍተኛ ደረጃ የደረሰ የሰዉነት ድርቀት፣መቃዠት,list,በትኩሳት ምክንያት ሊከሰቱ የሚችሉ ጉዳቶች ዘርዝር,ከፍተኛ ደረጃ የደረሰ የሰዉነት ድርቀት፣መቃዠት,list
በትኩሳት መፍትሄዉ ምንድን ነዉ?,በቂ ፈሳሽ መዉሰድ፡- ትኩሳት የሰዉነትዎ ፈሳሽ እንዲቀንስ ስለሚያደርግ,description,በትኩሳት መፍትሄዉ ምንድን ነዉ?,በቂ ፈሳሽ መዉሰድ፡- ትኩሳት የሰዉነትዎ ፈሳሽ እንዲቀንስ ስለሚያደርግ,description
ጋንግሪን ማለት ምን ማለት ነዉ?,ጋንግሪን አንድ የሰውነት ክፍል ደም አጥሮት ምግብና ኦክስጅን አልደርሰው ብሎ  ከሙሉ አካላችን ተለይቶ የተወሰነ የሰውነታችን ክፍል እየሞተ ወይም በድን እየሆነ መምጣት ማለት ነው፡፡,definition,ጋንግሪን ማለት ምን ማለት ነዉ?,ጋንግሪን አንድ የሰውነት ክፍል ደም አጥሮት ምግብና ኦክስጅን አልደርሰው ብሎ  ከሙሉ አካላችን ተለይቶ የተወሰነ የሰውነታችን ክፍል እየሞተ ወይም በድን እየሆነ መምጣት ማለት ነው፡፡,definition
ጋንግሪን ምልክቶች ምንምን ናቸዉ?,የደም ዝውውር መቋረጥ,list,ጋንግሪን ምልክቶች ምንምን ናቸዉ?,የደም ዝውውር መቋረጥ,list
የጋንግሪን ምክነያት ምንምን ናቸዉ?,የደም ስር ጥበት፣የቁስል ማመርቀዝ ወይም ኢንፌክሽን ከተፈጠረ,list,የጋንግሪን ምክነያት ምንምን ናቸዉ?,የደም ስር ጥበት፣የቁስል ማመርቀዝ ወይም ኢንፌክሽን ከተፈጠረ,list
ጋንግሪን ህክምናዉ ምንድን ነዉ?,ጋንግሪን የሞተ የአካል ክፍል በመሆኑ የተጠቃውን በድን አካል ማስወገድ ብቻ ነው,description,ጋንግሪን ህክምናዉ ምንድን ነዉ?,ጋንግሪን የሞተ የአካል ክፍል በመሆኑ የተጠቃውን በድን አካል ማስወገድ ብቻ ነው,description
የትርፍ አንጀት ምክነያት ምንድን ነዉ?,የትርፍ አንጀት ሕመም የሚመጣው በትርፍ አንጀትና በትልቁ አንጀት መካከል የሚገኘው አንገት ሲዘጋ ነው፡፡,description,የትርፍ አንጀት ምክነያት ምንድን ነዉ?,የትርፍ አንጀት ሕመም የሚመጣው በትርፍ አንጀትና በትልቁ አንጀት መካከል የሚገኘው አንገት ሲዘጋ ነው፡፡,description
ትርፍ አንጀት ምልክቱ ምንድን ነዉ?,ከእምብርት አካባቢ ጀምሮ ወደ ታችኛው የቀኝ የሆድ ክፍል የሚወርድ የህመም ስሜት,description,ትርፍ አንጀት ምልክቱ ምንድን ነዉ?,ከእምብርት አካባቢ ጀምሮ ወደ ታችኛው የቀኝ የሆድ ክፍል የሚወርድ የህመም ስሜት,description
ትርፍ አንጀት ህክምናዉ ምንድን ነዉ?,በቀዶ ጥገና የትርፍ አንጀቱን ቆርጦ ማውጣት ,description,ትርፍ አንጀት ህክምናዉ ምንድን ነዉ?,በቀዶ ጥገና የትርፍ አንጀቱን ቆርጦ ማውጣት,description
የሚጥል በሽታ ማለት ምን ማለት ነዉ?,የሚጥል በሽታ የአእምሮአችን ህዋሳት ከትክክለኛው ስርአት በተለየና በበዛ መልኩ ሲነቃቁ የሚከሰት በሽታ ነው። ,definition,የሚጥል በሽታ ማለት ምን ማለት ነዉ?,የሚጥል በሽታ የአእምሮአችን ህዋሳት ከትክክለኛው ስርአት በተለየና በበዛ መልኩ ሲነቃቁ የሚከሰት በሽታ ነው።,definition
አንድ ሰው የሚጥል በሽታ አለበት ለማለት ምልክቶቹ ቢያንስ ስንት ጊዜ መከሰት ይኖርባቸዋል?,ሁለት,factoid,አንድ ሰው የሚጥል በሽታ አለበት ለማለት ምልክቶቹ ቢያንስ ስንት ጊዜ መከሰት ይኖርባቸዋል?,ሁለት,factoid
የሚጥል በሽታ ምልክቱ ምንድን ነዉ?,ክስተቱ ከቁጥጥር ውጪ የሆነ ማንቀጥቀጥና ራስን መሳት ያስከትላል፡፡ ,description,የሚጥል በሽታ ምልክቱ ምንድን ነዉ?,ክስተቱ ከቁጥጥር ውጪ የሆነ ማንቀጥቀጥና ራስን መሳት ያስከትላል፡፡,description
የሚጥል በሽታ መንስኤ ምንድን ነዉ?,ከዘር የመጣ ከሆነ፣ተፈጥሮአዊ በሆነ የአዕምሮ እክል,description,የሚጥል በሽታ መንስኤ ምንድን ነዉ?,ከዘር የመጣ ከሆነ፣ተፈጥሮአዊ በሆነ የአዕምሮ እክል,description
የሚጥል በሽታ ያጋጠመውን ሰው ለመርዳት ምን እናድርግ?,ጭንቅላቱን አለመዘቅዘቅ ወይም አስጨንቆ አለመያዝ,description,የሚጥል በሽታ ያጋጠመውን ሰው ለመርዳት ምን እናድርግ?,ጭንቅላቱን አለመዘቅዘቅ ወይም አስጨንቆ አለመያዝ,description
ቶንሲል ማለት ምን ማለት ነዉ?,ቶንሲል በባክቴሪያ ወይም በቫይረስ አማካኝነት የሚከሰት ሲሆን የቶንሲል እጢዎችን የማሳበጥና ጉሮሮን የመከርከር ባህሪ አለው። ,definition,ቶንሲል ማለት ምን ማለት ነዉ?,ቶንሲል በባክቴሪያ ወይም በቫይረስ አማካኝነት የሚከሰት ሲሆን የቶንሲል እጢዎችን የማሳበጥና ጉሮሮን የመከርከር ባህሪ አለው።,definition
ቶንሲል ምልክቱ ምንድን ነዉ?,ከምላሱ ኋላ በግራና ቀኝ የጉሮሮ ግድግዳዎች ላይ እብጠትና ቅላት ይታያል፡፡,description,ቶንሲል ምልክቱ ምንድን ነዉ?,ከምላሱ ኋላ በግራና ቀኝ የጉሮሮ ግድግዳዎች ላይ እብጠትና ቅላት ይታያል፡፡,description
የቶንሲል መንስኤ ምንድን ነዉ?,ከቶንሲል ጀርባ ያሉ አካላት ላይ መግል መያዝ፣የሳንባ ምች (ኒሞኒያ),description,የቶንሲል መንስኤ ምንድን ነዉ?,ከቶንሲል ጀርባ ያሉ አካላት ላይ መግል መያዝ፣የሳንባ ምች (ኒሞኒያ),description
የቶንሲል ህክምናዉ ምንድን ነዉ?,የቶንሲል ህመምን የተለያዩ መድሃኒቶችን በመውሰድ መዳን የሚቻል ሲሆን፣ ብዙ ጊዜ በቤት ውስጥ በሚዘጋጁ ነገሮች በቀላሉ ማከም እንደሚቻል ይታወቃል።,description,የቶንሲል ህክምናዉ ምንድን ነዉ?,የቶንሲል ህመምን የተለያዩ መድሃኒቶችን በመውሰድ መዳን የሚቻል ሲሆን፣ ብዙ ጊዜ በቤት ውስጥ በሚዘጋጁ ነገሮች በቀላሉ ማከም እንደሚቻል ይታወቃል።,description
የአባላዘር በሸታዎች ማለት ምን ማለት ነዉ?,የአባላዘር በሸታዎች ማለት በግብረ ሥጋ ግንኙነት ወይም በጠለቀ አካላዊ ንክኪ የሚተላለፉ በሽታዎች ናቸው ፡፡,definition,የአባላዘር በሸታዎች ማለት ምን ማለት ነዉ?,የአባላዘር በሸታዎች ማለት በግብረ ሥጋ ግንኙነት ወይም በጠለቀ አካላዊ ንክኪ የሚተላለፉ በሽታዎች ናቸው ፡፡,definition
የአባላዘር በሸታዎች መተላለፊያ መንገዱ ምንድን ነዉ?,የአባላዘር በሽታዎች የአባላዘር በሽታ ከያዘው ሰው ወደ ጤነኛ ሰው በወሲብ ወቅት ይተላለፋሉ ,description,የአባላዘር በሸታዎች መተላለፊያ መንገዱ ምንድን ነዉ?,የአባላዘር በሽታዎች የአባላዘር በሽታ ከያዘው ሰው ወደ ጤነኛ ሰው በወሲብ ወቅት ይተላለፋሉ,description
የአባላዘር በሸታዎች አይነቶችን ዘርዝር,ጨብጥ፣ቂጥኝ፣ከርክር,list,የአባላዘር በሸታዎች አይነቶችን ዘርዝር,ጨብጥ፣ቂጥኝ፣ከርክር,list
የአባላዘር በሸታዎች ምልክቱ ምንድን ነዉ?,ብልት ቆዳ ላይ የሚፈጠር ውሃ ያዘለ ወይም የጎደጎደ ቁስል,description,የአባላዘር በሸታዎች ምልክቱ ምንድን ነዉ?,ብልት ቆዳ ላይ የሚፈጠር ውሃ ያዘለ ወይም የጎደጎደ ቁስል,description
የአባላዘር በሸታዎች መፍትሄዉ ምንድን ነዉ?,የአባላዘር በሽታዎች በመድኀኒት የሚድኑ ሲሆን ይህም የሚሆነው የወሲብ ጓደኛችንም ተመርምሮ እና የታዘዘልንን መድኀኒት ጨርሰን ስንወስድ ነው፡፡ ,description,የአባላዘር በሸታዎች መፍትሄዉ ምንድን ነዉ?,የአባላዘር በሽታዎች በመድኀኒት የሚድኑ ሲሆን ይህም የሚሆነው የወሲብ ጓደኛችንም ተመርምሮ እና የታዘዘልንን መድኀኒት ጨርሰን ስንወስድ ነው፡፡,description
የወገብ ህመም ምክነያት ምንድን ነዉ?,የወገብ አጥንት መዛነፍ፣ የመገጣጠሚያ አካባቢዎች መቆጣት፣ለብዙ ሰዓት መቆም,description,የወገብ ህመም ምክነያት ምንድን ነዉ?,የወገብ አጥንት መዛነፍ፣ የመገጣጠሚያ አካባቢዎች መቆጣት፣ለብዙ ሰዓት መቆም,description
የወገብ ህመም ሲፈጠር ወደ ሀኪም መሄድ የሚያስፈልጉ ጊዜዎችን ዘርዘር,ህመሙ በጣም እየባሰ መሄድና በእረፍት ወይንም በአቀማመጥ የማይሻል ከሆነ,list,የወገብ ህመም ሲፈጠር ወደ ሀኪም መሄድ የሚያስፈልጉ ጊዜዎችን ዘርዘር,ህመሙ በጣም እየባሰ መሄድና በእረፍት ወይንም በአቀማመጥ የማይሻል ከሆነ,list
የወገብ ህመም ህክምናዉ ምንድን ነዉ?,የእንቅሳቃሴ ህክምና (ፊዚዮቴራፒ) በማድረግ ማስተካከል ይቻላል፡፡,description,የወገብ ህመም ህክምናዉ ምንድን ነዉ?,የእንቅሳቃሴ ህክምና (ፊዚዮቴራፒ) በማድረግ ማስተካከል ይቻላል፡፡,description
የወገብ ህመም መከላከያዉ ምንድን ነዉ?,በተቻለዎት መጠን ይንቀሳቀሳሉ ምክንያቱም እንቅስቃሴ ባደረጉ ቁጥር የወገብ ህመም የመሻል እድሉ እየጨመረ ይሄዳል፡፡,description,የወገብ ህመም መከላከያዉ ምንድን ነዉ?,በተቻለዎት መጠን ይንቀሳቀሳሉ ምክንያቱም እንቅስቃሴ ባደረጉ ቁጥር የወገብ ህመም የመሻል እድሉ እየጨመረ ይሄዳል፡፡,description
መርዝ ምንድን ነዉ?,መርዝ ወደ ሰውነት ውስጥ ሲገባ ወይም ቆዳ ላይ ሲያርፍ፣ ወደ ደም ስሮች ሰርጎ በመግባትና ሕዋሳትን በመመረዝ የጤና መታወክ ወይም የሞት አደጋ ሊያስከትል ይችላል፡፡ ,description,መርዝ ምንድን ነዉ?,መርዝ ወደ ሰውነት ውስጥ ሲገባ ወይም ቆዳ ላይ ሲያርፍ፣ ወደ ደም ስሮች ሰርጎ በመግባትና ሕዋሳትን በመመረዝ የጤና መታወክ ወይም የሞት አደጋ ሊያስከትል ይችላል፡፡,description
የመርዝ አጋላጮች ምንምን ናቸዉ?,ማንኛውም ሰው በመብላት ወይም በመጠጣት፣ በማሽተት፣ በንክኪ፣ በመወጋት ወይም በመነደፍ ለመመረዝ አደጋ ሊጋለጥ ይችላል፡፡ ,list,የመርዝ አጋላጮች ምንምን ናቸዉ?,ማንኛውም ሰው በመብላት ወይም በመጠጣት፣ በማሽተት፣ በንክኪ፣ በመወጋት ወይም በመነደፍ ለመመረዝ አደጋ ሊጋለጥ ይችላል፡፡,list
መርዝ ህክምናዉ ምንድን ነዉ?,ለመመረዝ አደጋ የሚሰጠው የሕክምና እርዳታ የመርዙን በሰውነት ውስጥ መሰራጨት ለመቀነስ ወይም ለማስወገድ እንዲሁም የትንፋሽ መቋረጥ ለደረሰበት ግለሰብ የሰው ሰራሽ አተነፋፈስ እርዳታ ለመስጠት ነው፡፡ ,description,መርዝ ህክምናዉ ምንድን ነዉ?,ለመመረዝ አደጋ የሚሰጠው የሕክምና እርዳታ የመርዙን በሰውነት ውስጥ መሰራጨት ለመቀነስ ወይም ለማስወገድ እንዲሁም የትንፋሽ መቋረጥ ለደረሰበት ግለሰብ የሰው ሰራሽ አተነፋፈስ እርዳታ ለመስጠት ነው፡፡,description
ጥንቃቄ የሚያስፈልጋቸው የታወቁ የመርዝ አይነቶችን ዘርዝር,"የአይጥ መርዝ፣ዲዲቲና ተመሳሳይ የተባይ ማጥፊያ መድኃኒቶች፣
",list,ጥንቃቄ የሚያስፈልጋቸው የታወቁ የመርዝ አይነቶችን ዘርዝር,የአይጥ መርዝ፣ዲዲቲና ተመሳሳይ የተባይ ማጥፊያ መድኃኒቶች፣,list
መርዝ መከላከያዉ ምንድን ነዉ?,መርዛማ ነገሮችን በሰውነት ውስጥ ለማርከስ ወይም ለመምጠጥ ከሻይ(ታኒክ አሲድ ስላለው) እና ከከሰል ማዘጋጀት እንችላለን፤ ,description,መርዝ መከላከያዉ ምንድን ነዉ?,መርዛማ ነገሮችን በሰውነት ውስጥ ለማርከስ ወይም ለመምጠጥ ከሻይ(ታኒክ አሲድ ስላለው) እና ከከሰል ማዘጋጀት እንችላለን፤,description
አልማዝ ባለጭራ ምንድን ነዉ?,በግማሽ የሰውነት ክፍል ላይ በድንገት የሚወጣ ሽፍታ ሲሆን በአገራችን አባባሉ ሳይንሳዊ መሰረት ባይኖረውም አልማዝ ባለጭራ እየተባለ ይጠራል፤,description,አልማዝ ባለጭራ ምንድን ነዉ?,በግማሽ የሰውነት ክፍል ላይ በድንገት የሚወጣ ሽፍታ ሲሆን በአገራችን አባባሉ ሳይንሳዊ መሰረት ባይኖረውም አልማዝ ባለጭራ እየተባለ ይጠራል፤,description
የአልማዝ ባለጭራ መንስኤ ምንድን ነዉ?,ኸርፐስ እየተባለ የሚጠራው በሽታ በዓለማችን በስፋት የሚከሰት ሲሆን መንስኤው የቫይረስ ልክፍት ነው፤ ,description,የአልማዝ ባለጭራ መንስኤ ምንድን ነዉ?,ኸርፐስ እየተባለ የሚጠራው በሽታ በዓለማችን በስፋት የሚከሰት ሲሆን መንስኤው የቫይረስ ልክፍት ነው፤,description
የአልማዝ ባለጭራ ምልክቱ ምንምን ነዉ?,ሽፍታው ውኃ ቋጥሮ በጣም የሚያም ነው፤ አብዛኛውን ጊዜ በጀርባ፣ በማጅራት፣ በደረት ወይም በፊት ላይ ይወጣል፡፡ ,list,የአልማዝ ባለጭራ ምልክቱ ምንምን ነዉ?,ሽፍታው ውኃ ቋጥሮ በጣም የሚያም ነው፤ አብዛኛውን ጊዜ በጀርባ፣ በማጅራት፣ በደረት ወይም በፊት ላይ ይወጣል፡፡,list
የአልማዝ ባለጭራ ህክምናዉ ምንድን ነዉ?,የፀረ ቫይረስ መድኃኒቶች ሊታዘዙና ሊወሰዱ ይችላሉ፡፡,description,የአልማዝ ባለጭራ ህክምናዉ ምንድን ነዉ?,የፀረ ቫይረስ መድኃኒቶች ሊታዘዙና ሊወሰዱ ይችላሉ፡፡,description
የአልማዝ ባለጭራ የት ሊከሰት ይችላል?,በአፍ አካባቢ፣በፆታ ብልቶች,description,የአልማዝ ባለጭራ የት ሊከሰት ይችላል?,በአፍ አካባቢ፣በፆታ ብልቶች,description
የአጥንት መሳሳት ችግር ምንድን ነዉ?,የአጥንት መሳሳት ችግር በሁሉም  የህብረተሰብ  ክፍሎች  ላይ  ሊከሰት የሚችል የበሽታ አይነት ነው ። ብዙ ጊዜ በዚህ ምክንያት ሊከሰት የሚችለው የአጥንት መሰበር አደጋ  በዳሌ ፣ በእጅ አንጓ ፣ በአከርካሪ  አጥንት አካባቢዎች ላይ ነው ።,description,የአጥንት መሳሳት ችግር ምንድን ነዉ?,የአጥንት መሳሳት ችግር በሁሉም  የህብረተሰብ  ክፍሎች  ላይ  ሊከሰት የሚችል የበሽታ አይነት ነው ። ብዙ ጊዜ በዚህ ምክንያት ሊከሰት የሚችለው የአጥንት መሰበር አደጋ  በዳሌ ፣ በእጅ አንጓ ፣ በአከርካሪ  አጥንት አካባቢዎች ላይ ነው ።,description
የአጥንት መሳሳት ችግር ስንት ዓመት የሆናቸው የህብረተሰብ ክፍሎች ላይ የመከሰት እድሉ ሰፊ ነዉ?,ከ 50 እስከ 60 ዓመት ,factoid,የአጥንት መሳሳት ችግር ስንት ዓመት የሆናቸው የህብረተሰብ ክፍሎች ላይ የመከሰት እድሉ ሰፊ ነዉ?,ከ 50 እስከ 60 ዓመት,factoid
የአጥንት መሳሳት ችግር ምክነያት ምንድን ነዉ?,የአጥንት መገጣጠሚያዎች ችግር 60 በመቶ ያህል የሚሆነው የሚመጣው በቤተሰብ የዘር ሐረግ መሃል ሊኖር በሚችል ተመሳሳይ ችግር ምክንያት ነው ፡፡,description,የአጥንት መሳሳት ችግር ምክነያት ምንድን ነዉ?,የአጥንት መገጣጠሚያዎች ችግር 60 በመቶ ያህል የሚሆነው የሚመጣው በቤተሰብ የዘር ሐረግ መሃል ሊኖር በሚችል ተመሳሳይ ችግር ምክንያት ነው ፡፡,description
የአጥንት መሳሳት ችግር ምልክቱ ምንድን ነዉ?,ጡንቻዎችን የመለብለብ ስሜት መኖር፣በመገጣጠሚያዎች አካባቢ በተለይ በታፈነና በቀዝቃዛ የአየር ሁኔታዎች ወቅት የሚኖር የህመም ስሜት,description,የአጥንት መሳሳት ችግር ምልክቱ ምንድን ነዉ?,ጡንቻዎችን የመለብለብ ስሜት መኖር፣በመገጣጠሚያዎች አካባቢ በተለይ በታፈነና በቀዝቃዛ የአየር ሁኔታዎች ወቅት የሚኖር የህመም ስሜት,description
የአጥንት መሳሳት ችግር መከላከያዉ ምንድን ነዉ?,የሠውነት ክብደትን መቆጣጠር፣የአካል ብቃት እንቅስቃሴዎችን ማድረግ ,description,የአጥንት መሳሳት ችግር መከላከያዉ ምንድን ነዉ?,የሠውነት ክብደትን መቆጣጠር፣የአካል ብቃት እንቅስቃሴዎችን ማድረግ,description
የአጥንት መሳሳት ችግር መንስኤ ዘርዝር ,የሆርሞን መዛባት፣የቫይታሚን ዲ እጥረት  እና ካልሲየም መጠን ማነስ ,list,የአጥንት መሳሳት ችግር መንስኤ ዘርዝር,የሆርሞን መዛባት፣የቫይታሚን ዲ እጥረት  እና ካልሲየም መጠን ማነስ,list
ነጭ የደም ህዋስ ማነስ ምን ማለት ነወ? ,"ነጭ የደም ህዋስ ማነስ ማለት የሰውነት በሽታ ተከላካይ ህዋስ በደማችን መኖር ከለበት ከ4,000-11,000ማይክሮ ሊትር የደም ህዋስ ከ 4,000 ማይክሮ ሊትር በታች ሲሆን ነው። ",definition,ነጭ የደም ህዋስ ማነስ ምን ማለት ነወ?,"ነጭ የደም ህዋስ ማነስ ማለት የሰውነት በሽታ ተከላካይ ህዋስ በደማችን መኖር ከለበት ከ4,000-11,000ማይክሮ ሊትር የደም ህዋስ ከ 4,000 ማይክሮ ሊትር በታች ሲሆን ነው።",definition
ነጭ የደም ህዋስ ማነስ ሲባል ስንት ካነሰ ነዉ? ,"ከ 4,000 ማይክሮ ሊትር በታች ሲሆን",factoid,ነጭ የደም ህዋስ ማነስ ሲባል ስንት ካነሰ ነዉ?,"ከ 4,000 ማይክሮ ሊትር በታች ሲሆን",factoid
ነጭ የደም ህዋስ ማነስ ምክነያት ምንምን ነዉ?,"የአመመጋገብ ችግር፣አልኮልን ከመጠን ባለፈ መውሰድ,የጣፈያ ችግር,የደም የካንሰር",list,ነጭ የደም ህዋስ ማነስ ምክነያት ምንምን ነዉ?,"የአመመጋገብ ችግር፣አልኮልን ከመጠን ባለፈ መውሰድ,የጣፈያ ችግር,የደም የካንሰር",list
ነጭ የደም ህዋስ ማነስ ምልክቱ ምንምን ነዉ?,በተደጋጋሚ በኤንፌክሽን መያዝ፣ ሳል፣የሰዉነት መቀላትየመሳሰሉት ናቸው,list,ነጭ የደም ህዋስ ማነስ ምልክቱ ምንምን ነዉ?,በተደጋጋሚ በኤንፌክሽን መያዝ፣ ሳል፣የሰዉነት መቀላትየመሳሰሉት ናቸው,list
ነጭ የደም ህዋስ ማነስ መፍትሄዉ ምንምን ነዉ?,እርጎ፣ ጎመን፣ ብርቱካን፣ሎሚ፣የአበባ ጎመን፣ ኦሜጋ 3 ፋቲ አሲድ፣ዚንክ የመሳሰሉትን መመገብ,list,ነጭ የደም ህዋስ ማነስ መፍትሄዉ ምንምን ነዉ?,እርጎ፣ ጎመን፣ ብርቱካን፣ሎሚ፣የአበባ ጎመን፣ ኦሜጋ 3 ፋቲ አሲድ፣ዚንክ የመሳሰሉትን መመገብ,list
ነጭ የደም ህዋሰ ሴል ምንድን ነዉ?,ነጭ የደም ህዋሰ ሴል በሽታ አምጪ ተዋስያን ሰውነታችን ገብተው ለበሽታ እንዳያጋልጡን ይከላከላሉ። ,description,ነጭ የደም ህዋሰ ሴል ምንድን ነዉ?,ነጭ የደም ህዋሰ ሴል በሽታ አምጪ ተዋስያን ሰውነታችን ገብተው ለበሽታ እንዳያጋልጡን ይከላከላሉ።,description
የነጭ የደም ህዋስ መጨመር መንስኤ ምንምን ነዉ?,ማጨስ፣አለርጂ፣ከመጠን በላይ የሰውነት እንቅስቃሴ,list,የነጭ የደም ህዋስ መጨመር መንስኤ ምንምን ነዉ?,ማጨስ፣አለርጂ፣ከመጠን በላይ የሰውነት እንቅስቃሴ,list
የነጭ የደም ህዋስ መጨመር የሚባለዉ ስንት በላይ ሲሆን ነዉ?,11000 በላይ ,factoid,የነጭ የደም ህዋስ መጨመር የሚባለዉ ስንት በላይ ሲሆን ነዉ?,11000 በላይ,factoid
የነጭ የደም ህዋስ መጨመር ምልክቱ ምንምን ነዉ?,ክብደት መቀነስ፣ትኩሳት፣ማታ ላብ፣ድካም,list,የነጭ የደም ህዋስ መጨመር ምልክቱ ምንምን ነዉ?,ክብደት መቀነስ፣ትኩሳት፣ማታ ላብ፣ድካም,list
የነጭ የደም ሕዋስ ብዛት እንዲጨምር የሚያደርጉ ምግቦችን ዘርዝር,ነጭ ሽንኩርት፣ስፒናች፣ፓፓያ ቅጠል፣ቫይታሚኖች       ,list,የነጭ የደም ሕዋስ ብዛት እንዲጨምር የሚያደርጉ ምግቦችን ዘርዝር,ነጭ ሽንኩርት፣ስፒናች፣ፓፓያ ቅጠል፣ቫይታሚኖች,list
ቀይ የደም ህዋስ መጨመር ማለት ምን ማለት ነዉ? ,ቀይ የደም ህዋስ መጨመር ማለት ትክክለኛ ከሆነ በደም ስሮች ውስጥ ቀይ የደም ህዋስ ማሰራጨት በተለያየ ምክንያት እንዲጨምር ሲያደርግ ነው አንዳንድ ጊዜ ይህ በሚጨምርበት ጊዜ ተያይዞ ሄሞግሎቢን እና ሄናቶክራይት እንዲጨምር ያደርገዋል።,definition,ቀይ የደም ህዋስ መጨመር ማለት ምን ማለት ነዉ?,ቀይ የደም ህዋስ መጨመር ማለት ትክክለኛ ከሆነ በደም ስሮች ውስጥ ቀይ የደም ህዋስ ማሰራጨት በተለያየ ምክንያት እንዲጨምር ሲያደርግ ነው አንዳንድ ጊዜ ይህ በሚጨምርበት ጊዜ ተያይዞ ሄሞግሎቢን እና ሄናቶክራይት እንዲጨምር ያደርገዋል።,definition
ቀይ የደም ህዋስ መጨመር ምክነያት ምንምን ነዉ?,ዝቅተኛ የደም ኦክስጅን መጠን መኖር፣እጢ ካለ፣የልብ ህመም,list,ቀይ የደም ህዋስ መጨመር ምክነያት ምንምን ነዉ?,ዝቅተኛ የደም ኦክስጅን መጠን መኖር፣እጢ ካለ፣የልብ ህመም,list
ቀይ የደም ህዋስ መጨመር ምልክቱ ምንምን ነዉ?,ድካም ፣ትኩረት ማጣት፣ትንፋሽ ማጠር,list,ቀይ የደም ህዋስ መጨመር ምልክቱ ምንምን ነዉ?,ድካም ፣ትኩረት ማጣት፣ትንፋሽ ማጠር,list
ቀይ የደም ህዋስ መጨመር ህክምናዉ ምንድን ነዉ?,የሄሞግሎቢን እና የሄማቶክሪት መጨመር ካለ ደማቸው ተቀድቶ እንዲቀንስ ያደርጋል ,description,ቀይ የደም ህዋስ መጨመር ህክምናዉ ምንድን ነዉ?,የሄሞግሎቢን እና የሄማቶክሪት መጨመር ካለ ደማቸው ተቀድቶ እንዲቀንስ ያደርጋል,description
የቀይ የደም ህዋስ ለምን ይጨምራል?,በቀይ የደም ህዋስ ምርት ሂደት ውስጥ ችግር ሲኖር፣ በሌላ ህመሞች ምክንያት ወይም ውስጣዊ ችግር ምክንያት,description,የቀይ የደም ህዋስ ለምን ይጨምራል?,በቀይ የደም ህዋስ ምርት ሂደት ውስጥ ችግር ሲኖር፣ በሌላ ህመሞች ምክንያት ወይም ውስጣዊ ችግር ምክንያት,description
የእንቅልፍ ማጣት ችግር ምክንያቶች ምንምን ናቸዉ?,ጭንቀት፣ ፍራቻ/ስጋት እና ድብርት ካለብዎት,list,የእንቅልፍ ማጣት ችግር ምክንያቶች ምንምን ናቸዉ?,ጭንቀት፣ ፍራቻ/ስጋት እና ድብርት ካለብዎት,list
የእንቅልፍ ማጣት ችግር መፍትሄዉ ምንምን ነዉ?,የአካል ብቃት እንቅስቃሴ ማድረግ፣የቀን እንቅልፍ/ሸለብታን መቀነስ ወይም ማስወገድ,list,የእንቅልፍ ማጣት ችግር መፍትሄዉ ምንምን ነዉ?,የአካል ብቃት እንቅስቃሴ ማድረግ፣የቀን እንቅልፍ/ሸለብታን መቀነስ ወይም ማስወገድ,list
የእንቅልፍ ማጣት ችግር መከላከያዉ ምንድን ነዉ?,በእንቅልፍ ሰዓት ብዙ ከመመገብና መጠጥ ከመጠጣት መቆጠብ,description,የእንቅልፍ ማጣት ችግር መከላከያዉ ምንድን ነዉ?,በእንቅልፍ ሰዓት ብዙ ከመመገብና መጠጥ ከመጠጣት መቆጠብ,description
ጉንፋን ምንድን ነዉ?,ጉንፋን የላይኛው የመተንፈሻ አካልን (አፍንጫን፣ጉሮሮሮን) የሚያጠቃ በቫይረስ ኢንፌክሽን አማካይነት የሚመጣ የህመም አይነት ነዉ፡፡,description,ጉንፋን ምንድን ነዉ?,ጉንፋን የላይኛው የመተንፈሻ አካልን (አፍንጫን፣ጉሮሮሮን) የሚያጠቃ በቫይረስ ኢንፌክሽን አማካይነት የሚመጣ የህመም አይነት ነዉ፡፡,description
ጉንፋን በብዛት የሚያጠቃዉ ስንት እድሜ ያላቸዉን ነዉ?,ከአምስት አመት በታች ለህመሙ በብዛት የተጋለጡ ናቸዉ፡፡,factoid,ጉንፋን በብዛት የሚያጠቃዉ ስንት እድሜ ያላቸዉን ነዉ?,ከአምስት አመት በታች ለህመሙ በብዛት የተጋለጡ ናቸዉ፡፡,factoid
ጉንፋን ለማስያዝ የሚችሉ ስንት የቫይረስ ዝርያዎች ነዉ?,ከ200 በላይ የቫይረስ ዝርያዎች ,factoid,ጉንፋን ለማስያዝ የሚችሉ ስንት የቫይረስ ዝርያዎች ነዉ?,ከ200 በላይ የቫይረስ ዝርያዎች,factoid
አዋቂዎች በአብዛኛው ስንት ጊዜ ያህል በጉንፋን ይያዛሉ?,አራት ጊዜ,factoid,አዋቂዎች በአብዛኛው ስንት ጊዜ ያህል በጉንፋን ይያዛሉ?,አራት ጊዜ,factoid
ልጆች በአብዛኛው ስንት ጊዜ ያህል በጉንፋን ይያዛሉ?,አስር ጊዜ,factoid,ልጆች በአብዛኛው ስንት ጊዜ ያህል በጉንፋን ይያዛሉ?,አስር ጊዜ,factoid
ጉንፋን የሚያስከትለው የጤና ችግር ምንድን ነዉ?,የጆሮ ኢንፌክሽን ችግሮች ሲያጋጥሟቸው ይታያል፡፡ ,description,ጉንፋን የሚያስከትለው የጤና ችግር ምንድን ነዉ?,የጆሮ ኢንፌክሽን ችግሮች ሲያጋጥሟቸው ይታያል፡፡,description
ጉንፋን ለምን ደጋግሞ ይከሰታል?,በየጊዜው በጉንፋን እየተያዙ የሚተኙ ሰዎች በሽታን የመከላከል አቅማቸው የተዳከመ መሆኑን የሚያሳይ ነው፡፡ ,description,ጉንፋን ለምን ደጋግሞ ይከሰታል?,በየጊዜው በጉንፋን እየተያዙ የሚተኙ ሰዎች በሽታን የመከላከል አቅማቸው የተዳከመ መሆኑን የሚያሳይ ነው፡፡,description
ጉንፋን መድኀኒት አለው?,ጉንፋንን ሊያድን የሚችል መድኀኒት አለመኖሩን Journal of Medicine ጠቁሟል፡፡ ,description,ጉንፋን መድኀኒት አለው?,ጉንፋንን ሊያድን የሚችል መድኀኒት አለመኖሩን Journal of Medicine ጠቁሟል፡፡,description
ጉንፋን ህክምናዉ ምንምን ነዉ?,ብዙ ፈሳሾችን መውሰድ፣ ውሃ፣ የፍራፍሬ ጭማቂዎች፣ ሾርባ፣ ሻይና አጥሚት መሰል ትኩስ መጠጦችን ቶሎ ቶሎ መጠጣት ,list,ጉንፋን ህክምናዉ ምንምን ነዉ?,ብዙ ፈሳሾችን መውሰድ፣ ውሃ፣ የፍራፍሬ ጭማቂዎች፣ ሾርባ፣ ሻይና አጥሚት መሰል ትኩስ መጠጦችን ቶሎ ቶሎ መጠጣት,list
ጉንፋን መፍትሄዎችን ዘርዝር,ነጭ ሽንኩርት፣ቀረፋ፣ዝንጅብል፣ማር፣ሎሚ,list,ጉንፋን መፍትሄዎችን ዘርዝር,ነጭ ሽንኩርት፣ቀረፋ፣ዝንጅብል፣ማር፣ሎሚ,list
ጉንፋን መከላከያዉ ምንድን ነዉ?,በየዕለቱ የራስንም ሆነ የመኖሪያዎን ንጽህና መጠበቅና አካባቢን ማጽዳት,description,ጉንፋን መከላከያዉ ምንድን ነዉ?,በየዕለቱ የራስንም ሆነ የመኖሪያዎን ንጽህና መጠበቅና አካባቢን ማጽዳት,description
የቶንሲል እጢ ምንድን ነዉ?,የቶንሲል እጢዎች በጉሮሮ ግራና ቀኝ የሚገኙ ሁለት እጢዎች ሲሆኑ፥ የተለያዩ ባክቴሪያዎችና ቫይረሶች ወደ ሰውነታችን ዘልቀው እንዳይገቡ ይከላከላሉ። ,description,የቶንሲል እጢ ምንድን ነዉ?,የቶንሲል እጢዎች በጉሮሮ ግራና ቀኝ የሚገኙ ሁለት እጢዎች ሲሆኑ፥ የተለያዩ ባክቴሪያዎችና ቫይረሶች ወደ ሰውነታችን ዘልቀው እንዳይገቡ ይከላከላሉ።,description
የጉሮሮ ሕመም ምንድን ነዉ?,የጉሮሮ ሕመም በቫይረስ ወይም በባክቴሪያ ኢንፌክሽን ምክንያት የሚከሰት ሲሆን እነዚህ ቫይረስና ባክቴሪያዎች በአፍና በአፍንጫችን አድርገው በመግባትም ጭምር የጉሮሮ ሕመምን ያስከትላሉ፡፡,description,የጉሮሮ ሕመም ምንድን ነዉ?,የጉሮሮ ሕመም በቫይረስ ወይም በባክቴሪያ ኢንፌክሽን ምክንያት የሚከሰት ሲሆን እነዚህ ቫይረስና ባክቴሪያዎች በአፍና በአፍንጫችን አድርገው በመግባትም ጭምር የጉሮሮ ሕመምን ያስከትላሉ፡፡,description
የጉሮሮ ሕመም ምልክቶች ምንምን ናቸው?,የጉሮሮ መከርከር፣ለመዋጥ መቸገር፣ትኩሳት,list,የጉሮሮ ሕመም ምልክቶች ምንምን ናቸው?,የጉሮሮ መከርከር፣ለመዋጥ መቸገር፣ትኩሳት,list
የጉሮሮ ሕመም መፍትሄዉ ምንምን ነዉ?,ትኩስ ፈሳሽ መውሰድ፡- ሻይ፤ ወተት፤ አጥሚት,list,የጉሮሮ ሕመም መፍትሄዉ ምንምን ነዉ?,ትኩስ ፈሳሽ መውሰድ፡- ሻይ፤ ወተት፤ አጥሚት,list
የጉሮሮ ሕመም ህክምናዉ ምንድን ነዉ?,በባክቴሪያ ምክንያት የሚከሰትን የጉሮሮ ሕመም ሕክምና ቦታ በመሄድ ባክቴሪያ አጥፊ መድኃኒቶችን (Antibiotics) መውሰድ ተገቢ ነው፡፡,description,የጉሮሮ ሕመም ህክምናዉ ምንድን ነዉ?,በባክቴሪያ ምክንያት የሚከሰትን የጉሮሮ ሕመም ሕክምና ቦታ በመሄድ ባክቴሪያ አጥፊ መድኃኒቶችን (Antibiotics) መውሰድ ተገቢ ነው፡፡,description
መሃንነት ማለት ምን ማለት ነዉ?,ባልና ሚስት በሳምንት ቢያንስ ሶስት ቀናት ግንኙነት እያደረጉ ለአንድ አመት ከቆዩና በዚህ ግዜ ውስጥ እርግዝና ካልተፈጠረ መሃንነት ይባላል። ,definition,መሃንነት ማለት ምን ማለት ነዉ?,ባልና ሚስት በሳምንት ቢያንስ ሶስት ቀናት ግንኙነት እያደረጉ ለአንድ አመት ከቆዩና በዚህ ግዜ ውስጥ እርግዝና ካልተፈጠረ መሃንነት ይባላል።,definition
ለሴቶች መሃንነት መንስኤ ምንድን ነዉ? ,እንቁላሎችን ወደ ማህጸን የሚያስተላልፉ ትቦዎች ወይም ማህጸኑ በጠባሳነት መጎዳት,description,ለሴቶች መሃንነት መንስኤ ምንድን ነዉ?,እንቁላሎችን ወደ ማህጸን የሚያስተላልፉ ትቦዎች ወይም ማህጸኑ በጠባሳነት መጎዳት,description
ለወንዶች መሃንነት መንስኤ ምንድን ነዉ?,ሰውነታቸው የሚያመርተው ስፐርም ቁጥር በቂ አለመሆን፣ ወይም የተሰሩት ስፐርሞች ቀልጣፋነት ማነስ።,description,ለወንዶች መሃንነት መንስኤ ምንድን ነዉ?,ሰውነታቸው የሚያመርተው ስፐርም ቁጥር በቂ አለመሆን፣ ወይም የተሰሩት ስፐርሞች ቀልጣፋነት ማነስ።,description
ለወንዶች መሃንነት ህክምናዉ ምንድን ነዉ?,የዘር ፍሬ አመራረት አጋዥ መድሃኒቶች,description,ለወንዶች መሃንነት ህክምናዉ ምንድን ነዉ?,የዘር ፍሬ አመራረት አጋዥ መድሃኒቶች,description
ለመሃንነት ዶክተር መሄድ ያለብዎ መቸ ነው? ,ባልና ሚስት ያለመከላከያ በቂ  የግብረ ሥጋ ግንኙነት እየፈጸሙ  ለ 1 ዓመት ከቆዩ  በኋላ ማርገዝ ያልቻሉ ከሆነ ,factoid,ለመሃንነት ዶክተር መሄድ ያለብዎ መቸ ነው?,ባልና ሚስት ያለመከላከያ በቂ  የግብረ ሥጋ ግንኙነት እየፈጸሙ  ለ 1 ዓመት ከቆዩ  በኋላ ማርገዝ ያልቻሉ ከሆነ,factoid
ለወንዶች መሃንነት ምርመራዎች ምንምን ናቸዉ?,የደም ምርመራዎች (የሆርሞን ምርመራ)፣የዘር ፍሬዎ መጠን የመለካት ምርመራ,list,ለወንዶች መሃንነት ምርመራዎች ምንምን ናቸዉ?,የደም ምርመራዎች (የሆርሞን ምርመራ)፣የዘር ፍሬዎ መጠን የመለካት ምርመራ,list
ለወንዶች መሃንነት ምልክቱ ምንምን ነዉ?,"የግንኙነት ፍላጎት ምቀነስ፣የወንድ የዘር ፍሬ ላይ ህመም ወይም እብጠት መኖር
",list,ለወንዶች መሃንነት ምልክቱ ምንምን ነዉ?,የግንኙነት ፍላጎት ምቀነስ፣የወንድ የዘር ፍሬ ላይ ህመም ወይም እብጠት መኖር,list
ለሴቶች መሃንነት ምርመራዎች ምንምን ናቸዉ?,የሚዛባ የወር አበባ መኖር ወይም አለመኖር፣በሰውነት ውስጥ ያሉ አንዳንድ ሆርሞኖች መዛባት,list,ለሴቶች መሃንነት ምርመራዎች ምንምን ናቸዉ?,የሚዛባ የወር አበባ መኖር ወይም አለመኖር፣በሰውነት ውስጥ ያሉ አንዳንድ ሆርሞኖች መዛባት,list
ሳምባ ምች ኒሞኒያ ማለት ምን ማለት ነዉ? ,ሳምባ ምች(ኒሞኒያ) ማለት የሳምባችን የታችኛው እና የመጨረሻው ክፍል መቆጣት እና መታመም ነው:: ,definition,ሳምባ ምች ኒሞኒያ ማለት ምን ማለት ነዉ?,ሳምባ ምች(ኒሞኒያ) ማለት የሳምባችን የታችኛው እና የመጨረሻው ክፍል መቆጣት እና መታመም ነው::,definition
ሳምባ ምች(ኒሞኒያ) መንስኤ ምንምን ነዉ?,የሳንባ ምች በቫይረስ፣ በባክቴሪያ ወይም በፈንገስ ሊከሰት ይችላል ፡፡,list,ሳምባ ምች(ኒሞኒያ) መንስኤ ምንምን ነዉ?,የሳንባ ምች በቫይረስ፣ በባክቴሪያ ወይም በፈንገስ ሊከሰት ይችላል ፡፡,list
ልጆችን ለሳምባ ምች(ኒሞኒያ) የሚያጋልጡ ነገሮች ዘርዝር,የቫይታሚን ዲ እጥረት(ሪኬትስ)፦ በተለይ ፀሐይ በደምብ ያልሞቁ ህፃናት ለሳምባ ምች ተጋላጭ ናቸው::,list,ልጆችን ለሳምባ ምች(ኒሞኒያ) የሚያጋልጡ ነገሮች ዘርዝር,የቫይታሚን ዲ እጥረት(ሪኬትስ)፦ በተለይ ፀሐይ በደምብ ያልሞቁ ህፃናት ለሳምባ ምች ተጋላጭ ናቸው::,list
ልጆች ሳምባምች(ኒሞኒያ) እንዳይዛቸው ምን እናድርግ?,ክትባት፣ቤት ዉስጥ ማንኛዉም ጭስ አለማጨስ፣ቤት ዉስጥ በቂ የ አየር ዝውውር እንዲሮር ማድረግ,description,ልጆች ሳምባምች(ኒሞኒያ) እንዳይዛቸው ምን እናድርግ?,ክትባት፣ቤት ዉስጥ ማንኛዉም ጭስ አለማጨስ፣ቤት ዉስጥ በቂ የ አየር ዝውውር እንዲሮር ማድረግ,description
ሳምባ ምች(ኒሞኒያ) ህክምናዉ ምንድን ነዉ?,የቫይረስ የሳንባ ምች በሽታ ካለብዎ ሐኪምዎ ለማከም የፀረ-ቫይረስ መድሃኒት ሊያዝዙ ይችላሉ፡፡,description,ሳምባ ምች(ኒሞኒያ) ህክምናዉ ምንድን ነዉ?,የቫይረስ የሳንባ ምች በሽታ ካለብዎ ሐኪምዎ ለማከም የፀረ-ቫይረስ መድሃኒት ሊያዝዙ ይችላሉ፡፡,description
ሳምባ ምች(ኒሞኒያ) መከላከያዉ ምንድን ነዉ?,የሳንባ ምች በሽታን ለመከላከል የተሻለው መንገድ ክትባት ነው፡፡,description,ሳምባ ምች(ኒሞኒያ) መከላከያዉ ምንድን ነዉ?,የሳንባ ምች በሽታን ለመከላከል የተሻለው መንገድ ክትባት ነው፡፡,description
የጸጉር መነቃቀል ማለት ምን ማለት ነዉ?,የጸጉር መነቃቀል በዘር የሚወረስ ከሆነ የፀጉር መነቃቀል ችግር እንዲከሰት ከሚያደርጉት  ምክንያቶች መካከል ይህ በዋናነት የሚጠቀስ ነው።,definition,የጸጉር መነቃቀል ማለት ምን ማለት ነዉ?,የጸጉር መነቃቀል በዘር የሚወረስ ከሆነ የፀጉር መነቃቀል ችግር እንዲከሰት ከሚያደርጉት  ምክንያቶች መካከል ይህ በዋናነት የሚጠቀስ ነው።,definition
የጸጉር መነቃቀል መንስኤ ምንድን ነዉ?,የሆርሞን መለዋወጥና ያለመመጣጠን ጊዜያዊ የሆነ የፀጉር መነቃቀል እና መሳሳት ችግር ሊያስከስት ይችላል፡፡ ,description,የጸጉር መነቃቀል መንስኤ ምንድን ነዉ?,የሆርሞን መለዋወጥና ያለመመጣጠን ጊዜያዊ የሆነ የፀጉር መነቃቀል እና መሳሳት ችግር ሊያስከስት ይችላል፡፡,description
ያለ እድሜያችን የሚከሰተው የፀጉር ሽበት ምክንያቱ ምንምን ነው? ,ከባድ ጭንቀት፣በዘር ,list,ያለ እድሜያችን የሚከሰተው የፀጉር ሽበት ምክንያቱ ምንምን ነው?,ከባድ ጭንቀት፣በዘር,list
የጸጉር መነቃቀል መፍትሄዉ ምንምን ነዉ?,የእግር ጉዞ፣ጭማቂዎችን መጠጣት፣የካሮት ጭማቂ መጠጣት ,list,የጸጉር መነቃቀል መፍትሄዉ ምንምን ነዉ?,የእግር ጉዞ፣ጭማቂዎችን መጠጣት፣የካሮት ጭማቂ መጠጣት,list
የጸጉር መነቃቀል መከላከያዉ ምንድን ነዉ?,ዘይት መቀባት የዘንባባና የለውዝ ዘይት እንዲሁም የሎሚ ጭማቂ የፀጉር ቀለም መንጣትን ለመከላከል ከድሮ ጀምሮ ጥቅም ላይ ውለዋል።  ,description,የጸጉር መነቃቀል መከላከያዉ ምንድን ነዉ?,ዘይት መቀባት የዘንባባና የለውዝ ዘይት እንዲሁም የሎሚ ጭማቂ የፀጉር ቀለም መንጣትን ለመከላከል ከድሮ ጀምሮ ጥቅም ላይ ውለዋል።,description
ቫይታሚን ማለት ምን ማለት ነዉ?,ቫይታሚኖች ሰውነታችንን ዕድገት ተፋጠነ ለማደስረግ፣ ከበሽታ ለመከላከል፣ ከውጥረት እና ተያያዥ ችግሮች ሰውታችንን ለመጠበቅ ያግዛሉ,definition,ቫይታሚን ማለት ምን ማለት ነዉ?,ቫይታሚኖች ሰውነታችንን ዕድገት ተፋጠነ ለማደስረግ፣ ከበሽታ ለመከላከል፣ ከውጥረት እና ተያያዥ ችግሮች ሰውታችንን ለመጠበቅ ያግዛሉ,definition
ቫይታሚን ከየት እናገኛለን?,ከምንመገባቸው ምግቦችና መጠጦች፣በፋብሪካ ተመርተው በእንክብል መልክ አልያም በፈሳሽ ሸሮች መልክ እየተሰሩ በጥቅም ላይ የሚውሉ የቫይታሚን አይነቶችም አሉ፡፡,description,ቫይታሚን ከየት እናገኛለን?,ከምንመገባቸው ምግቦችና መጠጦች፣በፋብሪካ ተመርተው በእንክብል መልክ አልያም በፈሳሽ ሸሮች መልክ እየተሰሩ በጥቅም ላይ የሚውሉ የቫይታሚን አይነቶችም አሉ፡፡,description
ቫይታሚን ሲ ምንድን ነዉ?,ቫይታሚን ሲ በሽታ የመከላከል እቅማችንን የሚጨምር ሲሆን፥ በተጨማሪም በሰውነታችን ውስጥ ላሉ የሴሎችን እድገት ጠቀሜታ አለው። ,description,ቫይታሚን ሲ ምንድን ነዉ?,ቫይታሚን ሲ በሽታ የመከላከል እቅማችንን የሚጨምር ሲሆን፥ በተጨማሪም በሰውነታችን ውስጥ ላሉ የሴሎችን እድገት ጠቀሜታ አለው።,description
ቫይታሚን ጥቅሞች ምንምን ናቸዉ?,"የበሽታ የመከላከል አቅምን ያጎለብታል፣ውስብስብ ለሆነ በሽታ የመጠቃት እድላችንን ይቀንሳል፣የደም ግፊትን ለመቆጣጠር ይረዳል 

",list,ቫይታሚን ጥቅሞች ምንምን ናቸዉ?,የበሽታ የመከላከል አቅምን ያጎለብታል፣ውስብስብ ለሆነ በሽታ የመጠቃት እድላችንን ይቀንሳል፣የደም ግፊትን ለመቆጣጠር ይረዳል,list
ቫይታሚን ሲ ሊይዙ የሚችሉ ምግቦችን ዘርዝር,ብርቱካን፣ሎሚ፣የአበባ ጎመን፣ፓፓያ፣ኢንጆሪ፣ቲማቲም ,list,ቫይታሚን ሲ ሊይዙ የሚችሉ ምግቦችን ዘርዝር,ብርቱካን፣ሎሚ፣የአበባ ጎመን፣ፓፓያ፣ኢንጆሪ፣ቲማቲም,list
የቫይታሚን ሲ እጥረት ምልክቱ ምንምን ነዉ?,የቫይታሚን ሲ እጥረትም ለሰውነት ቆዳ በሽታ፣ የአፍ ውስጥ ህመም እንደ የመንጋጋ ችግር፣ የጥርስ ህመም እንዲሁም የመገጣጠሚያ አካላት ማላብ፣ የጸጉር መነቃቀል፣የአፍንጫ መድማት ወይም ነስር እና ሌሎች ተመሳሳይ ችግሮችን ሊያስከትልብን ይችላል።,list,የቫይታሚን ሲ እጥረት ምልክቱ ምንምን ነዉ?,የቫይታሚን ሲ እጥረትም ለሰውነት ቆዳ በሽታ፣ የአፍ ውስጥ ህመም እንደ የመንጋጋ ችግር፣ የጥርስ ህመም እንዲሁም የመገጣጠሚያ አካላት ማላብ፣ የጸጉር መነቃቀል፣የአፍንጫ መድማት ወይም ነስር እና ሌሎች ተመሳሳይ ችግሮችን ሊያስከትልብን ይችላል።,list
የቫይታሚን እጥረት ምልክቱ ምንምን ነዉ?,የእጅ ጥፍር መፈረካከስ፣የእግር ስትራፖ፣የድካም ስሜት፣የአጥንት ስብራት,list,የቫይታሚን እጥረት ምልክቱ ምንምን ነዉ?,የእጅ ጥፍር መፈረካከስ፣የእግር ስትራፖ፣የድካም ስሜት፣የአጥንት ስብራት,list
ቫይታሚን ዲ ምንድን ነዉ?,ቫይታሚን ዲ በሽታ የመከላከል አቅምን ለማሳደግ፣ የህዋሳት እድገትን ለማፋጠን እና ለአጥንት ጥንካሬ ከፍተኛ ጠቀሜታ አለው። ,description,ቫይታሚን ዲ ምንድን ነዉ?,ቫይታሚን ዲ በሽታ የመከላከል አቅምን ለማሳደግ፣ የህዋሳት እድገትን ለማፋጠን እና ለአጥንት ጥንካሬ ከፍተኛ ጠቀሜታ አለው።,description
ቫይታሚን ዲ ከየት እናገኛለን?,የፀሃይ ብርሃን በማግኘት እና አመጋገባችን በማስተካከል ቫይታሚን ዲ ማግኘት እንችላለን። ,description,ቫይታሚን ዲ ከየት እናገኛለን?,የፀሃይ ብርሃን በማግኘት እና አመጋገባችን በማስተካከል ቫይታሚን ዲ ማግኘት እንችላለን።,description
ቫይታሚን ዲ እጥረት ምልክቱ ምንምን ነዉ?,የማየት አቅም መቀነስ፣የአጥንት እና ጡንቻ ህመም፣ድካም እና አቅም ማጣት፣ጥሩ ያልሆነ ስሜት ,list,ቫይታሚን ዲ እጥረት ምልክቱ ምንምን ነዉ?,የማየት አቅም መቀነስ፣የአጥንት እና ጡንቻ ህመም፣ድካም እና አቅም ማጣት፣ጥሩ ያልሆነ ስሜት,list
ቫይታሚን ኤ ምንድን ነዉ?,እይታዎ የተሟላና የተስተካከለ እንዲሆን ይረዳዎታል፡፡ ,description,ቫይታሚን ኤ ምንድን ነዉ?,እይታዎ የተሟላና የተስተካከለ እንዲሆን ይረዳዎታል፡፡,description
የቫይታሚን ኤ መገኛዎችን ዘርዝር,ወተት፣ጉበት፣ብርቱካን፣አበባ ጎመን፣ካሮት ,list,የቫይታሚን ኤ መገኛዎችን ዘርዝር,ወተት፣ጉበት፣ብርቱካን፣አበባ ጎመን፣ካሮት,list
ቫይታሚን ኤ ጥቅሞች ምንምን ናቸዉ?,ለአይን ጤንነት፣የተሟላ የበሽታ መቋቋም ችሎታ፣የሳንባ እና የኩላሊት ጤንነት ላይ ሚና አለው።,list,ቫይታሚን ኤ ጥቅሞች ምንምን ናቸዉ?,ለአይን ጤንነት፣የተሟላ የበሽታ መቋቋም ችሎታ፣የሳንባ እና የኩላሊት ጤንነት ላይ ሚና አለው።,list
ቫይታሚን ኤ በመድሃኒት መልክ ይሸጣል?,በክኒን መልኩ የሚሸጡ ቫይታሚን ኤ ውጤቶች በብዛት ይገኛሉ። ,description,ቫይታሚን ኤ በመድሃኒት መልክ ይሸጣል?,በክኒን መልኩ የሚሸጡ ቫይታሚን ኤ ውጤቶች በብዛት ይገኛሉ።,description
ቫይታሚን ኤ ሲያንስ ምን ምልክት ይታያል?,የቫይታሚን ኤ  እጥረት ዋንኛ ምልክት የአይን ህመም ነው። ,description,ቫይታሚን ኤ ሲያንስ ምን ምልክት ይታያል?,የቫይታሚን ኤ  እጥረት ዋንኛ ምልክት የአይን ህመም ነው።,description
ቫይታሚን ኤ ሲበዛ ይጎዳል?,ፕሪፎርምድ ቫይታሚን ኤ ከልክ በላይ ሲወሰድ የማዞር፣ የማቅለሽለሽ፣ እንዲሁም የራስ ምታት ስሜት እንዲሰማ ሊያደርግ ይችላል። ,description,ቫይታሚን ኤ ሲበዛ ይጎዳል?,ፕሪፎርምድ ቫይታሚን ኤ ከልክ በላይ ሲወሰድ የማዞር፣ የማቅለሽለሽ፣ እንዲሁም የራስ ምታት ስሜት እንዲሰማ ሊያደርግ ይችላል።,description
ቫይታሚን ቢ-1 ምንድን ነዉ?,ሰውነት ጉልበት እንዲያገኝ፤ የተሟላ እድገት እና ጤንነት እንዲኖር ቫይታሚን ቢ-1 ያስፈልጋል,description,ቫይታሚን ቢ-1 ምንድን ነዉ?,ሰውነት ጉልበት እንዲያገኝ፤ የተሟላ እድገት እና ጤንነት እንዲኖር ቫይታሚን ቢ-1 ያስፈልጋል,description
ቫይታሚን ቢ-1 ጥቅሞች ምንምን ናቸዉ?,ቫይታሚን ቢ-1 ለስኳር በሽታ፣ ከስኳር በሽታ ጋር ተያይዞ ለሚመጣ የነርቭ ህመም፣ ለልብ ድካም ፣ እና ለአልዛሜር በሽታ  ያለውን ጥቅም እየመረመሩ ይገኛሉ። ,list,ቫይታሚን ቢ-1 ጥቅሞች ምንምን ናቸዉ?,ቫይታሚን ቢ-1 ለስኳር በሽታ፣ ከስኳር በሽታ ጋር ተያይዞ ለሚመጣ የነርቭ ህመም፣ ለልብ ድካም ፣ እና ለአልዛሜር በሽታ  ያለውን ጥቅም እየመረመሩ ይገኛሉ።,list
ቫይታሚን ቢ-1 ሊይዙ የሚችሉ ምግቦችን ዘርዝር,"ስንዴ ገብስ እና የመሳሰሉ ጥራጥሬዎች፣ስጋ እና አሳ፣ለውዝ ባቄላ ሶያ አተር 
",list,ቫይታሚን ቢ-1 ሊይዙ የሚችሉ ምግቦችን ዘርዝር,ስንዴ ገብስ እና የመሳሰሉ ጥራጥሬዎች፣ስጋ እና አሳ፣ለውዝ ባቄላ ሶያ አተር,list
ቫይታሚን ቢ-1 በመድሃኒት መልክ ይሸጣል?,በክኒን መልክ መውሰድ ካስፈለገ ቫይታሚን ቢ-1 በክኒን መልክ ተዘጋጅቶ ይሸጣል።,description,ቫይታሚን ቢ-1 በመድሃኒት መልክ ይሸጣል?,በክኒን መልክ መውሰድ ካስፈለገ ቫይታሚን ቢ-1 በክኒን መልክ ተዘጋጅቶ ይሸጣል።,description
በሰውነት የቫይታሚን ቢ-1 እጥረት ሲኖር ምን ምልክት ይታያል?,የትንፋሽ ማጠር፣  ለመናገር መቸገር፣ የእግር መደንዘዝ ናቸው። ,description,በሰውነት የቫይታሚን ቢ-1 እጥረት ሲኖር ምን ምልክት ይታያል?,የትንፋሽ ማጠር፣  ለመናገር መቸገር፣ የእግር መደንዘዝ ናቸው።,description
ለቫይታሚን ቢ-1 እጥረት ሊያጋልጡ የሚችሉትን ዘርዝር,የአልኮል መጠጥ ማዘውተር፣የእድሜ መግፋት (ከስልሳአምስት አመት እድሜ በላይ)፣የስኳር በሽታ,list,ለቫይታሚን ቢ-1 እጥረት ሊያጋልጡ የሚችሉትን ዘርዝር,የአልኮል መጠጥ ማዘውተር፣የእድሜ መግፋት (ከስልሳአምስት አመት እድሜ በላይ)፣የስኳር በሽታ,list
ቫይታሚን ቢ-1 ከሚመከረው መጠን በላይ ቢወሰድ ለሰውነት ጉዳት አለው?,በከፍተኛ የቫይታሚን ቢ-1 በመውሰድ  ምክንያት የሚመጣ የጤና ጉዳት  ያልተለመደ ነው። ,description,ቫይታሚን ቢ-1 ከሚመከረው መጠን በላይ ቢወሰድ ለሰውነት ጉዳት አለው?,በከፍተኛ የቫይታሚን ቢ-1 በመውሰድ  ምክንያት የሚመጣ የጤና ጉዳት  ያልተለመደ ነው።,description
የአፍንጫ አለርጂ ምንድን ነዉ?,አንድ ግለሰብ የአለርጂ ችግር ካለበት ወደ አፍንጫ የሚገቡ አንዳንድ የሚቆጠቁጡ አካላት ሲገጥሙት የመቆጥቆጥ ስሜት በአፍንጫ ዉስጥ ይፈጠራል። ,description,የአፍንጫ አለርጂ ምንድን ነዉ?,አንድ ግለሰብ የአለርጂ ችግር ካለበት ወደ አፍንጫ የሚገቡ አንዳንድ የሚቆጠቁጡ አካላት ሲገጥሙት የመቆጥቆጥ ስሜት በአፍንጫ ዉስጥ ይፈጠራል።,description
የአፍንጫ አለርጂ መነሻ ምክነያት ምንምን ነዉ?,"አቧራ፣የአበባ መፈንዳት፣ሰዉነት የሚለቃቸው አንዳንድ ንጥረ ቅመሞች
",list,የአፍንጫ አለርጂ መነሻ ምክነያት ምንምን ነዉ?,አቧራ፣የአበባ መፈንዳት፣ሰዉነት የሚለቃቸው አንዳንድ ንጥረ ቅመሞች,list
የአፍንጫ አለርጂ ምልክቱ ምንምን ነዉ?,የአፍንጫ፣የአፍ አካባቢ፣የጉሮሮ፣የቆዳ ወይም የሌሎች የአካል ክፍሎች መቆጥቆጥ,list,የአፍንጫ አለርጂ ምልክቱ ምንምን ነዉ?,የአፍንጫ፣የአፍ አካባቢ፣የጉሮሮ፣የቆዳ ወይም የሌሎች የአካል ክፍሎች መቆጥቆጥ,list
የአፍንጫ አለርጂ መከላከያዉ ምንድን ነዉ?,"በተለይ ፊትን ከመንካት በፊት አጅን መታጠብ፣በችግሩ ከተያዙ ሰዎች በተቻለ መጠን ለመራቅ መሞከር  
",description,የአፍንጫ አለርጂ መከላከያዉ ምንድን ነዉ?,በተለይ ፊትን ከመንካት በፊት አጅን መታጠብ፣በችግሩ ከተያዙ ሰዎች በተቻለ መጠን ለመራቅ መሞከር,description
የአፍንጫ አለርጂ ጉዳቱ ምንድን ነዉ?,የአፍንጫ መደፈንንና የንፍጥ መብዛትን ያስክትላል።,description,የአፍንጫ አለርጂ ጉዳቱ ምንድን ነዉ?,የአፍንጫ መደፈንንና የንፍጥ መብዛትን ያስክትላል።,description
የአፍ ዉስጥ ፈንገስ መንስኤ ምንድን ነዉ?,"የበሽታ የመከላከል አቅም መዳከም,ለረጅም ጊዜ አንቲባዮቲክ መድሀኒቶች መጠቀም",description,የአፍ ዉስጥ ፈንገስ መንስኤ ምንድን ነዉ?,"የበሽታ የመከላከል አቅም መዳከም,ለረጅም ጊዜ አንቲባዮቲክ መድሀኒቶች መጠቀም",description
የአፍ ዉስጥ ፈንገስ  ምልክቱ ምንምን ነዉ?,በአፍ ዙሪያ መቅላት፣ለማኘክ ፣ለመዋጥ መቸገር,list,የአፍ ዉስጥ ፈንገስ  ምልክቱ ምንምን ነዉ?,በአፍ ዙሪያ መቅላት፣ለማኘክ ፣ለመዋጥ መቸገር,list
የአፍ ዉስጥ ፈንገስ  የቤት ዉስጥ ህክምናዉ ምንድን ነዉ?,በደቃቅ ጨው ለአንድ ደቂቃ በጥርስ ብሩሽ ምላስን መቦረሽ፡፡ ከዚያም በሙቅ ውሀ በደንብ መታጠብ፡፡ ,description,የአፍ ዉስጥ ፈንገስ  የቤት ዉስጥ ህክምናዉ ምንድን ነዉ?,በደቃቅ ጨው ለአንድ ደቂቃ በጥርስ ብሩሽ ምላስን መቦረሽ፡፡ ከዚያም በሙቅ ውሀ በደንብ መታጠብ፡፡,description
የደረት ውጋት ምልክቱ ምንድን ነዉ?,ቀስፎ የሚይዝ የደረት ውጋት አንዳንድ ጊዜ ወደ አገጭ፣ ጫንቃ፣ ጨጓራ እና ክንድ የማሰራጨት ህመም,description,የደረት ውጋት ምልክቱ ምንድን ነዉ?,ቀስፎ የሚይዝ የደረት ውጋት አንዳንድ ጊዜ ወደ አገጭ፣ ጫንቃ፣ ጨጓራ እና ክንድ የማሰራጨት ህመም,description
የደረት ውጋት መንስኤ ምንምን ነዉ?,የስኳር በሽታና/ከአሁን በፊት የልብ ጡንቻ መለብለብ የደረሰበት ሰው/፣ደም ግፊት፣የኮሌስትሮል መጠን መጨመር,list,የደረት ውጋት መንስኤ ምንምን ነዉ?,የስኳር በሽታና/ከአሁን በፊት የልብ ጡንቻ መለብለብ የደረሰበት ሰው/፣ደም ግፊት፣የኮሌስትሮል መጠን መጨመር,list
የእግር እብጠት ማለት ምን ማለት ነዉ?,ይህ ችግር የሚጀምረው ፈሳሽ በሰውነታችን የተለያዩ ክፍሎች በሚከማችበት ጊዜ ሲሆን እብጠት እንዲፈጠር ያደርጋል ይህ እብጠት በህክምና ቋንቋ Edema ይባላል፡፡,definition,የእግር እብጠት ማለት ምን ማለት ነዉ?,ይህ ችግር የሚጀምረው ፈሳሽ በሰውነታችን የተለያዩ ክፍሎች በሚከማችበት ጊዜ ሲሆን እብጠት እንዲፈጠር ያደርጋል ይህ እብጠት በህክምና ቋንቋ Edema ይባላል፡፡,definition
የእግር እብጠት ምልክቱ ምንድን ነዉ?,እብጠት እንዲፈጠር ያደርጋል ይህ እብጠት በህክምና ቋንቋ Edema ይባላል፡፡,description,የእግር እብጠት ምልክቱ ምንድን ነዉ?,እብጠት እንዲፈጠር ያደርጋል ይህ እብጠት በህክምና ቋንቋ Edema ይባላል፡፡,description
የእግር እብጠት የቤት ዉስጥ ህክምናዉ ምንምን ነዉ?,የውሃ ፈውስ፣መታሸት፣ጨው፣እግርን ከፍ አድርጎ መተኛት,list,የእግር እብጠት የቤት ዉስጥ ህክምናዉ ምንምን ነዉ?,የውሃ ፈውስ፣መታሸት፣ጨው፣እግርን ከፍ አድርጎ መተኛት,list
እግር ፈንገስ ምንድን ነዉ?,የእግር ፈንገስ በፈንገስ አማካኝነት የሚከሰት ሲሆን በአብዛኛው የሚጀምረው በእግር አውራ ጣት ነው፡፡,description,እግር ፈንገስ ምንድን ነዉ?,የእግር ፈንገስ በፈንገስ አማካኝነት የሚከሰት ሲሆን በአብዛኛው የሚጀምረው በእግር አውራ ጣት ነው፡፡,description
እግር ፈንገስ ብዙ ጊዜ እንዴት ይከሰታል?,በዋነኝነት የሚከሰተው እግራቸውን የሚያልባቸው ሰዎች ላይ እና የሚያጣብቅ ጫማ የሚያደርጉ ሰዎች ላይ ነው፡፡,description,እግር ፈንገስ ብዙ ጊዜ እንዴት ይከሰታል?,በዋነኝነት የሚከሰተው እግራቸውን የሚያልባቸው ሰዎች ላይ እና የሚያጣብቅ ጫማ የሚያደርጉ ሰዎች ላይ ነው፡፡,description
እግር ፈንገስ መንስኤ ምንምን ነዉ?,ፈንገሶች፣የረጠበ ካልሲ ማድረግ፣የረጠበ ጫማ ማድረግ,list,እግር ፈንገስ መንስኤ ምንምን ነዉ?,ፈንገሶች፣የረጠበ ካልሲ ማድረግ፣የረጠበ ጫማ ማድረግ,list
እግር ፈንገስ ምልክቱ ምንምን ነዉ?,ነጣ ያሉ ቀያይ ነጠብጣቦች፣የእግር ሽታ፣ውሀ የቋጠሩ እባጮች,list,እግር ፈንገስ ምልክቱ ምንምን ነዉ?,ነጣ ያሉ ቀያይ ነጠብጣቦች፣የእግር ሽታ፣ውሀ የቋጠሩ እባጮች,list
እግር ፈንገስ ህክምናዉ ምንድን ነዉ?,መፍትሄው እንደ ፈንገሱ የእድገት ደረጃ ቢለያይም በሀኪም ትዛዞች የሚሰጡ የጸረ ፈንገስ መድህኒቶችን መጠቀም,description,እግር ፈንገስ ህክምናዉ ምንድን ነዉ?,መፍትሄው እንደ ፈንገሱ የእድገት ደረጃ ቢለያይም በሀኪም ትዛዞች የሚሰጡ የጸረ ፈንገስ መድህኒቶችን መጠቀም,description
እግር ፈንገስ የቤት ዉስጥ ህክምናዉ ምንምን ነዉ?,የእግር ንጽህናን መጠበቅ፣የጫማንና የካሊሲን ንጽህናን መጠበቅ,list,እግር ፈንገስ የቤት ዉስጥ ህክምናዉ ምንምን ነዉ?,የእግር ንጽህናን መጠበቅ፣የጫማንና የካሊሲን ንጽህናን መጠበቅ,list
የኮሶ ትል ማለት ምን ማለት ነዉ? ,የኮሶ ትል ማለት የአንጀት ጥገኛ ተዋስ ነው። የኮሶ ትል እራሱን ችሎ መኖር አይችልም የሰው እና እንስሳ ሆድ ውስጥ ሲገባ ህይውት ይኖረዋል።,definition,የኮሶ ትል ማለት ምን ማለት ነዉ?,የኮሶ ትል ማለት የአንጀት ጥገኛ ተዋስ ነው። የኮሶ ትል እራሱን ችሎ መኖር አይችልም የሰው እና እንስሳ ሆድ ውስጥ ሲገባ ህይውት ይኖረዋል።,definition
የኮሶ ትል መንስኤ ምንድን ነዉ?,የኮሶ እንቁላል በሚከተሉት መንገዶች ሰውነት ውስጥ ሊገባ ይችላል።,description,የኮሶ ትል መንስኤ ምንድን ነዉ?,የኮሶ እንቁላል በሚከተሉት መንገዶች ሰውነት ውስጥ ሊገባ ይችላል።,description
የኮሶ ትል ምልክቱ ምንምን ነዉ?,የድካም ስሜት፣ የሆድ ህመም፣ ኪሎ መቀነስ እና ተቅማጥ ሰገራ ውስጥ የኮሶ ትል እንቁላል,list,የኮሶ ትል ምልክቱ ምንምን ነዉ?,የድካም ስሜት፣ የሆድ ህመም፣ ኪሎ መቀነስ እና ተቅማጥ ሰገራ ውስጥ የኮሶ ትል እንቁላል,list
የኮሶ ትል መከላከያዉ ምንድን ነዉ?,የእንስሳ እና የሰውን ሰገራ በአግባቡ ማስወገድ ይገባል።,description,የኮሶ ትል መከላከያዉ ምንድን ነዉ?,የእንስሳ እና የሰውን ሰገራ በአግባቡ ማስወገድ ይገባል።,description
የኮሶ ትል ስንት ሜትር ነዉ?,አስራ አምስት ሜትር,factoid,የኮሶ ትል ስንት ሜትር ነዉ?,አስራ አምስት ሜትር,factoid
የኩላሊት እጥበት ማለት ምን ማለት ነዉ? ,የኩላሊት እጥበት ማለት ኩላሊት በተለያዩ ምክንየት ችግር ደርሶበት ማስወገድ ያልቻለውን ቆሻሻ እና ትርፍ ፈሳሾችን ከደም ውስጥ የሚያስወግድ የህክምና አይነት ነው። ,definition,የኩላሊት እጥበት ማለት ምን ማለት ነዉ?,የኩላሊት እጥበት ማለት ኩላሊት በተለያዩ ምክንየት ችግር ደርሶበት ማስወገድ ያልቻለውን ቆሻሻ እና ትርፍ ፈሳሾችን ከደም ውስጥ የሚያስወግድ የህክምና አይነት ነው።,definition
የኩላሊት እጥበት እንዴት ይከናወናል? ,የኩላሊት እጥበት የሚከናወነው ዲያሊሴት በተባለ የተለየ ፈሳሽ ነው።,description,የኩላሊት እጥበት እንዴት ይከናወናል?,የኩላሊት እጥበት የሚከናወነው ዲያሊሴት በተባለ የተለየ ፈሳሽ ነው።,description
የከባድ እኩላሊት ህመም ምልክቱ ምንምን ነዉ?,"የደም ማነስ፣ደም የተቀላቀለበት ሽንት፣የጠቆረ ሽንት
",list,የከባድ እኩላሊት ህመም ምልክቱ ምንምን ነዉ?,የደም ማነስ፣ደም የተቀላቀለበት ሽንት፣የጠቆረ ሽንት,list
የኩላሊት በሽታ ስንት ደረጃዎች አሉት?,አምስት,factoid,የኩላሊት በሽታ ስንት ደረጃዎች አሉት?,አምስት,factoid
የኩላሊት ጤንነት የሚታወቅበት መለኪያ ምን ይባላል?,ጂኤፍአር ሬት(GFR rate) የኩላሊት ጤንነት የሚታወቅበት መለኪያ ነው። የጂኤፍአር መጠን የኩላሊታችንን ጤነንት ይናገራል።,description,የኩላሊት ጤንነት የሚታወቅበት መለኪያ ምን ይባላል?,ጂኤፍአር ሬት(GFR rate) የኩላሊት ጤንነት የሚታወቅበት መለኪያ ነው። የጂኤፍአር መጠን የኩላሊታችንን ጤነንት ይናገራል።,description
የኩላሊት በሽታ ህክምናዉ ምንድን ነዉ?,ኩላሊት በሽታን የሚያድን መድሃኒት የለም። ነገር ግን የተለያዩ ህክምናዎች በሽታውን ለመቆጣጠር አገልግሎት ላይ ይውላሉ።,description,የኩላሊት በሽታ ህክምናዉ ምንድን ነዉ?,ኩላሊት በሽታን የሚያድን መድሃኒት የለም። ነገር ግን የተለያዩ ህክምናዎች በሽታውን ለመቆጣጠር አገልግሎት ላይ ይውላሉ።,description
አብዛኛው የኩላሊት በሽታ ታካሚ በሽታው ከ ስንት ከስቴጅ አያልፍበትም?,ከሁለት,factoid,አብዛኛው የኩላሊት በሽታ ታካሚ በሽታው ከ ስንት ከስቴጅ አያልፍበትም?,ከሁለት,factoid
የኩላሊት በሽታ የሚያስታግሱ መድሃኒቶችን ጥቀስ,ኩላሊት መስራት ሲያቆምና ሰውነት ውስጥ መርዛማ ንጥረ ነገሮች ሲከማቹ ታካሚው የማቅለሽለሽ ወይም የመታመም ስሜት ይሰማዋል። በዚህ ግዜ እንደ ሳይክሊዛይን አይነት መድሃኒቶች ህመምን ያስታግሳሉ።,list,የኩላሊት በሽታ የሚያስታግሱ መድሃኒቶችን ጥቀስ,ኩላሊት መስራት ሲያቆምና ሰውነት ውስጥ መርዛማ ንጥረ ነገሮች ሲከማቹ ታካሚው የማቅለሽለሽ ወይም የመታመም ስሜት ይሰማዋል። በዚህ ግዜ እንደ ሳይክሊዛይን አይነት መድሃኒቶች ህመምን ያስታግሳሉ።,list
ዳያሊሲስ ማለት ምን ማለት ነወ?,ዳያሊሲስ በማሽን የሚደረግ የሰውነት ቆሻሻን ማጥራት ስራ ነው። ,definition,ዳያሊሲስ ማለት ምን ማለት ነወ?,ዳያሊሲስ በማሽን የሚደረግ የሰውነት ቆሻሻን ማጥራት ስራ ነው።,definition
ስንት አይነት የዳያሊሲስ አይነት አለ?,ሁለት፡፡ ሂሞዳያሊሲስ እና ፔሪቶኒያል ዳያሊሲስ ,factoid,ስንት አይነት የዳያሊሲስ አይነት አለ?,ሁለት፡፡ ሂሞዳያሊሲስ እና ፔሪቶኒያል ዳያሊሲስ,factoid
ሂሞዳያሊሲስ የዳያሊሲስ ምንድን ነዉ?,ሂሞዳያሊሲስ የዳያሊሲስ አይነት ደም ከሰውነታችን ፓምፕ እየተደረገ በማሽን ውስጥ አልፎ እየተጣራ እንዲገባ የሚደረግበት ህክምና ነው።,description,ሂሞዳያሊሲስ የዳያሊሲስ ምንድን ነዉ?,ሂሞዳያሊሲስ የዳያሊሲስ አይነት ደም ከሰውነታችን ፓምፕ እየተደረገ በማሽን ውስጥ አልፎ እየተጣራ እንዲገባ የሚደረግበት ህክምና ነው።,description
ፔሪቶኒያል ዳያሊሲስ ምንድን ነዉ?,ፔሪቶኒያል ዳያሊሲስ የታካሚው ደም በራሱ ሆድ ውስጥ እንዲጣራ ይደረጋል። ,description,ፔሪቶኒያል ዳያሊሲስ ምንድን ነዉ?,ፔሪቶኒያል ዳያሊሲስ የታካሚው ደም በራሱ ሆድ ውስጥ እንዲጣራ ይደረጋል።,description
ኩላሊት ንቅለ-ተከላ ምንድን ነዉ?,ከኩላሊት መስራት ማቆም በቀር ሌላ ኩላሊትን የሚጎዳ በሽታ ለሌላቸው ታካሚዎች ኩላሊት ንቅለ-ተከላ ከዳያሊሲስ የተሻለ አማራጭ ነው። ,description,ኩላሊት ንቅለ-ተከላ ምንድን ነዉ?,ከኩላሊት መስራት ማቆም በቀር ሌላ ኩላሊትን የሚጎዳ በሽታ ለሌላቸው ታካሚዎች ኩላሊት ንቅለ-ተከላ ከዳያሊሲስ የተሻለ አማራጭ ነው።,description
ለኩላሊት ንቅለ-ተከላ ምን ያስፈልጋል?,ኩላሊት ለጋሹ እና ተቀባዩ ተመሳሳይ የደም አይነት፣ የሴል ሰርፌስ ፕሮቲን እና አንቲቦዲ ሊኖራቸው ይገባል። ,description,ለኩላሊት ንቅለ-ተከላ ምን ያስፈልጋል?,ኩላሊት ለጋሹ እና ተቀባዩ ተመሳሳይ የደም አይነት፣ የሴል ሰርፌስ ፕሮቲን እና አንቲቦዲ ሊኖራቸው ይገባል።,description
የኩላሊት እጥበት መቸ ይደረጋል?  ,የኩላሊቱ ተግባር 15 % ወይም ከዚያ በታች ሲሆን ,factoid,የኩላሊት እጥበት መቸ ይደረጋል?,የኩላሊቱ ተግባር 15 % ወይም ከዚያ በታች ሲሆን,factoid
የኩላሊት በሽታ ምልክቱ ምንምን ነዉ?,ትንፋሽ ማጠር፣የድካም ስሜት፣የጡንቻ ቁርጥማት፣ማቅለሽለሽና ማስመለስ፣የሰውነት እብጠት,list,የኩላሊት በሽታ ምልክቱ ምንምን ነዉ?,ትንፋሽ ማጠር፣የድካም ስሜት፣የጡንቻ ቁርጥማት፣ማቅለሽለሽና ማስመለስ፣የሰውነት እብጠት,list
የኩላሊት በሽታ መከላከያዉ ምንድን ነዉ?,የጨው አጠቃቀማችንን መቆጣጠር ይኖርብናል። ፖታሲየም እና ፎስፈረስ ያልቸው ምግቦችንም መቀነስ ይኖርብናል።,description,የኩላሊት በሽታ መከላከያዉ ምንድን ነዉ?,የጨው አጠቃቀማችንን መቆጣጠር ይኖርብናል። ፖታሲየም እና ፎስፈረስ ያልቸው ምግቦችንም መቀነስ ይኖርብናል።,description
የኩላሊት በሽታ መነሻ ምንድን ነዉ?,አብዛኛው ግዜ የኩላሊት ጉዳት የሚመጣው ሰውነታችን ባስተናገደው የረጅም ግዜ በሽታ ነው። ,description,የኩላሊት በሽታ መነሻ ምንድን ነዉ?,አብዛኛው ግዜ የኩላሊት ጉዳት የሚመጣው ሰውነታችን ባስተናገደው የረጅም ግዜ በሽታ ነው።,description
የኩላሊት በሽታ መንስኤ ምንምን ነዉ?,በቤተሰባችን ውስጥ የኩላሊት በሽታ ታሪክ፣አቲሮስክለሮሲስ፣የሽንት ፊኛ መዘጋት,list,የኩላሊት በሽታ መንስኤ ምንምን ነዉ?,በቤተሰባችን ውስጥ የኩላሊት በሽታ ታሪክ፣አቲሮስክለሮሲስ፣የሽንት ፊኛ መዘጋት,list
የኩላሊት በሽታ ምርመራዎች ምንምን ናቸዉ?,ደም ምርመራ፣ሽንት ምርመራ፣ክላሊት ስካን,list,የኩላሊት በሽታ ምርመራዎች ምንምን ናቸዉ?,ደም ምርመራ፣ሽንት ምርመራ፣ክላሊት ስካን,list
የኩላሊት ኢንፌክሽን ማለት ምን ማለት ነወ? ,የኩላሊት ኢንፌክሽን ማለት በሽንት ቧንቧ ላይ በሚደርስ ችግር የሚከሰት ህመም,definition,የኩላሊት ኢንፌክሽን ማለት ምን ማለት ነወ?,የኩላሊት ኢንፌክሽን ማለት በሽንት ቧንቧ ላይ በሚደርስ ችግር የሚከሰት ህመም,definition
የኩላሊት ኢንፌክሽን መንስኤ ምንምን ነዉ?,የኩላሊት ጠጠር፣የሽንት ቧንቧ መዘጋት፣የሽንት ቧንቧ ኢንፌክሽን፣በቂ ውሀ አለመጠጣት ,list,የኩላሊት ኢንፌክሽን መንስኤ ምንምን ነዉ?,የኩላሊት ጠጠር፣የሽንት ቧንቧ መዘጋት፣የሽንት ቧንቧ ኢንፌክሽን፣በቂ ውሀ አለመጠጣት,list
የኩላሊት ኢንፌክሽን ምልክቱ ምንድን ነዉ?,ከእምብርት በታች የሆድ ህመም፣በተደጋጋሚ ሽንት መሽናት፣ሽንት በሚሸናበት ወቅት ማቃጠል,description,የኩላሊት ኢንፌክሽን ምልክቱ ምንድን ነዉ?,ከእምብርት በታች የሆድ ህመም፣በተደጋጋሚ ሽንት መሽናት፣ሽንት በሚሸናበት ወቅት ማቃጠል,description
ኩላሊት ምንድን ነዉ?,ኩላሊት መርዛማ ንጥረ ነገሮችን ከሰውነት ለማስወገድ ትርፍ ውሃን ከደም ውስጥ ለመቀነስና የደም ግፊትን ለመቆጣጠር ይረዳሉ፡፡ ,description,ኩላሊት ምንድን ነዉ?,ኩላሊት መርዛማ ንጥረ ነገሮችን ከሰውነት ለማስወገድ ትርፍ ውሃን ከደም ውስጥ ለመቀነስና የደም ግፊትን ለመቆጣጠር ይረዳሉ፡፡,description
ሰዎች ስንት ኩላሊት አሏቸው?,ሁለት,factoid,ሰዎች ስንት ኩላሊት አሏቸው?,ሁለት,factoid
የኩላሊት ተግባራትን ዘርዝር,የውሀና ንጥረ ነገሮችን ሚዛን( እንደ ጨው፣ፖታሽየምና ፎስፈረስ ያሉትን) ይጠብቃል፣ከምግብ መፈጨት፣ከአካል እንቅስቃሴ ወይም ለኬሚካሎች ከተጋለጡ በኋላ ሚኖሩትን ቆሻሻዎች ከደም ውስጥ ያስወግዳል፡፡,list,የኩላሊት ተግባራትን ዘርዝር,የውሀና ንጥረ ነገሮችን ሚዛን( እንደ ጨው፣ፖታሽየምና ፎስፈረስ ያሉትን) ይጠብቃል፣ከምግብ መፈጨት፣ከአካል እንቅስቃሴ ወይም ለኬሚካሎች ከተጋለጡ በኋላ ሚኖሩትን ቆሻሻዎች ከደም ውስጥ ያስወግዳል፡፡,list
የምግብ መመረዝ ምንምን ነዉ?,የምግብ መመረዝ የምንለው የሕመሙ ዓይነት የሚከሰተው  በቫይረስ ፣ በባክቴሪያ ፣ እና በፓራሳይት አማካኝነት የተበከለን ምግብ በምንመገብበት ወቅት  ነው  ፡፡ ,list,የምግብ መመረዝ ምንምን ነዉ?,የምግብ መመረዝ የምንለው የሕመሙ ዓይነት የሚከሰተው  በቫይረስ ፣ በባክቴሪያ ፣ እና በፓራሳይት አማካኝነት የተበከለን ምግብ በምንመገብበት ወቅት  ነው  ፡፡,list
የምግብ መመረዝ ምልክቱ ምንምን ነዉ?,"ማቅለሽለሽ፣ማሽመለሽ፣ደም የቀላቀለ ተቅማጥ
",list,የምግብ መመረዝ ምልክቱ ምንምን ነዉ?,ማቅለሽለሽ፣ማሽመለሽ፣ደም የቀላቀለ ተቅማጥ,list
የምግብ መመረዝ መፍትሄዉ ምንምን ነዉ?,ከፍተኛ የውሀ ጥማት ፣ የአፍ መድረቅ  ፣ የድካም ስሜት ፣ ማዞር እና አነስተኛ የውሀ ሽንት ካለ ሀኪም ጋር መቅረቦን አይዘንጉ።,list,የምግብ መመረዝ መፍትሄዉ ምንምን ነዉ?,ከፍተኛ የውሀ ጥማት ፣ የአፍ መድረቅ  ፣ የድካም ስሜት ፣ ማዞር እና አነስተኛ የውሀ ሽንት ካለ ሀኪም ጋር መቅረቦን አይዘንጉ።,list
የምግብ መመረዝ ምርመራዎች ምንምን ናቸዉ?,"የደም ምርመራ፣የሰገራ ምርመራ
",list,የምግብ መመረዝ ምርመራዎች ምንምን ናቸዉ?,የደም ምርመራ፣የሰገራ ምርመራ,list
የምግብ መመረዝ ህክምናዉ ምንድን ነዉ?,በተለያዩ ምክንያት ያጡትን ፈሳሽ መተካት ,description,የምግብ መመረዝ ህክምናዉ ምንድን ነዉ?,በተለያዩ ምክንያት ያጡትን ፈሳሽ መተካት,description
የምግብ መመረዝ መከላከያዉ ምንድን ነዉ?,እጅን በአግባቡ መታጠብ እንዲሁ የምግብ ማብሰያን እና መመገቢያ ቁሳቁሶችን በንፅህና መጠበቅ ,description,የምግብ መመረዝ መከላከያዉ ምንድን ነዉ?,እጅን በአግባቡ መታጠብ እንዲሁ የምግብ ማብሰያን እና መመገቢያ ቁሳቁሶችን በንፅህና መጠበቅ,description
ለልጆች የጸሃይ ብርሃን እጥረት ምልክቱ ምንምን ነዉ?,የእግር በተገቢው ቅርጽ አለማደግ፣የጭንቅላት የሚሸፍነው ክፍል ያልጠነከረ መሆን ,list,ለልጆች የጸሃይ ብርሃን እጥረት ምልክቱ ምንምን ነዉ?,የእግር በተገቢው ቅርጽ አለማደግ፣የጭንቅላት የሚሸፍነው ክፍል ያልጠነከረ መሆን,list
ሪኬትስ ምንድን ነዉ?,ሪኬትስ በቫይታሚን ዲ እጥረት ምክንያት የሚፈጠር የአጥንት ችግር ሲሆን አጥንትን የሳሳ እና የደከመ እንዲሆን ያደርጋል ። ,description,ሪኬትስ ምንድን ነዉ?,ሪኬትስ በቫይታሚን ዲ እጥረት ምክንያት የሚፈጠር የአጥንት ችግር ሲሆን አጥንትን የሳሳ እና የደከመ እንዲሆን ያደርጋል ።,description
ለልጆች የጸሃይ ብርሃን እጥረት መንስኤ ምንምን ነዉ?,ቫይታሚን ዲ ያነሰው ምግብ መመገብ፣ጸሃይ በተገቢው አለማግኘት,list,ለልጆች የጸሃይ ብርሃን እጥረት መንስኤ ምንምን ነዉ?,ቫይታሚን ዲ ያነሰው ምግብ መመገብ፣ጸሃይ በተገቢው አለማግኘት,list
ለልጆች የጸሃይ ብርሃን እጥረት መከላከያዉ ምንድን ነዉ?,ልጆችን ጸሃይ ማስሞቅ፣የቫይታሚን ሰፕሊመንት መስጠት ,description,ለልጆች የጸሃይ ብርሃን እጥረት መከላከያዉ ምንድን ነዉ?,ልጆችን ጸሃይ ማስሞቅ፣የቫይታሚን ሰፕሊመንት መስጠት,description
ጡት ማጥባት የማይችሉ ከሆነ ለህፃናት ምን ይሰጣቸዉ?,ጡት ማጥባት የማይችሉ ከሆነ የቆርቆሮ ወተቶችን (ፎርሙላ ወተትን) መጠቀም ይቻላል፡፡,description,ጡት ማጥባት የማይችሉ ከሆነ ለህፃናት ምን ይሰጣቸዉ?,ጡት ማጥባት የማይችሉ ከሆነ የቆርቆሮ ወተቶችን (ፎርሙላ ወተትን) መጠቀም ይቻላል፡፡,description
ልጆች ስንት ወር ጡት ብቻ እንዲወስዱ ይመከራል?,ጤናማ ህፃናት እስከ 6 ወር ድረስ ዉሃ፣ ጭማቂም ይሁን ሌላ ፈሳሾችም ቢሆን አያስፈልጋቸዉም፡፡,factoid,ልጆች ስንት ወር ጡት ብቻ እንዲወስዱ ይመከራል?,ጤናማ ህፃናት እስከ 6 ወር ድረስ ዉሃ፣ ጭማቂም ይሁን ሌላ ፈሳሾችም ቢሆን አያስፈልጋቸዉም፡፡,factoid
አዲስ የተወለደ ልጅዎ በቀን ስንት ጊዜ መመገብ ይገበዋል?,ከስምንት እስከ አስራ ሁለት ጊዜ ,factoid,አዲስ የተወለደ ልጅዎ በቀን ስንት ጊዜ መመገብ ይገበዋል?,ከስምንት እስከ አስራ ሁለት ጊዜ,factoid
ህፃኑ ምግብ ሲፈልግ/ሲራብ ምልክቱ ምንምን ነዉ?,ህፃኑ ምግብ ሲፈልግ/ሲራብ የመወራጨት፣ መጥባት ምልክቶችንና ከንፈሮቹን ማንቀሳቀስ ይጀምራል፡፡ ,list,ህፃኑ ምግብ ሲፈልግ/ሲራብ ምልክቱ ምንምን ነዉ?,ህፃኑ ምግብ ሲፈልግ/ሲራብ የመወራጨት፣ መጥባት ምልክቶችንና ከንፈሮቹን ማንቀሳቀስ ይጀምራል፡፡,list
ልጆች የጠዋት የፀሃይ ብርሃን ሙሉ ሰዉነቱን ስንት ደቂቃ ማሞቅ አለብን?,በየቀኑ የጠዋት የፀሃይ ብርሃን ሙሉ ሰዉነቱን ከሆነ ከ10-15 ደቂቃዎች ማሞቅ፡፡,factoid,ልጆች የጠዋት የፀሃይ ብርሃን ሙሉ ሰዉነቱን ስንት ደቂቃ ማሞቅ አለብን?,በየቀኑ የጠዋት የፀሃይ ብርሃን ሙሉ ሰዉነቱን ከሆነ ከ10-15 ደቂቃዎች ማሞቅ፡፡,factoid
ልጆች የጠዋት የፀሃይ ብርሃን ጭንቅላቱን፣ እጅና እግሮቹን ስንት ደቂቃ ማሞቅ አለብን?,ጭንቅላቱን፣ እጅና እግሮቹን ለ30 ደቂቃዎች ያህል ማሞቅ ያስፈልጋል፡፡,factoid,ልጆች የጠዋት የፀሃይ ብርሃን ጭንቅላቱን፣ እጅና እግሮቹን ስንት ደቂቃ ማሞቅ አለብን?,ጭንቅላቱን፣ እጅና እግሮቹን ለ30 ደቂቃዎች ያህል ማሞቅ ያስፈልጋል፡፡,factoid
ህፃናት ላይ በተደጋጋሚ ቶንሲል የሚከሰተው ለምንድን ነዉ?,ቶንሲል ልትጠቃ የምትችለው ስትረብቶኮከስ ባክቴሪያ አማካኝነት ነው በዚህም ህፃናት ላይ በተደጋጋሚ ሊከሰት ይችላል ከሰው ወደ ሰው የመተላለፍ አቅሙ ከፍተኛ ስለሆነ በተደጋጋሚ እንዲጠቁ ይሆናል፡፡ ,description,ህፃናት ላይ በተደጋጋሚ ቶንሲል የሚከሰተው ለምንድን ነዉ?,ቶንሲል ልትጠቃ የምትችለው ስትረብቶኮከስ ባክቴሪያ አማካኝነት ነው በዚህም ህፃናት ላይ በተደጋጋሚ ሊከሰት ይችላል ከሰው ወደ ሰው የመተላለፍ አቅሙ ከፍተኛ ስለሆነ በተደጋጋሚ እንዲጠቁ ይሆናል፡፡,description
የጎሮሮ ህመም ምልክቱ ምንምን ነዉ?,ትኩሳት፣መጥፎ የአፍ ጠረን፣ለመዋጥ መቸገር,list,የጎሮሮ ህመም ምልክቱ ምንምን ነዉ?,ትኩሳት፣መጥፎ የአፍ ጠረን፣ለመዋጥ መቸገር,list
የጎሮሮ ህመም መፍትሄዉ ምንድን ነዉ?,እንዳይደጋገም መከላከል ቀዝቃዛ ነገሮችን እንዳይወስዱ መጠበቅ፣ ያለበት ሰው ካለ እንዳያስተላልፍ መጠበቅ,description,የጎሮሮ ህመም መፍትሄዉ ምንድን ነዉ?,እንዳይደጋገም መከላከል ቀዝቃዛ ነገሮችን እንዳይወስዱ መጠበቅ፣ ያለበት ሰው ካለ እንዳያስተላልፍ መጠበቅ,description
የጎሮሮ ህመም የበቤተት ዉስጥ መፍትሄዉ ምንምን ነዉ?,ለብ ያለ ውሀ በጨው መጉመጥመጥ፣ሻይ በማር መጠጣት,list,የጎሮሮ ህመም የበቤተት ዉስጥ መፍትሄዉ ምንምን ነዉ?,ለብ ያለ ውሀ በጨው መጉመጥመጥ፣ሻይ በማር መጠጣት,list
ህፃናት ላይ የሚከሰት ሆድ ቁርጠት ምንድን ነዉ?,የልጆች የሆድ ቁርጠት የምንለው ከ3 ሳምንታት የሚበልጥ ጊዜ በሳምንት ከ3 ቀናት ለሚበልጥ ጊዜ የሚኖር ህመም ሲኖር ነው።ቁርጠት ,description,ህፃናት ላይ የሚከሰት ሆድ ቁርጠት ምንድን ነዉ?,የልጆች የሆድ ቁርጠት የምንለው ከ3 ሳምንታት የሚበልጥ ጊዜ በሳምንት ከ3 ቀናት ለሚበልጥ ጊዜ የሚኖር ህመም ሲኖር ነው።ቁርጠት,description
የቁርጠት ምክነያት ምንምን ነዉ?,እየዳበሩ በሚሄዱ ጡንቻዎች፣ጋዝ (ወተት ሲጠባ አብሮት ወደ ሆዱ የሚገባ አየር)፣የወተት አለመስማማት,list,የቁርጠት ምክነያት ምንምን ነዉ?,እየዳበሩ በሚሄዱ ጡንቻዎች፣ጋዝ (ወተት ሲጠባ አብሮት ወደ ሆዱ የሚገባ አየር)፣የወተት አለመስማማት,list
የቁርጠት ህክምናዉ ምንምን ነዉ?,"ሆድን ቀስ እያሉ መዳበስ፣ሞቅ ባለ ውሀ ገላን ማጠብ
",list,የቁርጠት ህክምናዉ ምንምን ነዉ?,ሆድን ቀስ እያሉ መዳበስ፣ሞቅ ባለ ውሀ ገላን ማጠብ,list
የቁርጠት መከላከያዉ ምንምን ነዉ?,"ህፃንን ጡት ወይም ጡጦ ካጠቡ በኋላ ማስገሳት፣ህፃንን ጡት ወይም ጡጦ በሚጠባበት ጊዜ ባዶ አየር እንዳይወስዱ መከታተል
",list,የቁርጠት መከላከያዉ ምንምን ነዉ?,ህፃንን ጡት ወይም ጡጦ ካጠቡ በኋላ ማስገሳት፣ህፃንን ጡት ወይም ጡጦ በሚጠባበት ጊዜ ባዶ አየር እንዳይወስዱ መከታተል,list
የቁርጠት ምልክቱ ምንድን ነዉ?,በተመሳሳይ ሰአት ከፍተኛ ለቅሶ ማሰማት ,description,የቁርጠት ምልክቱ ምንድን ነዉ?,በተመሳሳይ ሰአት ከፍተኛ ለቅሶ ማሰማት,description
ልጄ መቸ ምግብ መጀመር አለበት ? ,ስድስት ወር ሲሞላቸዉ,factoid,ልጄ መቸ ምግብ መጀመር አለበት ?,ስድስት ወር ሲሞላቸዉ,factoid
ህፃናት ጊዜው ሳይደርስ ምግብ ማስጀመር የሚያመጣው ተፅእኖ ምንድን ነዉ?,ትንታ እንዲፈጠር ያደርጋል ምክንያቱም የልጆች አካል  ያልጠነከረ ስለሆነ፣ማግኘት ያለባቸውን ካሎሪን እንዳያገኙ ያደርጋል ,description,ህፃናት ጊዜው ሳይደርስ ምግብ ማስጀመር የሚያመጣው ተፅእኖ ምንድን ነዉ?,ትንታ እንዲፈጠር ያደርጋል ምክንያቱም የልጆች አካል  ያልጠነከረ ስለሆነ፣ማግኘት ያለባቸውን ካሎሪን እንዳያገኙ ያደርጋል,description
ህፃናት ጊዜውን አሳልፎ ምግብ እንዲወስዱ ማድረግ የሚያመጣው ተፅእኖ ምንድን ነዉ?,"ክብደታቸው ከሚጠበቀው በታች ይሆናል፣የአይረን እጥረት ስለሚያጋጥማቸው ለደም ማነስ ይጋለጣሉ 
",description,ህፃናት ጊዜውን አሳልፎ ምግብ እንዲወስዱ ማድረግ የሚያመጣው ተፅእኖ ምንድን ነዉ?,ክብደታቸው ከሚጠበቀው በታች ይሆናል፣የአይረን እጥረት ስለሚያጋጥማቸው ለደም ማነስ ይጋለጣሉ,description
በህፃናት ላይ የሚከሰት ሳል ምልክቱ ምንምን ነዉ?,በመተንፈሻ አካባቢ መጨናነቅ߹ትንፋሽ ማጠር ߹ ትኩሳት እና ከመጠን በላይ ላብ ,list,በህፃናት ላይ የሚከሰት ሳል ምልክቱ ምንምን ነዉ?,በመተንፈሻ አካባቢ መጨናነቅ߹ትንፋሽ ማጠር ߹ ትኩሳት እና ከመጠን በላይ ላብ,list
በህፃናት ላይ የሚከሰት ሳል መንስኤ ምንምን ነዉ?,ጉንፋን፣የሳንባ ምች፣አስም፣ብሮንካተስ,list,በህፃናት ላይ የሚከሰት ሳል መንስኤ ምንምን ነዉ?,ጉንፋን፣የሳንባ ምች፣አስም፣ብሮንካተስ,list
በህፃናት ላይ የሚከሰት የአስም በሽታ ምንድን ነዉ?,አስም የምንለው በልጆች ላይ የሚከሰት የመተንፈሻ አካላት እንዲሁም ሳንባ ላይ የሚደርስ የብግነት ወይም የመቆጣት ስሜት ,description,በህፃናት ላይ የሚከሰት የአስም በሽታ ምንድን ነዉ?,አስም የምንለው በልጆች ላይ የሚከሰት የመተንፈሻ አካላት እንዲሁም ሳንባ ላይ የሚደርስ የብግነት ወይም የመቆጣት ስሜት,description
በህፃናት ላይ የሚከሰት የአስም በሽታ መንስኤ ምንድን ነዉ?,"በዘር የሚመጣ የአስም በሽታ፣ለሲጋራ ጭስ እንዲሁም ለአየር ብክለት መጋለጥ
",description,በህፃናት ላይ የሚከሰት የአስም በሽታ መንስኤ ምንድን ነዉ?,በዘር የሚመጣ የአስም በሽታ፣ለሲጋራ ጭስ እንዲሁም ለአየር ብክለት መጋለጥ,description
ህፃናት ላይ የሚከሰት የአስም በሽታ ምልክቱ ምንምን ነዉ?,"ተደጋጋሚ የሆነ ሳል፣አየር በሚያስወጡ ጊዜ ያልተለመደ ድምጽ መስማት
",list,ህፃናት ላይ የሚከሰት የአስም በሽታ ምልክቱ ምንምን ነዉ?,ተደጋጋሚ የሆነ ሳል፣አየር በሚያስወጡ ጊዜ ያልተለመደ ድምጽ መስማት,list
ልጆች የእድገት ደረጃ ከ12ኛ ወር እስከ ሁለት ዓመት ምልክቱ ምንድን ነዉ?,ልጆች የሚያሳዩት እድገት በጣም ብዙ ለውጥ ይዞ ይመጣል። ,description,ልጆች የእድገት ደረጃ ከ12ኛ ወር እስከ ሁለት ዓመት ምልክቱ ምንድን ነዉ?,ልጆች የሚያሳዩት እድገት በጣም ብዙ ለውጥ ይዞ ይመጣል።,description
ልጆች በሁለተኛ ዓመት ልደታቸው ስንት ቃላት ማለት ይችላሉ?,ከሃምሳ እስከ መቶ,factoid,ልጆች በሁለተኛ ዓመት ልደታቸው ስንት ቃላት ማለት ይችላሉ?,ከሃምሳ እስከ መቶ,factoid
ጨቅላ ህፃናት የተወለዱ ጊዜ በቀን ውስጥ ስንት ሰዓታት ይተኛሉ?,ከአስራ ስድስት እስከ ሃያ ሰዓት,factoid,ጨቅላ ህፃናት የተወለዱ ጊዜ በቀን ውስጥ ስንት ሰዓታት ይተኛሉ?,ከአስራ ስድስት እስከ ሃያ ሰዓት,factoid
የጨቅላ ህፃናት ቢጫ መሆን ማለት ምን ማለት ነዉ?,የጨቅላ ህፃን ቢጫ መሆን የሚከሰተዉ የህፃኑ ከመጠን ያለፈና ቢጫ መልክ ያለዉ ቢሊሩቢን የሚባለዉ ኬሚካል በህፃኑ ደም ዉስጥ መኖር ነዉ፡፡,definition,የጨቅላ ህፃናት ቢጫ መሆን ማለት ምን ማለት ነዉ?,የጨቅላ ህፃን ቢጫ መሆን የሚከሰተዉ የህፃኑ ከመጠን ያለፈና ቢጫ መልክ ያለዉ ቢሊሩቢን የሚባለዉ ኬሚካል በህፃኑ ደም ዉስጥ መኖር ነዉ፡፡,definition
የጨቅላ ህፃናት ቢጫ መሆን ምልክቱ ምንምን ነዉ?,በልጅዎ የእግር፣እጅና ሆድ አካባቢ ባለዉ ቆዳ ላይ ቢጫ መሆኑ ካለ,list,የጨቅላ ህፃናት ቢጫ መሆን ምልክቱ ምንምን ነዉ?,በልጅዎ የእግር፣እጅና ሆድ አካባቢ ባለዉ ቆዳ ላይ ቢጫ መሆኑ ካለ,list
የጨቅላ ህፃናት ቢጫ መሆን መንስኤ ምንድን ነዉ?,በቂ ወተት ሳያገኙ ቀርተዉ የፈሳሽ እጥረት የገጠማቸዉ ወይም የካሎሪ አወሳሰዳቸዉ አነስተኛ ከሆነ ለቢጫነቱ መከሰት ምክንያት ይሆናል፡፡ ,description,የጨቅላ ህፃናት ቢጫ መሆን መንስኤ ምንድን ነዉ?,በቂ ወተት ሳያገኙ ቀርተዉ የፈሳሽ እጥረት የገጠማቸዉ ወይም የካሎሪ አወሳሰዳቸዉ አነስተኛ ከሆነ ለቢጫነቱ መከሰት ምክንያት ይሆናል፡፡,description
የጨቅላ ህፃናት ቢጫ መሆን የቤት ዉስጥ ህክምናዉ ምንድን ነዉ?,ልጅዎን በበቂ መጠን መመገብ,description,የጨቅላ ህፃናት ቢጫ መሆን የቤት ዉስጥ ህክምናዉ ምንድን ነዉ?,ልጅዎን በበቂ መጠን መመገብ,description
የጨቅላ ህፃናት ቢጫ መሆን መከላከያዉ ምንድን ነዉ?,በበቂ መጠን መመገብ የጨቅላ ህፃናትን ቢጫነት ለመከላከል ያገለግላል፡፡ ,description,የጨቅላ ህፃናት ቢጫ መሆን መከላከያዉ ምንድን ነዉ?,በበቂ መጠን መመገብ የጨቅላ ህፃናትን ቢጫነት ለመከላከል ያገለግላል፡፡,description
የህጻናት የኤሌክትሮኒክስ መጠቀም ጉዳቱ ምንምን ነዉ?,ህጻናት እንደ ላፕቶፕ፣ ታብሌት እና ስማርት ስልኮችን አዘውትረው የሚጠቀሙ ከሆነ ለተለያዩ የማህበራዊ እና የጤና ጉዳቶች ሊዳርጋቸው ይችላል።  ,list,የህጻናት የኤሌክትሮኒክስ መጠቀም ጉዳቱ ምንምን ነዉ?,ህጻናት እንደ ላፕቶፕ፣ ታብሌት እና ስማርት ስልኮችን አዘውትረው የሚጠቀሙ ከሆነ ለተለያዩ የማህበራዊ እና የጤና ጉዳቶች ሊዳርጋቸው ይችላል።,list
የህጻናት የኤሌክትሮኒክስ መጠቀም የጉዳት ምልክቱ ምንምን ነዉ?,የአእምሮ እድገት እክል፣የተዛባ የማህበራዊ ግንኙነት፣ከመጠን ያለፈ ውፍረት፣የእንቅልፍ ማነስ,list,የህጻናት የኤሌክትሮኒክስ መጠቀም የጉዳት ምልክቱ ምንምን ነዉ?,የአእምሮ እድገት እክል፣የተዛባ የማህበራዊ ግንኙነት፣ከመጠን ያለፈ ውፍረት፣የእንቅልፍ ማነስ,list
ከ አንድ ዓመት በታች ላሉ ህፃናት መሰጠት የሌለባቸው ምግቦች ዘርዝር,ማር፣ቸኮሌት፣ስኳር፣ያልተፈጩ ፍራፍሬዎችና ጥራጥሬዎች,list,ከ አንድ ዓመት በታች ላሉ ህፃናት መሰጠት የሌለባቸው ምግቦች ዘርዝር,ማር፣ቸኮሌት፣ስኳር፣ያልተፈጩ ፍራፍሬዎችና ጥራጥሬዎች,list
ከ አንድ ዓመት በታች ላሉ ህፃናት መሰጠት የሌለባቸው መጠጦች ዘርዝር,ሻይ ፣ ቡና ፣ ለስላሳ መጠጦች,list,ከ አንድ ዓመት በታች ላሉ ህፃናት መሰጠት የሌለባቸው መጠጦች ዘርዝር,ሻይ ፣ ቡና ፣ ለስላሳ መጠጦች,list
የህፃናት ጆሮ ኢንፌክሽን ምንድን ነዉ?,በለጋ እድሜ ላይ ያሉ ህፃናት ጆሮዋቸውን መጎተት ከውስጥ ጆሮ ኢንፌክሽን አንዱ ምልክት ነው። ,description,የህፃናት ጆሮ ኢንፌክሽን ምንድን ነዉ?,በለጋ እድሜ ላይ ያሉ ህፃናት ጆሮዋቸውን መጎተት ከውስጥ ጆሮ ኢንፌክሽን አንዱ ምልክት ነው።,description
የህፃናት ጆሮ ኢንፌክሽን አጋላጮች ምንምን ናቸዉ?,አስተኝቶ ልጅን ማጥባት፣የእንጀራ እናት ጡጦን አብዝቶ መጠቀም,list,የህፃናት ጆሮ ኢንፌክሽን አጋላጮች ምንምን ናቸዉ?,አስተኝቶ ልጅን ማጥባት፣የእንጀራ እናት ጡጦን አብዝቶ መጠቀም,list
የህፃናት ጆሮ ኢንፌክሽን ምልክቱ ምንምን ነዉ?,ጆሮን መጎተት፣የጆሮ ህመም፣መነጫነጭ,list,የህፃናት ጆሮ ኢንፌክሽን ምልክቱ ምንምን ነዉ?,ጆሮን መጎተት፣የጆሮ ህመም፣መነጫነጭ,list
በጊዜ ያልታከመ የጆሮ ኢንፌክሽን ጉዳቱ ምንድን ነዉ?,በጊዜ ያልታከመ የጆሮ ኢንፌክሽን ለታምቡር መቀደድና ለማጅራት ገትር ለመስማት ችግር ሊዳርግ ይችላል፡፡,description,በጊዜ ያልታከመ የጆሮ ኢንፌክሽን ጉዳቱ ምንድን ነዉ?,በጊዜ ያልታከመ የጆሮ ኢንፌክሽን ለታምቡር መቀደድና ለማጅራት ገትር ለመስማት ችግር ሊዳርግ ይችላል፡፡,description
የተመጣጠነ ምግብ ማለት ምን ማለት ነዉ? ,የተመጣጠነ ምግብ ማለት መሰረታዊ የሆኑ የምግብ ክፍሎችን የሚያካትት ነው፡፡,definition,የተመጣጠነ ምግብ ማለት ምን ማለት ነዉ?,የተመጣጠነ ምግብ ማለት መሰረታዊ የሆኑ የምግብ ክፍሎችን የሚያካትት ነው፡፡,definition
ሳምባ ምች ምንድን ነዉ?,ሳምባ ምች(ኒሞኒያ) ማለት የሳምባችን የታችኛው እና የመጨረሻው ክፍል መቆጣት እና መታመም ነው:: ,description,ሳምባ ምች ምንድን ነዉ?,ሳምባ ምች(ኒሞኒያ) ማለት የሳምባችን የታችኛው እና የመጨረሻው ክፍል መቆጣት እና መታመም ነው::,description
ሳምባ ምች(ኒሞኒያ) መንስኤው ምንምን ነው?,"በቫይረስ, በባክቴርያ, በፕሮቶዝዋ አልፎ አልፎም በፓራሳይት አማካኝነት ሊመጣ ይቻላል",list,ሳምባ ምች(ኒሞኒያ) መንስኤው ምንምን ነው?,"በቫይረስ, በባክቴርያ, በፕሮቶዝዋ አልፎ አልፎም በፓራሳይት አማካኝነት ሊመጣ ይቻላል",list
ልጆችን ለሳም ባምች(ኒሞኒያ) የሚያጋልጡ ነገሮችን ዘርዝር,የላይኛው የትንፋሽ አካላት ኢንፌክሽን ለምሳሌ ጉፋን፤ የቶንሲል ኢንፌክሽን ,list,ልጆችን ለሳም ባምች(ኒሞኒያ) የሚያጋልጡ ነገሮችን ዘርዝር,የላይኛው የትንፋሽ አካላት ኢንፌክሽን ለምሳሌ ጉፋን፤ የቶንሲል ኢንፌክሽን,list
ሳምባ ምች(ኒሞኒያ) ምልክቱ ምንምን ነዉ?,ቶሎ ቶሎ መተንፈስ፣ትንፋሽ ማጠር እና ለመተፈስ መቸገረ፣ትኩሳት,list,ሳምባ ምች(ኒሞኒያ) ምልክቱ ምንምን ነዉ?,ቶሎ ቶሎ መተንፈስ፣ትንፋሽ ማጠር እና ለመተፈስ መቸገረ፣ትኩሳት,list
አንገር ማለት ምን ማለት ነዉ?,አንገር አንድ እናት ነፍሰ ጡር ከሆነችበት 16ኛዉ የእርግዝና ሳምንት ጀምሮ በወለደች እስከ መጀመሪያዎቹ 7 ቀናት የሚመነጨዉ ቢጫማ የእናት ጡት ወተት ነዉ፡፡,definition,አንገር ማለት ምን ማለት ነዉ?,አንገር አንድ እናት ነፍሰ ጡር ከሆነችበት 16ኛዉ የእርግዝና ሳምንት ጀምሮ በወለደች እስከ መጀመሪያዎቹ 7 ቀናት የሚመነጨዉ ቢጫማ የእናት ጡት ወተት ነዉ፡፡,definition
እናት የአንገር ወተት በብዛት እንድታመነጭ የሚረዱ ዘዴዎችነን ዘርዝር,"እናት በቂ የሆኑ ምግቦችን ሞቅ ባለ ፈሳሽ መልክ እንድትወስድ ማበረታታት፣ጡት ከማጥባቷ በፊት ሙቅ ሻዉር መዉሰድ
",list,እናት የአንገር ወተት በብዛት እንድታመነጭ የሚረዱ ዘዴዎችነን ዘርዝር,እናት በቂ የሆኑ ምግቦችን ሞቅ ባለ ፈሳሽ መልክ እንድትወስድ ማበረታታት፣ጡት ከማጥባቷ በፊት ሙቅ ሻዉር መዉሰድ,list
የእናት ጡት ወተት ምንድን ነዉ?,የእናት ጡት ወተት እናት ሰውነት ውስጥ የተሰራ (አንቲ ቦዲ) ሲሆን ሕፃንን ከኢንፌክሽን የሚጠብቅ ነገር አለው። ,description,የእናት ጡት ወተት ምንድን ነዉ?,የእናት ጡት ወተት እናት ሰውነት ውስጥ የተሰራ (አንቲ ቦዲ) ሲሆን ሕፃንን ከኢንፌክሽን የሚጠብቅ ነገር አለው።,description
ኤች አይቪ(HIV) ያላት እናት ቫይረሱ ወደ ሕፃን እንዳይተላለፍ ምን ይደረጋል?,ኤች አይቪ(HIV) ያላት እናት ቫይረሱ ወደ ሕፃን እንዳይተላለፍ የሚያረግ መድኃኒት መውሰድ ትችላለች። ,description,ኤች አይቪ(HIV) ያላት እናት ቫይረሱ ወደ ሕፃን እንዳይተላለፍ ምን ይደረጋል?,ኤች አይቪ(HIV) ያላት እናት ቫይረሱ ወደ ሕፃን እንዳይተላለፍ የሚያረግ መድኃኒት መውሰድ ትችላለች።,description
እናት ኤች አይቪ(HIV) እያላት ጡት ማጥባት ትችላለች?,የኤች አይቪ(HIV) መድሐኒት እናት እና ልጅ ሲወስዱ እናት ጡት በምታጠባበት ጊዜ ኤች አይቪ(HIV) ወደ ሕፃኑ እንዳይተላለፍ ይረዳል። ,description,እናት ኤች አይቪ(HIV) እያላት ጡት ማጥባት ትችላለች?,የኤች አይቪ(HIV) መድሐኒት እናት እና ልጅ ሲወስዱ እናት ጡት በምታጠባበት ጊዜ ኤች አይቪ(HIV) ወደ ሕፃኑ እንዳይተላለፍ ይረዳል።,description
የልጆች የሽንት ቧንቧ ኢንፌክሽን ምንድን ነዉ?,የሽንት ቧንቧ ኢንፌክሽን የምንለው ከኩላሊት እስከ የውሃ ሽንት ማስወገጃ ጫፍ ድረስ የሚከሰተውን የኢንፌክሽን ዓይነት ነው፡፡,description,የልጆች የሽንት ቧንቧ ኢንፌክሽን ምንድን ነዉ?,የሽንት ቧንቧ ኢንፌክሽን የምንለው ከኩላሊት እስከ የውሃ ሽንት ማስወገጃ ጫፍ ድረስ የሚከሰተውን የኢንፌክሽን ዓይነት ነው፡፡,description
የልጆች የሽንት ቧንቧ ኢንፌክሽን ምልክቱ ምንምን ነዉ?,"ቶሎ ቶሎ ሽንት መሽናት፣በሽንት መሽናት ጊዜ ህመም መሰማት ወይም ማልቀስ
",list,የልጆች የሽንት ቧንቧ ኢንፌክሽን ምልክቱ ምንምን ነዉ?,ቶሎ ቶሎ ሽንት መሽናት፣በሽንት መሽናት ጊዜ ህመም መሰማት ወይም ማልቀስ,list
የልጆች የሽንት ቧንቧ ኢንፌክሽን መከላከያዉ ምንድን ነዉ?,ልጅዎ በቂ ፈሳሽ እንዲወሰድ ያበረታቱት,description,የልጆች የሽንት ቧንቧ ኢንፌክሽን መከላከያዉ ምንድን ነዉ?,ልጅዎ በቂ ፈሳሽ እንዲወሰድ ያበረታቱት,description
የጡት ወተት ጥቅምን ዘርዝር,የጡት ወተት እጅግ ምርጡ ተፈጥሯዊ ምግብ ነው; ተመጣጣኝ የሆነ ፕሮቲን ፣ስብ ፣ካርቦሀይድሬት፣ ሚኔራል እና ቫይታሚን አለዉ,list,የጡት ወተት ጥቅምን ዘርዝር,የጡት ወተት እጅግ ምርጡ ተፈጥሯዊ ምግብ ነው; ተመጣጣኝ የሆነ ፕሮቲን ፣ስብ ፣ካርቦሀይድሬት፣ ሚኔራል እና ቫይታሚን አለዉ,list
"እናት ጡት በማጥባት ምን ጥቅሞች ታገኛለች?
","ከወሊድ በኋላ ለሚፈጠር ከፍተኛ የደም መፍሰስ ተጋላጭነት ይቀንሳል፣በእናት እና ልጅ መካከል ያለውን ትስስር ይጨምራል
",description,እናት ጡት በማጥባት ምን ጥቅሞች ታገኛለች?,ከወሊድ በኋላ ለሚፈጠር ከፍተኛ የደም መፍሰስ ተጋላጭነት ይቀንሳል፣በእናት እና ልጅ መካከል ያለውን ትስስር ይጨምራል,description
ክትባት ማለት ምን ማለት ነዉ?,ክትባት ማለት ለመከላከል የፈለግነውን ተህዋሲ የደከመ፣የሞተ፣የተህዋሲውን ክፍል፣የተህዋሲውን የተሻረ መርዝ በመጠቀም የሰውነታችን የመከላከያ መድህንን በማንቃት በተህዋሲው በምንያዝበት ጊዜ እንዳንታመም ወይም ህመሙ ቀላል የሚደረግበት ፍቱን መንገድ ነው።,definition,ክትባት ማለት ምን ማለት ነዉ?,ክትባት ማለት ለመከላከል የፈለግነውን ተህዋሲ የደከመ፣የሞተ፣የተህዋሲውን ክፍል፣የተህዋሲውን የተሻረ መርዝ በመጠቀም የሰውነታችን የመከላከያ መድህንን በማንቃት በተህዋሲው በምንያዝበት ጊዜ እንዳንታመም ወይም ህመሙ ቀላል የሚደረግበት ፍቱን መንገድ ነው።,definition
በክትባት መከላከል የምንችላቸው በሽታዎች ዘርዝር,የሳምባ ነቀርሳ፣የኩፍኝ በሽታ፣የመንጋጋ ቆልፍ በሽታ,list,በክትባት መከላከል የምንችላቸው በሽታዎች ዘርዝር,የሳምባ ነቀርሳ፣የኩፍኝ በሽታ፣የመንጋጋ ቆልፍ በሽታ,list
ክትባቶች እንዴት ሊሰጡ ይችላሉ?,ክትባቶች በአፍ ወይም በመርፌ ሊሰጡ ይችላሉ።,description,ክትባቶች እንዴት ሊሰጡ ይችላሉ?,ክትባቶች በአፍ ወይም በመርፌ ሊሰጡ ይችላሉ።,description
የክትባቶች የጎንዮሽ ጉዳት ምንምን ነዉ?,"ቀላል እና በብዛት የሚያጋጥሙ፣መጠነኛ ትኩሳት፣መርፌ የተዋጋበት ቦታ ማበጥ፣መቅላት ፣ማመም
",list,የክትባቶች የጎንዮሽ ጉዳት ምንምን ነዉ?,ቀላል እና በብዛት የሚያጋጥሙ፣መጠነኛ ትኩሳት፣መርፌ የተዋጋበት ቦታ ማበጥ፣መቅላት ፣ማመም,list
የተቅማጥ ህመም በህፃናት ምንድን ነዉ?,ተቅማጥ ማለት ከ3 ጊዜ በላይ በ24 ስዓት ውስጥ ቀጠን ያለ ሰገራ ወይም አንድ ውሀ የሆነ ሰገራ ማስቀመጥ ነው። ,description,የተቅማጥ ህመም በህፃናት ምንድን ነዉ?,ተቅማጥ ማለት ከ3 ጊዜ በላይ በ24 ስዓት ውስጥ ቀጠን ያለ ሰገራ ወይም አንድ ውሀ የሆነ ሰገራ ማስቀመጥ ነው።,description
የከሰል ጭስ ጉዳትነን ዘርዝር,የማይመለስ/የማይድን የአዕምሮ ጉዳት ማምጣት,list,የከሰል ጭስ ጉዳትነን ዘርዝር,የማይመለስ/የማይድን የአዕምሮ ጉዳት ማምጣት,list
በካርቦን ሞኖ ኦክሳይድ መመረዝ /በጭስ መታፈን ምንድን ነዉ?,"ካርቦን ሞኖ ኦክሳይድ ከለር፣ ሽታና ጣዕም የሌለዉ ከከሰል፣ከተሎከሰ የጋዝ ምድጃ፣ እንጨትና፣ ሌሎች የሃይል ምንጮች/ማገዶዎች የሚወጣ የጋዝ አይነት ነዉ፡፡ 
",description,በካርቦን ሞኖ ኦክሳይድ መመረዝ /በጭስ መታፈን ምንድን ነዉ?,ካርቦን ሞኖ ኦክሳይድ ከለር፣ ሽታና ጣዕም የሌለዉ ከከሰል፣ከተሎከሰ የጋዝ ምድጃ፣ እንጨትና፣ ሌሎች የሃይል ምንጮች/ማገዶዎች የሚወጣ የጋዝ አይነት ነዉ፡፡,description
በካርቦን ሞኖ ኦክሳይድ ጋዝ መመረዝ ምልክቱ ምንምን ነዉ?,"የራስ ምታት፣መደካከም፣መዝለፍለፍ፣ማቅለሽለሽና ማስታወክ
",list,በካርቦን ሞኖ ኦክሳይድ ጋዝ መመረዝ ምልክቱ ምንምን ነዉ?,የራስ ምታት፣መደካከም፣መዝለፍለፍ፣ማቅለሽለሽና ማስታወክ,list
በካርቦን ሞኖ ኦክሳይድ ጋዝ መመረዝ መከላከያዉ ምንድን ነዉ?,ክፍሉ አየር በደንብ እንዲዘዋወርበት ማድረግ,description,በካርቦን ሞኖ ኦክሳይድ ጋዝ መመረዝ መከላከያዉ ምንድን ነዉ?,ክፍሉ አየር በደንብ እንዲዘዋወርበት ማድረግ,description
ህፃናት ላይ የላሽ ምክነያት ምንድን ነዉ?,ህፃናት ላይ የሚታየው የራስ ፀጉር መመለጥ ምክንያቱ የፈንገስ ,description,ህፃናት ላይ የላሽ ምክነያት ምንድን ነዉ?,ህፃናት ላይ የሚታየው የራስ ፀጉር መመለጥ ምክንያቱ የፈንገስ,description
አዋቂዎች ላይ የላሽ ምክነያት ምንድን ነዉ?,በተፈጥሮ የተለያዩ በሽታዎችን የሚከላከልው የሰዉነት በሽታ መከላከያ ስርዓት ሴሎች የሰውነት ፀጉርን በሚያጠቁበት ጊዜ ላሽ ይከሰታል::,description,አዋቂዎች ላይ የላሽ ምክነያት ምንድን ነዉ?,በተፈጥሮ የተለያዩ በሽታዎችን የሚከላከልው የሰዉነት በሽታ መከላከያ ስርዓት ሴሎች የሰውነት ፀጉርን በሚያጠቁበት ጊዜ ላሽ ይከሰታል::,description
የላሽ በሽታ አይነቶችን ዘርዝር,ከአነስተኛ የራስ ቅል ፀጉር መመለጥ እስከ ሙሉ የራስ ቅል ፀጉር መመለጥ ከዚያም በከፋ መልኩ በሁሉም የሰዉነት ክፍሎች የሚገኝ ጸጉር መመለጥ,list,የላሽ በሽታ አይነቶችን ዘርዝር,ከአነስተኛ የራስ ቅል ፀጉር መመለጥ እስከ ሙሉ የራስ ቅል ፀጉር መመለጥ ከዚያም በከፋ መልኩ በሁሉም የሰዉነት ክፍሎች የሚገኝ ጸጉር መመለጥ,list
የላሽ ህክምናዉ ምንድን ነዉ?,ላሽ ሙሉ በሙሉ ፈዉስ የለዉም፤ መጠነኛ ላሽ ካለባቸዉ 5 ሰዎች ዉስጥ 4ቱ በአንድ አመት ጊዜ ዉስጥ ያለምንም ህክምና ፀጉራቸዉ ሙሉ በሙሉ ሊበቅል ይችላል፡፡,description,የላሽ ህክምናዉ ምንድን ነዉ?,ላሽ ሙሉ በሙሉ ፈዉስ የለዉም፤ መጠነኛ ላሽ ካለባቸዉ 5 ሰዎች ዉስጥ 4ቱ በአንድ አመት ጊዜ ዉስጥ ያለምንም ህክምና ፀጉራቸዉ ሙሉ በሙሉ ሊበቅል ይችላል፡፡,description
የላሽ ህክምናዉ መከላከያዉ ምንድን ነዉ?,የራስ ቅል ቆዳ ለፀሃይ ብርሃን እንዳይጎዳ መሸፈን አስፈሊጊ ነዉ,description,የላሽ ህክምናዉ መከላከያዉ ምንድን ነዉ?,የራስ ቅል ቆዳ ለፀሃይ ብርሃን እንዳይጎዳ መሸፈን አስፈሊጊ ነዉ,description
የልብ ህመም መጠቃታችን ምልክቱ ምንምን ነዉ?,የአንገት ህመም፣የወሲብ ችግር፣ጭው ማለት፣ ነፍስን መሳት ወይም የትንፋሽ ማጠር፣የልብ ምት መፍጠን ,list,የልብ ህመም መጠቃታችን ምልክቱ ምንምን ነዉ?,የአንገት ህመም፣የወሲብ ችግር፣ጭው ማለት፣ ነፍስን መሳት ወይም የትንፋሽ ማጠር፣የልብ ምት መፍጠን,list
የልብ ህመም ደረጃዎች ስንት ናቸዉ?,አራት,factoid,የልብ ህመም ደረጃዎች ስንት ናቸዉ?,አራት,factoid
ደረጃ አንድ የልብ ህመም ምልክቱ ምንድን ነዉ?,እዚህ ደረጃ ላይ ያሉ የልብ ታማሚዎች ምንም አይነት ምልክት አያሳዩም ,description,ደረጃ አንድ የልብ ህመም ምልክቱ ምንድን ነዉ?,እዚህ ደረጃ ላይ ያሉ የልብ ታማሚዎች ምንም አይነት ምልክት አያሳዩም,description
ደረጃ አንድ የልብ ህመም ህክምናዉ ምንምን ነዉ?,የአኗኗር አዴን ማስተካከል፣ የልብ መድሀኒቶችን መውሰድ፣ ክትትል ማድረግ,list,ደረጃ አንድ የልብ ህመም ህክምናዉ ምንምን ነዉ?,የአኗኗር አዴን ማስተካከል፣ የልብ መድሀኒቶችን መውሰድ፣ ክትትል ማድረግ,list
ደረጃ ሁለት የልብ ህመም ምልክቱ ምንምን ነዉ?,እዚህ ደረጃ ላይ ያሉ ሰዎች እረፍት በሚያደርጉበት ሰአት ምንም አይነት ምልክት አያሳዩም ሆኖም የእለት እለት እንቅስቃሴ ላይ ሲሆኑ የመድከም፣ የልብ ምት መፍጠን እንዲሁም አየር ማጠር ሊያጋጥማቸው ይችላል፡፡,list,ደረጃ ሁለት የልብ ህመም ምልክቱ ምንምን ነዉ?,እዚህ ደረጃ ላይ ያሉ ሰዎች እረፍት በሚያደርጉበት ሰአት ምንም አይነት ምልክት አያሳዩም ሆኖም የእለት እለት እንቅስቃሴ ላይ ሲሆኑ የመድከም፣ የልብ ምት መፍጠን እንዲሁም አየር ማጠር ሊያጋጥማቸው ይችላል፡፡,list
ደረጃ ሁለት የልብ ህመም ህክምናዉ ምንድን ነዉ?,የአኗኗር ዘዴን ማስተካከል፣ የልብ ህመም መድሀኒቶችን መውሰድ እና ክትትል ማድረግ ናቸው፡፡,description,ደረጃ ሁለት የልብ ህመም ህክምናዉ ምንድን ነዉ?,የአኗኗር ዘዴን ማስተካከል፣ የልብ ህመም መድሀኒቶችን መውሰድ እና ክትትል ማድረግ ናቸው፡፡,description
ደረጃ ሶስት የልብ ህመም ምልክቱ ምንድን ነዉ?,በዚኛው የልብ ህመምደረጃ ላይ ሰዎች ቀላል የሆኑ የእለት እንቅስቃሴዎችን ማለትም ለምሳሌ እንደልብስ መቀየር፣ ምግብ መመገብ ያሉ ተግባራትን በሚያከናውኑበት ሰአት ከፍተኛ የሆነ ድካም፣ የልብ ምት መጨመር እንዲሁም አየር ማጠር ያጋጥማቸዋል፡፡,description,ደረጃ ሶስት የልብ ህመም ምልክቱ ምንድን ነዉ?,በዚኛው የልብ ህመምደረጃ ላይ ሰዎች ቀላል የሆኑ የእለት እንቅስቃሴዎችን ማለትም ለምሳሌ እንደልብስ መቀየር፣ ምግብ መመገብ ያሉ ተግባራትን በሚያከናውኑበት ሰአት ከፍተኛ የሆነ ድካም፣ የልብ ምት መጨመር እንዲሁም አየር ማጠር ያጋጥማቸዋል፡፡,description
ደረጃ ሶስት የልብ ህመም ህክምናዉ ምንድን ነዉ?,በአብዛኛው ቀዶ ህክምና የሚያሻው ደረጃ ነው እንዲሁም ትንሽ ውስብስብነትም ይታይበታል፡፡,description,ደረጃ ሶስት የልብ ህመም ህክምናዉ ምንድን ነዉ?,በአብዛኛው ቀዶ ህክምና የሚያሻው ደረጃ ነው እንዲሁም ትንሽ ውስብስብነትም ይታይበታል፡፡,description
ደረጃ አራት የልብ ህመም ምልክቱ ምንድን ነዉ?,ሰዎች የዚህ የልብ ህመም ደረጃ ላይ ሲደርሱ ማንናውንም እንቅስቃሴ ማከናወን ይሳናቸዋል፡፡ እረፍት አድርገውም ቢሆን እንኳን የተለያዩ ምልክቶችን ያሳያሉ፡፡,description,ደረጃ አራት የልብ ህመም ምልክቱ ምንድን ነዉ?,ሰዎች የዚህ የልብ ህመም ደረጃ ላይ ሲደርሱ ማንናውንም እንቅስቃሴ ማከናወን ይሳናቸዋል፡፡ እረፍት አድርገውም ቢሆን እንኳን የተለያዩ ምልክቶችን ያሳያሉ፡፡,description
ደረጃ አራት የልብ ህመም ህክምናዉ ምንድን ነዉ?,እዚህ ደረጃ የደረሱ ሰዎች በህክምና መዳን አይችሉም ሆኖም ሌሎች እድሜያቸውን ለማራዘም የሚጠቅማቸውን ድጋፎች ይደረግላቸዋል፡፡,description,ደረጃ አራት የልብ ህመም ህክምናዉ ምንድን ነዉ?,እዚህ ደረጃ የደረሱ ሰዎች በህክምና መዳን አይችሉም ሆኖም ሌሎች እድሜያቸውን ለማራዘም የሚጠቅማቸውን ድጋፎች ይደረግላቸዋል፡፡,description
የሬውማቲክ የልብ ህመም ምንድን ነዉ?,የሬውማቲክ የልብ ህመም ገሩፕ ኤ በሚባሉ የሰተሪፐቶኮከስ የባክቴሪያ ኢነፌክሽን ምክንያት አማካኝነት በሚከሰት የጉሮሮ ቁስለት (ቶንሲላይትስ) አማካኝነት የሚመጣ የልብ ህመም ነዉ፡፡ ,description,የሬውማቲክ የልብ ህመም ምንድን ነዉ?,የሬውማቲክ የልብ ህመም ገሩፕ ኤ በሚባሉ የሰተሪፐቶኮከስ የባክቴሪያ ኢነፌክሽን ምክንያት አማካኝነት በሚከሰት የጉሮሮ ቁስለት (ቶንሲላይትስ) አማካኝነት የሚመጣ የልብ ህመም ነዉ፡፡,description
ለልብ ህመም የማይመከሩ ምግቦች ምንድን ናቸዉ?,በፕሮቲን የበለጸጉ ምግቦች ,description,ለልብ ህመም የማይመከሩ ምግቦች ምንድን ናቸዉ?,በፕሮቲን የበለጸጉ ምግቦች,description
የልብ ጤናን ለመጠበቅ የሚረዱ ምግቦችነን ዘርዝር,ነጭ ሽንኩርት፣ቲማቲም፣ዘይታማ አሳ፣ቀረፋ፣አረንጓዴ ሻይ,list,የልብ ጤናን ለመጠበቅ የሚረዱ ምግቦችነን ዘርዝር,ነጭ ሽንኩርት፣ቲማቲም፣ዘይታማ አሳ፣ቀረፋ፣አረንጓዴ ሻይ,list
ለልብ ህመም መከላከያዉ ምንምን ነዉ?,በየቀኑ የአካል ብቃት እንቅስቃሴ ማድረግ፣ጤናማ ሥነ ልቦና፣ሲጋራ ማጨስ ማቆም፣የተመጣጠነ ምግብ መመገብ,list,ለልብ ህመም መከላከያዉ ምንምን ነዉ?,በየቀኑ የአካል ብቃት እንቅስቃሴ ማድረግ፣ጤናማ ሥነ ልቦና፣ሲጋራ ማጨስ ማቆም፣የተመጣጠነ ምግብ መመገብ,list
የልብ እና ከልብ ጋር ተያያዥነት ያላቸው በሽታዎች ዘርዝር,የአንጎል እና የኩላሊት የደም ቧንቧ በሽታዎች፤የራሱ የልብ በሽታዎች፣የደም ግፊት በሽታ ,list,የልብ እና ከልብ ጋር ተያያዥነት ያላቸው በሽታዎች ዘርዝር,የአንጎል እና የኩላሊት የደም ቧንቧ በሽታዎች፤የራሱ የልብ በሽታዎች፣የደም ግፊት በሽታ,list
የልብ እና ከልብ ጋር ተያያዥነት ያላቸው በሽታዎች መንስኤ ምንድን ነዉ?,የደም ቧንቧ መጥበብ (መደንደን),description,የልብ እና ከልብ ጋር ተያያዥነት ያላቸው በሽታዎች መንስኤ ምንድን ነዉ?,የደም ቧንቧ መጥበብ (መደንደን),description
የልብ ድካም ማለት ምን ማለት ነዉ?,የልብ ድካም ለብዙ ጊዜ የሚቆይ ህሙም ሲሆን ካልታከመ ከጊዜ ወደ ጊዜ እየጨመረ የሚሄድ ህመም ሲሆን ልብ ለሰውነታችን በቂ የሆነ ደም ማድረስ አለመቻል ነው። ,definition,የልብ ድካም ማለት ምን ማለት ነዉ?,የልብ ድካም ለብዙ ጊዜ የሚቆይ ህሙም ሲሆን ካልታከመ ከጊዜ ወደ ጊዜ እየጨመረ የሚሄድ ህመም ሲሆን ልብ ለሰውነታችን በቂ የሆነ ደም ማድረስ አለመቻል ነው።,definition
ልብ ስንት ክፍሎች አሉት?,አራት,factoid,ልብ ስንት ክፍሎች አሉት?,አራት,factoid
የልብ ድካም አጋላጭ ሁኔታዎች ምንምን ናቸዉ?,ልብ የደም ስር መጥበብ፣ደም ግፊት ህመም፣ልብ ቋት መዝጊያዎች ችግር,list,የልብ ድካም አጋላጭ ሁኔታዎች ምንምን ናቸዉ?,ልብ የደም ስር መጥበብ፣ደም ግፊት ህመም፣ልብ ቋት መዝጊያዎች ችግር,list
የልብ ድካም ምልክቱ ምንምን ነዉ?,ሳል በተለይም በማታ የሚጨመር፣ጋደም ሲሉ ማፈን፣በማታ የትንፋሽ ማጠር እና የማሳል መጨመር,list,የልብ ድካም ምልክቱ ምንምን ነዉ?,ሳል በተለይም በማታ የሚጨመር፣ጋደም ሲሉ ማፈን፣በማታ የትንፋሽ ማጠር እና የማሳል መጨመር,list
የልብ ድካም ምርመራዎች ምንምን ናቸዉ?,አካላሊ ምርመራ ፦ የደም ግፊፉ ምርመራ ፣ የልብ ምት ምርመራ ፣ የሳምባ ምርመራ,list,የልብ ድካም ምርመራዎች ምንምን ናቸዉ?,አካላሊ ምርመራ ፦ የደም ግፊፉ ምርመራ ፣ የልብ ምት ምርመራ ፣ የሳምባ ምርመራ,list
የልብ ድካም መከላከያዉ ምንምን ነዉ?,"ከፍተኛ ደም ግፊትን መቆጣጠርና ህክምና ማድረግ፣ስኳር በሽታን መቆጣጠር፣ሲጋራ አለማጨስ
",list,የልብ ድካም መከላከያዉ ምንምን ነዉ?,ከፍተኛ ደም ግፊትን መቆጣጠርና ህክምና ማድረግ፣ስኳር በሽታን መቆጣጠር፣ሲጋራ አለማጨስ,list
ድንገተኛ የልብ ህመም ምንድን ነዉ?,ከልብ ጋር የተያያዘ የደረት ህመም የሚከሰተው ወደልብ ጡንቻ የሚሄደው ደም በመቀነሱ ልብ ተገቢውን ኦክስጅን ሳታገኝ ስትቀር ነው።ይህም የልብ የደም ስር በስብ መጠራቀም ምክንያት ሲጠብ፣ ሙሉ በሙሉ ሲዘጋ ወይም የደም ስር በድንገት ሲኮማተር ነው።,description,ድንገተኛ የልብ ህመም ምንድን ነዉ?,ከልብ ጋር የተያያዘ የደረት ህመም የሚከሰተው ወደልብ ጡንቻ የሚሄደው ደም በመቀነሱ ልብ ተገቢውን ኦክስጅን ሳታገኝ ስትቀር ነው።ይህም የልብ የደም ስር በስብ መጠራቀም ምክንያት ሲጠብ፣ ሙሉ በሙሉ ሲዘጋ ወይም የደም ስር በድንገት ሲኮማተር ነው።,description
ድንገተኛ የልብ ህመም አጋላጮች ምንምን ናቸዉ?,"የደም ግፊት፣የስኳር ህመም፣ማጨስ፣ክብደት መጨመር
",list,ድንገተኛ የልብ ህመም አጋላጮች ምንምን ናቸዉ?,የደም ግፊት፣የስኳር ህመም፣ማጨስ፣ክብደት መጨመር,list
ሰው አጠገባችን በሌለበት ድንገተኛ የልብ ድካም ቢያጋጥመን ምን እናድርግ?,በተደጋጋሚና በሃይል እያሳልን መቆየት፡፡,description,ሰው አጠገባችን በሌለበት ድንገተኛ የልብ ድካም ቢያጋጥመን ምን እናድርግ?,በተደጋጋሚና በሃይል እያሳልን መቆየት፡፡,description
የመንጋጋ ቆልፍ ወይም የቲታነስ በሽታ ምንምን ነዉ?,የመንጋጋ ቆልፍ ወይም የቲታነስ በሽታ በአፈር፣ በአቧራ ብናኝ፣ በፍግና በብረት ዝገቶች ላይ ከሚገኙ ቆሻሻዎች ውስጥ ከሚኖር ክሎስትሪዲየም ቲታኒ ከተባለ የባክቴሪያ አባል ነው፡፡,list,የመንጋጋ ቆልፍ ወይም የቲታነስ በሽታ ምንምን ነዉ?,የመንጋጋ ቆልፍ ወይም የቲታነስ በሽታ በአፈር፣ በአቧራ ብናኝ፣ በፍግና በብረት ዝገቶች ላይ ከሚገኙ ቆሻሻዎች ውስጥ ከሚኖር ክሎስትሪዲየም ቲታኒ ከተባለ የባክቴሪያ አባል ነው፡፡,list
የመንጋጋ ቆልፍ ወይም የቲታነስ በሽታ መንስኤ ምንድን ነዉ?,የቴታነስ ህመም የሚመጣዉ ክሎስትሪዲየም ቴታኒ በሚባል ባክቴሪያ ሲሆን ባክቴሪያዉ በአፈር፣ በአቧራ/ቡናኝና የእንስሳት አይነምድር ዉስጥ ይገኛል፡፡ባክቴሪያዉ ቁስል ባለበት ቦታ በሚገባበት ወቅት እዚያ ቦታ በማደግና ቶክሲኖችን ወደ ነርቮች በመልቀቅ ነርቮችን ስራቸዉን በአግባቡ እንዳይሰሩ ያደርጋል፡፡,description,የመንጋጋ ቆልፍ ወይም የቲታነስ በሽታ መንስኤ ምንድን ነዉ?,የቴታነስ ህመም የሚመጣዉ ክሎስትሪዲየም ቴታኒ በሚባል ባክቴሪያ ሲሆን ባክቴሪያዉ በአፈር፣ በአቧራ/ቡናኝና የእንስሳት አይነምድር ዉስጥ ይገኛል፡፡ባክቴሪያዉ ቁስል ባለበት ቦታ በሚገባበት ወቅት እዚያ ቦታ በማደግና ቶክሲኖችን ወደ ነርቮች በመልቀቅ ነርቮችን ስራቸዉን በአግባቡ እንዳይሰሩ ያደርጋል፡፡,description
የመንጋጋ ቆልፍ ወይም የቲታነስ በሽታ ህክምናዉ ምንድን ነዉ?,ዋነኛ ሕክምናው የቲታነስ መድኀን ክትባት ሲሆን በመርፌ የሚሰጥ ነው,description,የመንጋጋ ቆልፍ ወይም የቲታነስ በሽታ ህክምናዉ ምንድን ነዉ?,ዋነኛ ሕክምናው የቲታነስ መድኀን ክትባት ሲሆን በመርፌ የሚሰጥ ነው,description
የመንጋጋ ቆልፍ ወይም የቲታነስ በሽታ መከላከያዉ ምንምን ነዉ?,ለመከላከልም ህፃናት ከአንድ ዓመት በታች እያሉ ሙሉ ለሙሉ ማስከተብ፣ ተጋላጭ በሆኑ አካባቢዎች የሚኖሩ ሰዎች ቀድመው ቢከተቡ እንዲሁም ነብሰጡሮች ንፅህናውን በጠበቀ መልኩ በሆስፒታል ቢወልዱ የሚመከር ነው። ክትባቱን መውሰድ ከስጋት ያድናል፡፡,list,የመንጋጋ ቆልፍ ወይም የቲታነስ በሽታ መከላከያዉ ምንምን ነዉ?,ለመከላከልም ህፃናት ከአንድ ዓመት በታች እያሉ ሙሉ ለሙሉ ማስከተብ፣ ተጋላጭ በሆኑ አካባቢዎች የሚኖሩ ሰዎች ቀድመው ቢከተቡ እንዲሁም ነብሰጡሮች ንፅህናውን በጠበቀ መልኩ በሆስፒታል ቢወልዱ የሚመከር ነው። ክትባቱን መውሰድ ከስጋት ያድናል፡፡,list
የመንጋጋ ቆልፍ ወይም የቲታነስ በሽታ ምልክቱ ምንምን ነዉ?,"በመንጋጋ ጡንቻዎች ላይ የመኮማተርና የመድረቅ/የመቆለፍ ስሜት መከሰት፣የአንገት ጡንቻዎች መገተር፣የመዋጥ ችግር
",list,የመንጋጋ ቆልፍ ወይም የቲታነስ በሽታ ምልክቱ ምንምን ነዉ?,በመንጋጋ ጡንቻዎች ላይ የመኮማተርና የመድረቅ/የመቆለፍ ስሜት መከሰት፣የአንገት ጡንቻዎች መገተር፣የመዋጥ ችግር,list
ሱስ ምንድን ነዉ?,ሱስ አምጪ ንጥረ ነገሮች መጠቀም ለተለያዩ ተላላፊም የሆኑና ተላላፊ ያልሆኑ ችግሮች የሚጋልጥ መሆኑ ይታወቃል፡፡ ,description,ሱስ ምንድን ነዉ?,ሱስ አምጪ ንጥረ ነገሮች መጠቀም ለተለያዩ ተላላፊም የሆኑና ተላላፊ ያልሆኑ ችግሮች የሚጋልጥ መሆኑ ይታወቃል፡፡,description
የሱስ አይነቶችን ዘርዝር,አነቃቂ፣አደንዛዥ,list,የሱስ አይነቶችን ዘርዝር,አነቃቂ፣አደንዛዥ,list
የሱስ ጉዳቶችን ዘርዝር,ሰነ-ልቦናዊ ጉዳቶች፣ማህበራዊ ጉዳቶች፣ኢኮኖሚያዊ ጉዳቶች፣አካላዊ ጉዳቶች ,list,የሱስ ጉዳቶችን ዘርዝር,ሰነ-ልቦናዊ ጉዳቶች፣ማህበራዊ ጉዳቶች፣ኢኮኖሚያዊ ጉዳቶች፣አካላዊ ጉዳቶች,list
የሱስ መፍትሄዉ ምንድን ነዉ?,"በመጀመሪያ ሱስ የሚታከም የአእምሮ በሽታ መሆኑን በማመን ለመታከም ዝግጁ መሆን
",description,የሱስ መፍትሄዉ ምንድን ነዉ?,በመጀመሪያ ሱስ የሚታከም የአእምሮ በሽታ መሆኑን በማመን ለመታከም ዝግጁ መሆን,description
ጫት ለረጅም ጊዜያት የሚቅሙ ሰዎች የሚገጥሟቸው የጤና እንከኖችን ዘርዝር,"የጥርስ መበስበስ፣የምግብ ፍላጎት መቀነስ፣የስሜት መረበሽ፣ከፍተኛ የድካም ስሜት
",list,ጫት ለረጅም ጊዜያት የሚቅሙ ሰዎች የሚገጥሟቸው የጤና እንከኖችን ዘርዝር,የጥርስ መበስበስ፣የምግብ ፍላጎት መቀነስ፣የስሜት መረበሽ፣ከፍተኛ የድካም ስሜት,list
የጫት ሱሰኝነትን ለማቆም መደረግ ያለባቸው ነገሮች ዘርዝር,"በተቻለ መጠን ተመሳሳይ የሱስ ችግር ካለባቸው የህብረተሰብ ክፍሎች መራቅ
",list,የጫት ሱሰኝነትን ለማቆም መደረግ ያለባቸው ነገሮች ዘርዝር,በተቻለ መጠን ተመሳሳይ የሱስ ችግር ካለባቸው የህብረተሰብ ክፍሎች መራቅ,list
ስነት ምን ማለት ነዉ? ,ስነት ማለት የረጅም ወይም የአጭር ጊዜ የአካል፣ የአእምሮ፣ የማሰብ፣ የማየት፣ የመስማት እና የሌሎች የአካልና የስሜት ሕዋሳት መጎዳት ነው፡፡ ,definition,ስነት ምን ማለት ነዉ?,ስነት ማለት የረጅም ወይም የአጭር ጊዜ የአካል፣ የአእምሮ፣ የማሰብ፣ የማየት፣ የመስማት እና የሌሎች የአካልና የስሜት ሕዋሳት መጎዳት ነው፡፡,definition
አካል ጉዳት ምንድን ነዉ?,የረጅም ወይም የአጭር ጊዜ የአካል፣ የአእምሮ፣ የማሰብ፣ የማየት፣ የመስማት እና የሌሎች የአካልና የስሜት ሕዋሳት መጎዳት,description,አካል ጉዳት ምንድን ነዉ?,የረጅም ወይም የአጭር ጊዜ የአካል፣ የአእምሮ፣ የማሰብ፣ የማየት፣ የመስማት እና የሌሎች የአካልና የስሜት ሕዋሳት መጎዳት,description
የስነት መንስኤዎችን ዘርዝር,ከባበያዊ፣ መልከዓ ምድራዊ/ ቁስ አካላዊ፣ የአመለካከት፣ ተቋማዊ፣ የተግባቦት ተግዳሮቶች,list,የስነት መንስኤዎችን ዘርዝር,ከባበያዊ፣ መልከዓ ምድራዊ/ ቁስ አካላዊ፣ የአመለካከት፣ ተቋማዊ፣ የተግባቦት ተግዳሮቶች,list
የስነት አይነቶችን ዘርዝር,"ማየት መሳን (በከፊልና ሙሉ በሙሉ ማየት መሳን)፣መስማት መሳን (በከፊልና ሙሉ በሙሉ የመስማት መሳን)፣የእንቅስቃሴ አካል ጉዳት እና የመሳሰሉት
",list,የስነት አይነቶችን ዘርዝር,ማየት መሳን (በከፊልና ሙሉ በሙሉ ማየት መሳን)፣መስማት መሳን (በከፊልና ሙሉ በሙሉ የመስማት መሳን)፣የእንቅስቃሴ አካል ጉዳት እና የመሳሰሉት,list
ፎረፎር ምንድን ነዉ?,ፎረፎር ብዙ ጊዜ የሚከሰትና የራስ ቆዳ እየተቀረፈ እንዲፈረፈር፣ እነዲላላጥና እንዲራገፍ የሚያደርግ የራስ ቆዳ ችግር ነዉ፡፡  ,description,ፎረፎር ምንድን ነዉ?,ፎረፎር ብዙ ጊዜ የሚከሰትና የራስ ቆዳ እየተቀረፈ እንዲፈረፈር፣ እነዲላላጥና እንዲራገፍ የሚያደርግ የራስ ቆዳ ችግር ነዉ፡፡,description
ፎረፎር አጋላጮች ምንምን ናቸዉ?,ጭንቅላት ላይ የሚያድጉ ባክቴርያ እና ፈንገሶች የበሽታው መንስኤ ሊሆኑ ይችላሉ።,list,ፎረፎር አጋላጮች ምንምን ናቸዉ?,ጭንቅላት ላይ የሚያድጉ ባክቴርያ እና ፈንገሶች የበሽታው መንስኤ ሊሆኑ ይችላሉ።,list
ፎረፎር ምልክቱ ምንድን ነዉ?,በሽታው የጭንቅላታችን ቆዳ እንዲደርቅ እና እንዲያሳክከን ያደርጋል።,description,ፎረፎር ምልክቱ ምንድን ነዉ?,በሽታው የጭንቅላታችን ቆዳ እንዲደርቅ እና እንዲያሳክከን ያደርጋል።,description
ፎረፎር መከላከያዉ ምንድን ነዉ?,በተለያዩ ሻምፖዎች እና ሳሙናዎች መታጠብ,description,ፎረፎር መከላከያዉ ምንድን ነዉ?,በተለያዩ ሻምፖዎች እና ሳሙናዎች መታጠብ,description
ፎረፎር ህክምናዉ ምንድን ነዉ?,ፎረፎርን ለማከም የሚረዱ የሻምፖ አይነቶችን በመጠቀም ችግሩ እንዲቃለል ማድረግ ይችላል፡፡,description,ፎረፎር ህክምናዉ ምንድን ነዉ?,ፎረፎርን ለማከም የሚረዱ የሻምፖ አይነቶችን በመጠቀም ችግሩ እንዲቃለል ማድረግ ይችላል፡፡,description
ፎረፎር በቤት ዉስጥ መፍትሄዉ ምንምን ነዉ?,የኮኮናት ዘይት፣የመጋገርያ እርሾ፣የወይራ ዘይት፣የሎሚ ጭማቂ ጸረ ፈንገስ የሆነ አሲዳማዊ ይዘት አለው። ,list,ፎረፎር በቤት ዉስጥ መፍትሄዉ ምንምን ነዉ?,የኮኮናት ዘይት፣የመጋገርያ እርሾ፣የወይራ ዘይት፣የሎሚ ጭማቂ ጸረ ፈንገስ የሆነ አሲዳማዊ ይዘት አለው።,list
አልዛይመርን ተርጉም,የማሰታወስ ችሎታን መታወክን ጨምሮ ሌሎች የተያያዙ ችግርችን በማሰከተል ቀዳሚ ደረጃ ላይ የሚገኝ በሽታ ነው፡፡,definition,አልዛይመርን ተርጉም,የማሰታወስ ችሎታን መታወክን ጨምሮ ሌሎች የተያያዙ ችግርችን በማሰከተል ቀዳሚ ደረጃ ላይ የሚገኝ በሽታ ነው፡፡,definition
አልዛይመር መንስኤ ምንድን ነዉ?,በሽታው በቤተሰብ ማለትም በዘር የሚታላለፍ ነዉ,description,አልዛይመር መንስኤ ምንድን ነዉ?,በሽታው በቤተሰብ ማለትም በዘር የሚታላለፍ ነዉ,description
አልዛይመር ምልክቱ ምንድን ነዉ?,የመርሳት ወይም የመዘንጋት ሁኔታዎች ,description,አልዛይመር ምልክቱ ምንድን ነዉ?,የመርሳት ወይም የመዘንጋት ሁኔታዎች,description
የአልዛይመር ምርመራዎች ምንድን ናቸዉ?,የተለያዪ አእመሮንና አንጎልን የሚመለከቱ ምርመራዎች ይደረጋሉ፡፡ ,description,የአልዛይመር ምርመራዎች ምንድን ናቸዉ?,የተለያዪ አእመሮንና አንጎልን የሚመለከቱ ምርመራዎች ይደረጋሉ፡፡,description
አልዛይመር ህክምናዉ ምንድን ነዉ?,ይህን በሽታ የሚያድን ህክምና በአሁኑ ጊዜ የለም፡፡ በሽታውን  የሚያዘገዩ መድሃኒቶች ቢኖሮም በሽታውን መመለስ አይችሉም፡፡ ,description,አልዛይመር ህክምናዉ ምንድን ነዉ?,ይህን በሽታ የሚያድን ህክምና በአሁኑ ጊዜ የለም፡፡ በሽታውን  የሚያዘገዩ መድሃኒቶች ቢኖሮም በሽታውን መመለስ አይችሉም፡፡,description
ነስርን ተርጉም,ነስር ማለት ደም በአፍንጫ መፍሰስ ሲሆን በጣም በሰፊው የሚገኝ ችግር ነው። ,definition,ነስርን ተርጉም,ነስር ማለት ደም በአፍንጫ መፍሰስ ሲሆን በጣም በሰፊው የሚገኝ ችግር ነው።,definition
ነስር በስንት ይከፈላል?,በሁለት- ከፊተኛው የአፍንጫችን ክፍል የሚመጣ ነስር (ቀዳሚ ነስር) እና ከኋለኛው የአፍንጫችን ክፍል የሚመጣ ነስር (የኋላ ነስር),factoid,ነስር በስንት ይከፈላል?,በሁለት- ከፊተኛው የአፍንጫችን ክፍል የሚመጣ ነስር (ቀዳሚ ነስር) እና ከኋለኛው የአፍንጫችን ክፍል የሚመጣ ነስር (የኋላ ነስር),factoid
ነስር ምልክቱ ምንድን ነዉ?,በአፍንጫ ላይ ከውጭ የሚከሰት አደጋ ወይንም አፍንጫ በመጎርጎር ምክንያት,description,ነስር ምልክቱ ምንድን ነዉ?,በአፍንጫ ላይ ከውጭ የሚከሰት አደጋ ወይንም አፍንጫ በመጎርጎር ምክንያት,description
ነስር ህክምናዉ ምንድን ነዉ?,ሁለቱም የአፍንጫ ቀዳዳዎች በአውራ ጣትዎ እና በጠቋሚ ታትም ግጥም አድርጎ ለአስር ደቂቃ ይዞ ማቆየት,description,ነስር ህክምናዉ ምንድን ነዉ?,ሁለቱም የአፍንጫ ቀዳዳዎች በአውራ ጣትዎ እና በጠቋሚ ታትም ግጥም አድርጎ ለአስር ደቂቃ ይዞ ማቆየት,description
ነስር ከተከሰተ በኋላ ወደ ሐኪም መሄድ የሚያስፈልገው መቸ ነው?,አፍንጫዎን ለ 10 ደቂቃ ያህል ይዘው ቆይተው ነስሩ የሚያቆም ካልሆነ,factoid,ነስር ከተከሰተ በኋላ ወደ ሐኪም መሄድ የሚያስፈልገው መቸ ነው?,አፍንጫዎን ለ 10 ደቂቃ ያህል ይዘው ቆይተው ነስሩ የሚያቆም ካልሆነ,factoid
ለነስር ሐኪምዎን ማማከር የሚያስፈልገው መቸ ነው?,በተደጋጋሚ ነስር የሚያስቸግርዎ ከሆነ,factoid,ለነስር ሐኪምዎን ማማከር የሚያስፈልገው መቸ ነው?,በተደጋጋሚ ነስር የሚያስቸግርዎ ከሆነ,factoid
ነስር ምርመራዎች ምንድን ናቸዉ?,ከባድ እና በተደጋጋሚ የተከሰተ እንዲሁም ሌሎች ተያያዥ ምልክቶች ካሉ ሙሉ የደም ምርመራ ሊያስፈልግ ይችላል።,description,ነስር ምርመራዎች ምንድን ናቸዉ?,ከባድ እና በተደጋጋሚ የተከሰተ እንዲሁም ሌሎች ተያያዥ ምልክቶች ካሉ ሙሉ የደም ምርመራ ሊያስፈልግ ይችላል።,description
ነስር መከላከያዉ ምንምን ነዉ?,"ሙቅ ሻወር አለመውሰድ፣አለመነካካት፣ድርቀትን መከላከል
",list,ነስር መከላከያዉ ምንምን ነዉ?,ሙቅ ሻወር አለመውሰድ፣አለመነካካት፣ድርቀትን መከላከል,list
የራስ ምታት ህመም ማለት ምን ማለት ነዉ?,በአንጐላችን ውስጥ የሚገኙ የደምስሮች በተለያዩ ምክንያቶች ቀድሞ ከነበራቸው መጠን ሲጨምሩና ሲቀንሱ፣ ሲያብጡና ሲለጠጡ ለራስ ምታት ህመም ይዳርጋሉ፡፡ ,definition,የራስ ምታት ህመም ማለት ምን ማለት ነዉ?,በአንጐላችን ውስጥ የሚገኙ የደምስሮች በተለያዩ ምክንያቶች ቀድሞ ከነበራቸው መጠን ሲጨምሩና ሲቀንሱ፣ ሲያብጡና ሲለጠጡ ለራስ ምታት ህመም ይዳርጋሉ፡፡,definition
ራስምታት ስንት ክፍሎች አሉት?,ሶስት፡ ማይግሪን ሄዴክ፣ቴንሽን ሄዴክ፣ክላስተር ሄዴክ,factoid,ራስምታት ስንት ክፍሎች አሉት?,ሶስት፡ ማይግሪን ሄዴክ፣ቴንሽን ሄዴክ፣ክላስተር ሄዴክ,factoid
ማይግሪን ሄዴክ ማለት ምን ማለት ነዉ?,ይህ ራስ ምታት በአንደኛው የጭንቅላታችን ክፍል ላይ ይበረታል፡፡ ,definition,ማይግሪን ሄዴክ ማለት ምን ማለት ነዉ?,ይህ ራስ ምታት በአንደኛው የጭንቅላታችን ክፍል ላይ ይበረታል፡፡,definition
ማይግሪን ህመሙ ከጀመረ እስኪጠፋ ድረስ ስንት ሰዓታትን ሊወስድ ይችላል?,ከ4-72 ሰዓታትን ,factoid,ማይግሪን ህመሙ ከጀመረ እስኪጠፋ ድረስ ስንት ሰዓታትን ሊወስድ ይችላል?,ከ4-72 ሰዓታትን,factoid
ማይግሪን ምልክቱ ምንምን ነዉ?,እንቅልፍ እንቅልፍ ማለት፣ መደበት፣ መዛል፣ አብዝቶ ማዛጋትና መቁነጥነጥ ዋንኞቹ ናቸው፡፡ ,list,ማይግሪን ምልክቱ ምንምን ነዉ?,እንቅልፍ እንቅልፍ ማለት፣ መደበት፣ መዛል፣ አብዝቶ ማዛጋትና መቁነጥነጥ ዋንኞቹ ናቸው፡፡,list
ማይግሪን ራስ ምታቱ ከጀመረኝ በኋላ ምን ላደርግ እችላለሁ? ,"አንዴ ራስ ምታቱ ከጀመረህ በኋላ መድሃኒት በመውሰድ ፀጥ እና ጨለም ያለ ቦታ ላይ እረፍት አድርግ፡፡ ቀዝቃዛ ነገር ለምሳሌ በፎጣ የተጠቀለለ በረዶ ግምባርህ ላይ ማድረግ እንዲሁም ቡና መጠጣት ሊረዳህ ይችላል፡፡
",description,ማይግሪን ራስ ምታቱ ከጀመረኝ በኋላ ምን ላደርግ እችላለሁ?,አንዴ ራስ ምታቱ ከጀመረህ በኋላ መድሃኒት በመውሰድ ፀጥ እና ጨለም ያለ ቦታ ላይ እረፍት አድርግ፡፡ ቀዝቃዛ ነገር ለምሳሌ በፎጣ የተጠቀለለ በረዶ ግምባርህ ላይ ማድረግ እንዲሁም ቡና መጠጣት ሊረዳህ ይችላል፡፡,description
ማይግሪን መከላከያዉ ምንምን ነዉ?,ጭንቀትን ማስወገድ፣ ምግብ በሰአቱ መብላት፣ እንቅልፍ በልኩ መተኛት፣ አልኮል መጠጦችን ማስወገድ ,list,ማይግሪን መከላከያዉ ምንምን ነዉ?,ጭንቀትን ማስወገድ፣ ምግብ በሰአቱ መብላት፣ እንቅልፍ በልኩ መተኛት፣ አልኮል መጠጦችን ማስወገድ,list
ማይግሪን ህክምናዉ ምንድን ነዉ?,ምንም እኳን በሽታው የማይድን ቢሆንም በአሁኑ ጊዜ ብዙ መድሃኒቶች እየተፈበረኩ ሲሆን ከብቃታቸው አንፃር ስናይም በጣም ጥሩ ናቸው፡፡ ,description,ማይግሪን ህክምናዉ ምንድን ነዉ?,ምንም እኳን በሽታው የማይድን ቢሆንም በአሁኑ ጊዜ ብዙ መድሃኒቶች እየተፈበረኩ ሲሆን ከብቃታቸው አንፃር ስናይም በጣም ጥሩ ናቸው፡፡,description
ማይግሪን መንስኤ ምንድን ነዉ?,ማይግሪን በዘር የመተላለፍ ዕድል አለው፡፡,description,ማይግሪን መንስኤ ምንድን ነዉ?,ማይግሪን በዘር የመተላለፍ ዕድል አለው፡፡,description
ቴንሽን ሄዴክ ምንድን ነዉ?,በጭንቅላትና በአንገት አካባቢ የመደደርና የመጫጫን ሁኔታን ይፈጥራል፡፡ ,description,ቴንሽን ሄዴክ ምንድን ነዉ?,በጭንቅላትና በአንገት አካባቢ የመደደርና የመጫጫን ሁኔታን ይፈጥራል፡፡,description
ቴንሽን ሄዴክ ህክምናዉ ምንምን ነዉ?,የቴንሽን ራስምታትን ለማከም፣ ለቀላል ሚግሬይን የተጠቀሱትን ያለ ሐኪም ትዕዛዝ የሚወሰዱ መድሃኒቶች መጠቀም ይቻላል፡፡ ,list,ቴንሽን ሄዴክ ህክምናዉ ምንምን ነዉ?,የቴንሽን ራስምታትን ለማከም፣ ለቀላል ሚግሬይን የተጠቀሱትን ያለ ሐኪም ትዕዛዝ የሚወሰዱ መድሃኒቶች መጠቀም ይቻላል፡፡,list
ክላስተር ሄዴክ ምንድን ነዉ?,ህመሙ በተለይም በዓይን አካባቢ በስፋት ይገለፃል፡፡,description,ክላስተር ሄዴክ ምንድን ነዉ?,ህመሙ በተለይም በዓይን አካባቢ በስፋት ይገለፃል፡፡,description
ክላስተር ሄዴክ መንስኤ ምንድን ነዉ?,ጊዜ በፈረቃ በሚሰሩና የእንቅልፍ ሰዓታቸውን በአግባቡ በማይጠቀሙ ሰዎች ላይ ይከሰታል፡፡ አልኮል መጠጣትና ሲጋራ ማጨስም ለዚህ ህመም መከሰት ምክንያቶች ይሆናሉ፡፡,description,ክላስተር ሄዴክ መንስኤ ምንድን ነዉ?,ጊዜ በፈረቃ በሚሰሩና የእንቅልፍ ሰዓታቸውን በአግባቡ በማይጠቀሙ ሰዎች ላይ ይከሰታል፡፡ አልኮል መጠጣትና ሲጋራ ማጨስም ለዚህ ህመም መከሰት ምክንያቶች ይሆናሉ፡፡,description
ክላስተር ሄዴክ ህክምናዉ ምንድን ነዉ?,አንድ ጊዜ የጀመረውን ህመም ለማስቆም መቶ በመቶ የሆነ የኦክስጅን ጋዝ ከ 8-10 ሊትር በደቂቃ ለዚሁ በተዘጋጀ ማስክ አማካይነት ከ 10-15 በመተንፈስ፣ ጎን ለጎንም ወይም ዝርያ መድሃኒቶች መውሰድ ፍቱን ነው፡፡,description,ክላስተር ሄዴክ ህክምናዉ ምንድን ነዉ?,አንድ ጊዜ የጀመረውን ህመም ለማስቆም መቶ በመቶ የሆነ የኦክስጅን ጋዝ ከ 8-10 ሊትር በደቂቃ ለዚሁ በተዘጋጀ ማስክ አማካይነት ከ 10-15 በመተንፈስ፣ ጎን ለጎንም ወይም ዝርያ መድሃኒቶች መውሰድ ፍቱን ነው፡፡,description
ክላስተር ሄዴክ ምልክቱ ምንምን ነዉ?,ዓይን ቀይ ይሆናል (ደም ይለብሳል)፣ ዕንባ በብዛት ያመጣል፣ አፍንጫ አካባቢ የማቃጠል ስሜት ይኖራል፡፡ ,list,ክላስተር ሄዴክ ምልክቱ ምንምን ነዉ?,ዓይን ቀይ ይሆናል (ደም ይለብሳል)፣ ዕንባ በብዛት ያመጣል፣ አፍንጫ አካባቢ የማቃጠል ስሜት ይኖራል፡፡,list
በራስ ምታት ህመም ከሚገለጡ ከባድ የጤና ችግሮች መካከል ዘርዝር,በራስ ምታት ህመም ከሚገለጡ ከባድ የጤና ችግሮች መካከል፣ ድንገተኛና ከፍተኛ ደረጃ ላይ የደረሰ የደም ግፊት፣ ማጅራት ገትር፣ ዐይናችን ውስጥ የሚፈጠር ድንገተኛ የፈሳሽ ግፊት መጨመር (ግላኮማ)፣ በአንጎላችን ውስጥ የሚፈጠር ብግነት፣ ,list,በራስ ምታት ህመም ከሚገለጡ ከባድ የጤና ችግሮች መካከል ዘርዝር,በራስ ምታት ህመም ከሚገለጡ ከባድ የጤና ችግሮች መካከል፣ ድንገተኛና ከፍተኛ ደረጃ ላይ የደረሰ የደም ግፊት፣ ማጅራት ገትር፣ ዐይናችን ውስጥ የሚፈጠር ድንገተኛ የፈሳሽ ግፊት መጨመር (ግላኮማ)፣ በአንጎላችን ውስጥ የሚፈጠር ብግነት፣,list
የራስምታት የሚያመጡ የተለያዩ ምክንያቶችን ዘርዝር,"በጭንቅላት ላይ የደረሰ አደጋ፣የአንጎል ደም ስሮች ውስጥ የሚከሰት መጓጎል፣የአንጎል የደም ስሮች መለጠጥ፣ መሳሳትና መፈንዳት 
",list,የራስምታት የሚያመጡ የተለያዩ ምክንያቶችን ዘርዝር,በጭንቅላት ላይ የደረሰ አደጋ፣የአንጎል ደም ስሮች ውስጥ የሚከሰት መጓጎል፣የአንጎል የደም ስሮች መለጠጥ፣ መሳሳትና መፈንዳት,list
"ራስ ምታት መቸ ሊያሰጋኝ ይገባል?

",ከአንድ ሳምንት በላይ ከቆየ,factoid,ራስ ምታት መቸ ሊያሰጋኝ ይገባል?,ከአንድ ሳምንት በላይ ከቆየ,factoid
በጭንቀት ምክንያት የሚመጣ እራስ ምታት ምንድን ነው?,ህመሙ በጣም የማይጠና ሲሆን ከመውጋት ይልቅ የጭንቅላትን ሁሉንም አካባቢ የሚሸፍን የመጠዝጠዝ ስሜት አለው፡፡ ,description,በጭንቀት ምክንያት የሚመጣ እራስ ምታት ምንድን ነው?,ህመሙ በጣም የማይጠና ሲሆን ከመውጋት ይልቅ የጭንቅላትን ሁሉንም አካባቢ የሚሸፍን የመጠዝጠዝ ስሜት አለው፡፡,description
በጭንቀት ምክንያት የሚመጣ ራስ ምታት ምልክቶች ምንድን ናቸው?,በሁሉም የጭንቅላትአካባቢ እኩል የሚሰማ በጣም ከባድ ያልሆነ የመጠዝጠዝ አይነት ህመም ዋና ምልክቱ ነው፡፡ ,description,በጭንቀት ምክንያት የሚመጣ ራስ ምታት ምልክቶች ምንድን ናቸው?,በሁሉም የጭንቅላትአካባቢ እኩል የሚሰማ በጣም ከባድ ያልሆነ የመጠዝጠዝ አይነት ህመም ዋና ምልክቱ ነው፡፡,description
በጭንቀት ምክንያት የሚመጣ ራስ ምታት እንዴት ልከላከል እችላለሁ?,የሚያዝናኑ እና ሊያፍታቱህ የሚችሉ የተለያዩ እንቅስቃሴዎችን አድርግ፡፡ ,description,በጭንቀት ምክንያት የሚመጣ ራስ ምታት እንዴት ልከላከል እችላለሁ?,የሚያዝናኑ እና ሊያፍታቱህ የሚችሉ የተለያዩ እንቅስቃሴዎችን አድርግ፡፡,description
በጭንቀት ምክንያት የሚመጣ ራስ ምታትን ምን አይነት መድሃኒቶችን በመጠቀም ህመሙን ልቀንስ እችላለሁ?,በተደጋጋሚ በወሰድካቸው ቁጥር መድሃኒቱ ላይ ያለህ ጥገኝነት እየጨመረ ይሄዳል፡፡ ከዛም አልፎ መውሰድ በምታቆምበት ጊዜ የሚነሳ አይነት ራስ ምታት ልታተርፍ ትችላለህ፡፡,description,በጭንቀት ምክንያት የሚመጣ ራስ ምታትን ምን አይነት መድሃኒቶችን በመጠቀም ህመሙን ልቀንስ እችላለሁ?,በተደጋጋሚ በወሰድካቸው ቁጥር መድሃኒቱ ላይ ያለህ ጥገኝነት እየጨመረ ይሄዳል፡፡ ከዛም አልፎ መውሰድ በምታቆምበት ጊዜ የሚነሳ አይነት ራስ ምታት ልታተርፍ ትችላለህ፡፡,description
ማይግሪን ከወንዶች ይልቅ ሴቶችን ስንት እጥፍ ያህል ያጠቃል?                                       ,በሦስት እጥፍ ,factoid,ማይግሪን ከወንዶች ይልቅ ሴቶችን ስንት እጥፍ ያህል ያጠቃል?,በሦስት እጥፍ,factoid
ለማይግሪን የሚያጋልጡ ምግቦችን ዘርዝር,ቀይ የወይን ጠጅ፣ቸኮሌት፣አይስክሬምና ሌሎች ቀዝቃዛ ምግቦች፣ካፌን,list,ለማይግሪን የሚያጋልጡ ምግቦችን ዘርዝር,ቀይ የወይን ጠጅ፣ቸኮሌት፣አይስክሬምና ሌሎች ቀዝቃዛ ምግቦች፣ካፌን,list
ራስ መሳት ማለት ምን ማለት ነዉ? , ራስ መሳት ማለት ድንገታዊ የሆነ መዝለፍልፍ እና ነፍስ ያለማወቅ ሲኖርና ወዲያዉኑ ሙሉ በሙሉ ሲመለስ እና መልሶ ሲነቃ ነዉ፡፡ ,definition,ራስ መሳት ማለት ምን ማለት ነዉ?,ራስ መሳት ማለት ድንገታዊ የሆነ መዝለፍልፍ እና ነፍስ ያለማወቅ ሲኖርና ወዲያዉኑ ሙሉ በሙሉ ሲመለስ እና መልሶ ሲነቃ ነዉ፡፡,definition
ራስ መሳትን ሊያመጡ ከሚችሉ ችግሮችን ዘርዝር,ራስ መሳትን ሊያመጡ ከሚችሉ ችግሮች ዉስጥ የደም ስኳር መጠን መቀነስ፣ ቶሎ ቶሎ መተንፈስ፣ የሚጥል ህመምና ሌሎችም ሁኔታዎች ሊሆኑ ይችላሉ፡፡,list,ራስ መሳትን ሊያመጡ ከሚችሉ ችግሮችን ዘርዝር,ራስ መሳትን ሊያመጡ ከሚችሉ ችግሮች ዉስጥ የደም ስኳር መጠን መቀነስ፣ ቶሎ ቶሎ መተንፈስ፣ የሚጥል ህመምና ሌሎችም ሁኔታዎች ሊሆኑ ይችላሉ፡፡,list
ራስ መሳትን መንስኤ ምንድን ነዉ?,ለተወሰነ ሰኮንድም ቢሆን በቂ ኦክሲጂን ያለዉ ደም ወደ አዕምሮያችን ሳይደርስ ቀርቶ ቢቋረጥ እራስን መሳት/ ሲንኮፕ ይከሰታል፡፡ ,description,ራስ መሳትን መንስኤ ምንድን ነዉ?,ለተወሰነ ሰኮንድም ቢሆን በቂ ኦክሲጂን ያለዉ ደም ወደ አዕምሮያችን ሳይደርስ ቀርቶ ቢቋረጥ እራስን መሳት/ ሲንኮፕ ይከሰታል፡፡,description
ራስ መሳትን ህክምናዉ ምንድን ነዉ?,በአጠቃላይ ሲታይ ለራስ መሳት/ሲንኮፕ ሊደረግ የሚችል ህክምና እንደ መሰረታዊ መንስኤዉ ይለያያል፡፡ ,description,ራስ መሳትን ህክምናዉ ምንድን ነዉ?,በአጠቃላይ ሲታይ ለራስ መሳት/ሲንኮፕ ሊደረግ የሚችል ህክምና እንደ መሰረታዊ መንስኤዉ ይለያያል፡፡,description
ከተቀመጡበት ወይም ከተኙበት ድንገት ሲነሱ ለራስ መሳት የሚጋለጡ ሰዎች መፍትሄዉ ምንድን ነዉ?,በሚነሱበት ወቅት ባንዴ ሳይሆን ቀስ በቀስና በዝግታ ,description,ከተቀመጡበት ወይም ከተኙበት ድንገት ሲነሱ ለራስ መሳት የሚጋለጡ ሰዎች መፍትሄዉ ምንድን ነዉ?,በሚነሱበት ወቅት ባንዴ ሳይሆን ቀስ በቀስና በዝግታ,description
ሽፈራው ማለት ምን ማለት ነዉ?,ሁሉም የተክሉ ክፍሎች ሥሩ፣ ልጡ፣ ግንዱ፣ ቅጠሉ፣ አበባውና የተፈለፈለው የህክምና እሴት አላቸው። ,definition,ሽፈራው ማለት ምን ማለት ነዉ?,ሁሉም የተክሉ ክፍሎች ሥሩ፣ ልጡ፣ ግንዱ፣ ቅጠሉ፣ አበባውና የተፈለፈለው የህክምና እሴት አላቸው።,definition
የሽፈራው ጥቅሞችን ዘርዝር,"የሰውነት መገጣጠሚያ ለሚያሳምም በሽታ፣ ለሆድ መታወክ፣ ለሪህ በሽታ የሽፈራው ዘር ዘይት ጠቃሚ ነው።

",list,የሽፈራው ጥቅሞችን ዘርዝር,የሰውነት መገጣጠሚያ ለሚያሳምም በሽታ፣ ለሆድ መታወክ፣ ለሪህ በሽታ የሽፈራው ዘር ዘይት ጠቃሚ ነው።,list
ቦምብ ወይም ማንኛው አይነት ፍንዳታ አደጋ ለመቀነስ ምን እናድርግ?,"የሥራ ቦታዎን፣ የትምህርት ቤትዎን እና የሚኖሩበት አከባቢ የአደጋ ጊዜ እርምጃዎችን ይወቁ።
",description,ቦምብ ወይም ማንኛው አይነት ፍንዳታ አደጋ ለመቀነስ ምን እናድርግ?,የሥራ ቦታዎን፣ የትምህርት ቤትዎን እና የሚኖሩበት አከባቢ የአደጋ ጊዜ እርምጃዎችን ይወቁ።,description
አንድ ሰው ቦምብ ሊያፈነዳ መሆኑን ከጠረጠርን ምን እናድርግ?,አከባቢውን በፍጥነት ለቀው ይሂዱ።,description,አንድ ሰው ቦምብ ሊያፈነዳ መሆኑን ከጠረጠርን ምን እናድርግ?,አከባቢውን በፍጥነት ለቀው ይሂዱ።,description
የቲቢ በሽታ ምንድን ነዉ?,ቲቢ ተላላፊ በሽታ ሲሆን በባህሪው ቀስ በቀስ እያለ እያደገ የሚሄድ በመሆኑ ድንገተኛና አጣዳፊ ከሚባሉት የበሽታ ዓይነቶች ክፍል የሚመደብ አይደለም፡፡ ,description,የቲቢ በሽታ ምንድን ነዉ?,ቲቢ ተላላፊ በሽታ ሲሆን በባህሪው ቀስ በቀስ እያለ እያደገ የሚሄድ በመሆኑ ድንገተኛና አጣዳፊ ከሚባሉት የበሽታ ዓይነቶች ክፍል የሚመደብ አይደለም፡፡,description
የቲቢ በሽታ መንስኤ ምንምን ነዉ?,"የቲቢ በሽታ መንስኤም በዓይን የማይታይ ረቂቅ ተህዋስ ወይም ጀርም፣በቂና የተመጣጠነ ምግብ አለማግኘት፣ በቂ የአየር ዝውውር በሌላቸው ክፍሎች ውስጥ ተፋፍጎ መኖር
",list,የቲቢ በሽታ መንስኤ ምንምን ነዉ?,የቲቢ በሽታ መንስኤም በዓይን የማይታይ ረቂቅ ተህዋስ ወይም ጀርም፣በቂና የተመጣጠነ ምግብ አለማግኘት፣ በቂ የአየር ዝውውር በሌላቸው ክፍሎች ውስጥ ተፋፍጎ መኖር,list
የቲቢ በሽታ መተላለፊያ መንገዶችን ዘርዝር,የቲቢ በሽታ በዋናነት የሚተላለፈው በሳንባ ቲቢ የተጠቃና ሕክምና ያልወሰደ በተለይም በአክታ ምርመራ የቲቢ በሽታ አምጪ ባክቴሪያ የተገኘበት ሕመምተኛ ሲስል፣ ሲያነጥስ፣ ሲነጋገር ወዘተ.,list,የቲቢ በሽታ መተላለፊያ መንገዶችን ዘርዝር,የቲቢ በሽታ በዋናነት የሚተላለፈው በሳንባ ቲቢ የተጠቃና ሕክምና ያልወሰደ በተለይም በአክታ ምርመራ የቲቢ በሽታ አምጪ ባክቴሪያ የተገኘበት ሕመምተኛ ሲስል፣ ሲያነጥስ፣ ሲነጋገር ወዘተ.,list
የቲቢ በሽታ ዓይነቶች ስንት ናቸዉ?,ሁለት- በሽታው የሚጠቃውን አካል መነሻ በማድረግ የሳንባ ቲቢ እና ከሳንባ ውጭ የሆነ የቲቢ በሽታ በመባል ይከፈላል፡፡ ,factoid,የቲቢ በሽታ ዓይነቶች ስንት ናቸዉ?,ሁለት- በሽታው የሚጠቃውን አካል መነሻ በማድረግ የሳንባ ቲቢ እና ከሳንባ ውጭ የሆነ የቲቢ በሽታ በመባል ይከፈላል፡፡,factoid
የቲቢ በሽታ ምልክቱ ምንድን ነዉ?,ሁለት ሳምንትና ከዚያ በላይ ለሆነ ጊዜ የዘለቀ ሳል ነው፡፡ ሳሉ አክታ ያለውና ደም የቀላቀለ ወይም ያልቀላቀለ ወይም ደረቅ ሊሆን ይችላል፡፡ ,description,የቲቢ በሽታ ምልክቱ ምንድን ነዉ?,ሁለት ሳምንትና ከዚያ በላይ ለሆነ ጊዜ የዘለቀ ሳል ነው፡፡ ሳሉ አክታ ያለውና ደም የቀላቀለ ወይም ያልቀላቀለ ወይም ደረቅ ሊሆን ይችላል፡፡,description
"ከቲቢ ሕሙማን ቤተሰብ ምን ይጠበቃል ?
","የቲቢ ታካሚ የታዘዙለትን መድኃኒቶች ሳያቋርጥ በመውሰድ ከበሽታው እንዲፈወስ ማበረታታትና መከታተል
",description,ከቲቢ ሕሙማን ቤተሰብ ምን ይጠበቃል ?,የቲቢ ታካሚ የታዘዙለትን መድኃኒቶች ሳያቋርጥ በመውሰድ ከበሽታው እንዲፈወስ ማበረታታትና መከታተል,description
"ከቲቢ ሕሙማን ደጋፊዎች ምን ይጠበቃል ?
","ከጤና ኤክስቴንሽን ሠራተኛዋ/ባለሙያዋ ትምህርትና ሙያዊ ድጋፍ ማግኘት
",description,ከቲቢ ሕሙማን ደጋፊዎች ምን ይጠበቃል ?,ከጤና ኤክስቴንሽን ሠራተኛዋ/ባለሙያዋ ትምህርትና ሙያዊ ድጋፍ ማግኘት,description
መዳኒቶችን የተለማመደ ቲቢ በሽታ ማለት ምን ማለት ነወ? ,መዳኒቶችን  የተለማመደ ቲቢ በሽታ ማለት ቲቢን ለማከም ተብሎ ለሚሰጡ መዳኒቶች ለውጥ ሳያመጣ ሲቀር ነው ፡፡ ,definition,መዳኒቶችን የተለማመደ ቲቢ በሽታ ማለት ምን ማለት ነወ?,መዳኒቶችን  የተለማመደ ቲቢ በሽታ ማለት ቲቢን ለማከም ተብሎ ለሚሰጡ መዳኒቶች ለውጥ ሳያመጣ ሲቀር ነው ፡፡,definition
መዳኒቶችን የተለማመደ ቲቢ በሽታ መንስኤ ምንምን ነዉ?,"የመሻል ስሜት ሲሰማን የታዘዘልንን መዳኒት ማቆረጥ፣መዳኒትን በአግባቡ አለመውሰድ፣አስፈላጊውን ህክምና በአግባቡ አለማድረግ 
",list,መዳኒቶችን የተለማመደ ቲቢ በሽታ መንስኤ ምንምን ነዉ?,የመሻል ስሜት ሲሰማን የታዘዘልንን መዳኒት ማቆረጥ፣መዳኒትን በአግባቡ አለመውሰድ፣አስፈላጊውን ህክምና በአግባቡ አለማድረግ,list
መዳኒቶችን የተለማመደ ቲቢ በሽታ ምልክቱ ምንምን ነዉ?,"የድካም ስሜት፣ማሳል፣የደረት አካባቢ ህመም፣የሰውነት  ክብደት መቀነስ 
",list,መዳኒቶችን የተለማመደ ቲቢ በሽታ ምልክቱ ምንምን ነዉ?,የድካም ስሜት፣ማሳል፣የደረት አካባቢ ህመም፣የሰውነት  ክብደት መቀነስ,list
መዳኒቶችን የተለማመደ ቲቢ በሽታ ህክምናዉ ምንድን ነዉ?,"ህክምናውን በሚገባ ማድረግ፣ለቲቢ ተብለው የታዘዘልንን መዳኒት በአግባቡ መውሰድ
",description,መዳኒቶችን የተለማመደ ቲቢ በሽታ ህክምናዉ ምንድን ነዉ?,ህክምናውን በሚገባ ማድረግ፣ለቲቢ ተብለው የታዘዘልንን መዳኒት በአግባቡ መውሰድ,description
መዳኒቶችን የተለማመደ ቲቢ በሽታ መከላከያዉ ምንድን ነዉ?,የበሽታ የመከላከል አቅማችንን ማጎልበት,description,መዳኒቶችን የተለማመደ ቲቢ በሽታ መከላከያዉ ምንድን ነዉ?,የበሽታ የመከላከል አቅማችንን ማጎልበት,description
የአልኮል ጉዳቶችን ዘርዝር,የአዕምሮ መመሳቀል፣ የስኳር እና ጉበት በሽታ፣ ሱስኝነት እና መሰል ጉዳቶች አልኮልን ከማዘውተር የተነሳ የሚከሰቱ የጤና እክሎች ናቸው። ,list,የአልኮል ጉዳቶችን ዘርዝር,የአዕምሮ መመሳቀል፣ የስኳር እና ጉበት በሽታ፣ ሱስኝነት እና መሰል ጉዳቶች አልኮልን ከማዘውተር የተነሳ የሚከሰቱ የጤና እክሎች ናቸው።,list
አስም ምንድን ነዉ?,አስም የመተንፈሻ አካላት በሽታ ሲሆን የአየር ቧንቧዎች መጥበብን በማስከተል በአተነፋፈስ ላይ ችግር ያመጣል፡፡,description,አስም ምንድን ነዉ?,አስም የመተንፈሻ አካላት በሽታ ሲሆን የአየር ቧንቧዎች መጥበብን በማስከተል በአተነፋፈስ ላይ ችግር ያመጣል፡፡,description
አስም ምልክቱ ምንምን ነዉ?,ረዘም ላለ ጊዜ የቆየ ሳል፤ አየር ማጠርና በሚተነፍሱበት ጊዜ የሚሰማ ሲር ሲር የሚል ድምፅ ዋነኞቹ የአስም መገለጫ ምልክቶች ናቸው፡፡ ,list,አስም ምልክቱ ምንምን ነዉ?,ረዘም ላለ ጊዜ የቆየ ሳል፤ አየር ማጠርና በሚተነፍሱበት ጊዜ የሚሰማ ሲር ሲር የሚል ድምፅ ዋነኞቹ የአስም መገለጫ ምልክቶች ናቸው፡፡,list
አስም መንስኤ ምንድን ነዉ?,ሲጋራ ማጨስ እና ሌሎች ኬሚካሎችም አስምን ሊያስከስቱ ይችላሉ፡፡ ,description,አስም መንስኤ ምንድን ነዉ?,ሲጋራ ማጨስ እና ሌሎች ኬሚካሎችም አስምን ሊያስከስቱ ይችላሉ፡፡,description
አስምን የሚያስነሱ አሊያም የሚያባብሱ ነግሮችን ዘርዝር,ሽቶ፣ ሳቅ፣ የአየር ለውጥ ፣ ሙቀት እና ጭንቀት ህመሙን ያባብስባቸዋል፡፡,list,አስምን የሚያስነሱ አሊያም የሚያባብሱ ነግሮችን ዘርዝር,ሽቶ፣ ሳቅ፣ የአየር ለውጥ ፣ ሙቀት እና ጭንቀት ህመሙን ያባብስባቸዋል፡፡,list
የአስም ህመምተኛ ሰው እራሱን እንዴት ሊንከባከብ ይችላል?,ቪታሚን ሲ እና ቪታሚን ኤን የያዙ ምግቦችን ለምሳሌ ፍራፍሬ እና አትክልትን ፣ቲማቲም፣ ቃሪያ፣ ጥቅል ጎመን መመገብ,description,የአስም ህመምተኛ ሰው እራሱን እንዴት ሊንከባከብ ይችላል?,ቪታሚን ሲ እና ቪታሚን ኤን የያዙ ምግቦችን ለምሳሌ ፍራፍሬ እና አትክልትን ፣ቲማቲም፣ ቃሪያ፣ ጥቅል ጎመን መመገብ,description
አስምን የሚያስነሱ አለርጅዎችን ዘርዝር,"ጉንፋን፣የሲጋራና የማገዶ ጭስ፣የአየር ብክለት አቧራ፣ቅዝቃዜ ወይም የአየር መለዋወጥ
",list,አስምን የሚያስነሱ አለርጅዎችን ዘርዝር,ጉንፋን፣የሲጋራና የማገዶ ጭስ፣የአየር ብክለት አቧራ፣ቅዝቃዜ ወይም የአየር መለዋወጥ,list
የአስም መድሃኒቶች በስንት ይከፈላሉ?,"በሁለት- ቋሚ የረጅም ጊዜ አስም መቆጣጠሪያ መድሃኒቶች፣ጊዜያዊ ማስታገሻ መድሃኒቶች
",factoid,የአስም መድሃኒቶች በስንት ይከፈላሉ?,በሁለት- ቋሚ የረጅም ጊዜ አስም መቆጣጠሪያ መድሃኒቶች፣ጊዜያዊ ማስታገሻ መድሃኒቶች,factoid
ቋሚ የረጅም ጊዜ አስም መቆጣጠሪያ መድሃኒቶችን ዘርዝር,የአየር ቧንቧዎች ከመቆጣትና ከማበጥ ይከላከላሉ፣ ይቀንሳሉ፡፡ ,list,ቋሚ የረጅም ጊዜ አስም መቆጣጠሪያ መድሃኒቶችን ዘርዝር,የአየር ቧንቧዎች ከመቆጣትና ከማበጥ ይከላከላሉ፣ ይቀንሳሉ፡፡,list
ጊዜያዊ ማስታገሻ መድሃኒቶችን ዘርዝር,"የአስም ምልክቶች በከፍተኛና አደገኛ ደረጃ ሲሆን የትንፋሽ ማጠር ለመቆጣጠር የሚረዱ መድሃኒቶች ናቸው፡፡
",list,ጊዜያዊ ማስታገሻ መድሃኒቶችን ዘርዝር,የአስም ምልክቶች በከፍተኛና አደገኛ ደረጃ ሲሆን የትንፋሽ ማጠር ለመቆጣጠር የሚረዱ መድሃኒቶች ናቸው፡፡,list
የአስም መባባስ ምልክቶችን ዘርዝር,"ጠቋሚ ምልክቶችን መገንዘብ የስፈልጋል፣የደረት መወጠር፣ትንፋሽ ማጠር፣ሌሊት ከእንቅልፍ መንቃት
",list,የአስም መባባስ ምልክቶችን ዘርዝር,ጠቋሚ ምልክቶችን መገንዘብ የስፈልጋል፣የደረት መወጠር፣ትንፋሽ ማጠር፣ሌሊት ከእንቅልፍ መንቃት,list
አደገኛ የአስም መባባስ ምልክቶች ዘርዝር,"በሚገባ ለመናገር ያለመቻል፣በሚገባ መራመድ ያለመቻል፣አየር ፍለጋ ማጣጣር
",list,አደገኛ የአስም መባባስ ምልክቶች ዘርዝር,በሚገባ ለመናገር ያለመቻል፣በሚገባ መራመድ ያለመቻል፣አየር ፍለጋ ማጣጣር,list
